player_id,player_name,season,position,ppg,par
00-0034844,S.Barkley,2024,RB,20.90000107709099,17.176471710205078
00-0039139,J.Gibbs,2024,RB,20.87647022920496,17.152940862319046
00-0038542,B.Robinson,2024,RB,20.100000718060663,16.37647135117475
00-0036900,J.Chase,2024,WR,23.705882352941178,16.347058913286997
00-0032764,D.Henry,2024,RB,19.78823493508732,16.064705568201408
00-0034796,L.Jackson,2024,QB,25.31647087545956,15.152941535500922
00-0039040,D.Achane,2024,RB,17.641176111557904,13.91764674467199
00-0035700,J.Jacobs,2024,RB,17.241176829618567,13.517647462732652
00-0037840,K.Williams,2024,RB,16.00588271197151,12.282353345085594
00-0037248,J.Cook,2024,RB,15.688236012178308,11.964706645292393
00-0033906,A.Kamara,2024,RB,15.605881634880514,11.8823522679946
00-0036442,J.Burrow,2024,QB,21.930588666130514,11.767059326171875
00-0034857,J.Allen,2024,QB,21.902352725758277,11.738823385799638
00-0034855,B.Mayfield,2024,QB,21.517646340762862,11.354117000804223
00-0036322,J.Jefferson,2024,WR,18.67529476390165,11.31647132424747
00-0038597,C.Brown,2024,RB,15.0,11.276470633114085
00-0036963,A.St. Brown,2024,WR,18.59882309857537,11.239999658921189
00-0033553,J.Conner,2024,RB,14.929411944221048,11.205882577335133
00-0039338,B.Bowers,2024,TE,15.45294189453125,11.14705972110524
00-0036223,J.Taylor,2024,RB,14.511764526367188,10.788235159481273
00-0039910,J.Daniels,2024,QB,20.930588666130514,10.767059326171875
00-0039361,B.Irving,2024,RB,14.376470229204964,10.65294086231905
00-0033293,A.Jones,2024,RB,14.211765064912685,10.48823569802677
00-0036555,C.Hubbard,2024,RB,14.211765064912685,10.48823569802677
00-0038120,B.Hall,2024,RB,14.170587876263786,10.447058509377872
00-0033897,J.Mixon,2024,RB,14.147058823529411,10.423529456643497
00-0037744,T.McBride,2024,TE,14.3411766501034,10.03529447667739
00-0033288,G.Kittle,2024,TE,13.91764741785386,9.61176524442785
00-0039893,B.Thomas,2024,WR,16.705882352941178,9.347058913286997
00-0035685,D.Montgomery,2024,RB,13.042353012982536,9.318823646096622
00-0037238,D.London,2024,WR,16.517646340762866,9.158822901108685
00-0033106,J.Goff,2024,QB,19.085881850298712,8.922352510340072
00-0036275,D.Swift,2024,RB,12.617647058823527,8.894117691937613
00-0033858,J.Smith,2024,TE,13.07647076775046,8.770588594324447
00-0039337,M.Nabers,2024,WR,16.094118006089154,8.735294566434973
00-0039732,B.Nix,2024,QB,18.658824247472428,8.495294907513788
00-0035659,T.McLaurin,2024,WR,15.752940458409926,8.394117018755743
00-0036389,J.Hurts,2024,QB,18.53647030101103,8.37294096105239
00-0036893,N.Harris,2024,RB,12.03529447667739,8.311765109791475
00-0036358,C.Lamb,2024,WR,15.494117288028493,8.13529384837431
00-0035261,T.Pollard,2024,RB,11.805882173426012,8.082352806540097
00-0037256,R.White,2024,RB,11.741176829618569,8.017647462732654
00-0034869,S.Darnold,2024,QB,18.1152936150046,7.95176427504596
00-0036139,R.Dowdle,2024,RB,11.635294297162224,7.911764930276309
00-0036158,J.Dobbins,2024,RB,11.282353120691637,7.558823753805722
00-0038543,J.Smith-Njigba,2024,WR,14.882352941176473,7.523529501522291
00-0037740,G.Wilson,2024,WR,14.8176466997932,7.458823260139018
00-0035228,K.Murray,2024,QB,17.484705307904413,7.3211759679457735
00-0030506,T.Kelce,2024,TE,11.494117288028493,7.188235114602482
00-0039165,Z.Charbonnet,2024,RB,10.805882173426012,7.082352806540097
00-0039384,T.Tracy,2024,RB,10.72352959127987,7.000000224393956
00-0038134,K.Walker,2024,RB,10.6588233498966,6.935293983010686
00-0031381,D.Adams,2024,WR,14.194117826573988,6.835294386919807
00-0036407,J.Jeudy,2024,WR,14.170587876263786,6.811764436609605
00-0039915,L.McConkey,2024,WR,14.170587876263786,6.811764436609605
00-0034753,M.Andrews,2024,TE,11.10588253245634,6.800000359030329
00-0031408,M.Evans,2024,WR,14.141176111557904,6.782352671903722
00-0034348,C.Sutton,2024,WR,14.135294297162224,6.776470857508042
00-0034827,D.Moore,2024,WR,14.005882711971507,6.647059272317326
00-0036355,J.Herbert,2024,QB,16.788234935087317,6.6247055951286775
00-0036875,R.Stevenson,2024,RB,10.347058464499082,6.623529097613167
00-0033873,P.Mahomes,2024,QB,16.648234647863053,6.484705307904413
00-0030061,Z.Ertz,2024,TE,10.435293758616728,6.129411585190717
00-0039065,S.LaPorta,2024,TE,10.27058859432445,5.964706420898438
00-0036410,T.Higgins,2024,WR,13.064705343807445,5.705881904153263
00-0037746,B.Robinson,2024,RB,9.400000179515166,5.676470812629251
00-0036894,P.Freiermuth,2024,TE,9.900000179515166,5.594118006089155
00-0036997,J.Williams,2024,RB,9.288234935087315,5.564705568201401
00-0037834,B.Purdy,2024,QB,15.69764799230239,5.53411865234375
00-0030565,G.Smith,2024,QB,15.647058823529411,5.483529483570772
00-0033040,T.Hill,2024,WR,12.835293938131894,5.476470498477712
00-0034960,J.Meyers,2024,WR,12.823529411764708,5.464705972110527
00-0033923,K.Hunt,2024,RB,9.141176111557904,5.417646744671989
00-0035676,A.Brown,2024,WR,12.758823170381431,5.39999973072725
00-0038996,T.Kraft,2024,TE,9.60588253245634,5.300000359030329
00-0038994,J.Addison,2024,WR,12.5,5.141176560345818
00-0037240,J.Williams,2024,WR,12.482352761661303,5.123529322007122
00-0036554,N.Collins,2024,WR,12.388235653147978,5.029412213493797
00-0036259,J.Jennings,2024,WR,12.382352941176473,5.023529501522291
00-0039064,Z.Flowers,2024,WR,12.323529411764708,4.964705972110527
00-0023459,A.Rodgers,2024,QB,15.09294038660386,4.929411046645221
00-0039918,C.Williams,2024,QB,14.972940781537224,4.809411441578584
00-0039075,P.Nacua,2024,WR,12.152941535500918,4.794118095846737
00-0033885,D.Njoku,2024,TE,8.735294117647058,4.429411944221047
00-0036912,D.Smith,2024,WR,11.72941140567555,4.370587966021369
00-0034837,C.Ridley,2024,WR,11.717646879308363,4.358823439654182
00-0034972,A.Mattison,2024,RB,8.08235258214614,4.358823215260225
00-0033090,H.Henry,2024,TE,8.552940817440257,4.247058644014246
00-0039146,J.Reed,2024,WR,11.588235294117649,4.229411854463467
00-0039849,M.Harrison,2024,WR,11.558823529411764,4.200000089757583
00-0037267,J.Ford,2024,RB,7.882352941176471,4.158823574290556
00-0033699,A.Ekeler,2024,RB,7.782353120691636,4.058823753805722
00-0034829,M.Gesicki,2024,TE,8.323529411764707,4.017647238338696
00-0036309,D.Mooney,2024,WR,11.364705702837776,4.005882263183595
00-0038129,C.Otton,2024,TE,8.27058859432445,3.9647064208984384
00-0036973,T.Etienne,2024,RB,7.6588233498966,3.9352939830106854
00-0035640,D.Metcalf,2024,WR,11.247058644014244,3.888235204360062
00-0038555,T.Bigsby,2024,RB,7.588235294117647,3.8647059272317326
00-0034975,J.Hill,2024,RB,7.476470498477711,3.7529411315917964
00-0039894,X.Worthy,2024,WR,11.011764526367188,3.652941086713006
00-0032104,A.Abdullah,2024,RB,7.364705702837775,3.641176335951861
00-0036264,J.Love,2024,QB,13.756470624138329,3.5929412841796893
00-0037228,J.Warren,2024,RB,7.299999910242417,3.576470543356503
00-0030279,K.Allen,2024,WR,10.847058464499082,3.4882350248449
00-0036970,K.Pitts,2024,TE,7.717646879308364,3.4117647058823533
00-0038117,W.Robinson,2024,WR,10.747058644014244,3.388235204360062
00-0037261,K.Shakir,2024,WR,10.735294117647058,3.3764706779928764
00-0038997,J.Downs,2024,WR,10.717646879308363,3.3588234396541816
00-0039875,R.Davis,2024,RB,6.829411674948299,3.105882308062385
00-0037525,J.Mason,2024,RB,6.764705882352941,3.041176515467027
00-0037838,I.Likely,2024,TE,7.276470408720129,2.9705882352941178
00-0039032,T.Spears,2024,RB,6.682352851418888,2.958823484532974
00-0033908,C.Kupp,2024,WR,10.294117647058824,2.9352942074046426
00-0036040,J.Johnson,2024,TE,7.223529591279871,2.9176474178538605
00-0038544,Q.Johnston,2024,WR,10.27647040872013,2.917646969065948
00-0036550,R.Bateman,2024,WR,10.27058859432445,2.9117651546702676
00-0034270,T.Conklin,2024,TE,7.170588325051701,2.8647061516256898
00-0039163,C.Stroud,2024,QB,12.963529698988973,2.8000003590303333
00-0036290,C.Kmet,2024,TE,7.082353030934053,2.776470857508042
00-0034383,D.Schultz,2024,TE,6.9529414457433365,2.6470592723173256
00-0037263,T.Allgeier,2024,RB,6.247058644014246,2.523529277128332
00-0026498,M.Stafford,2024,QB,12.62235304888557,2.4588237089269303
00-0036252,M.Pittman,2024,WR,9.752941355985756,2.3941179163315747
00-0037809,C.Okonkwo,2024,TE,6.682352851418888,2.3764706779928773
00-0036637,N.Gray,2024,TE,6.664706061868107,2.358823888442096
00-0036328,A.Gibson,2024,RB,6.082353030934053,2.358823664048139
00-0037247,G.Pickens,2024,WR,9.670587876263786,2.3117644366096046
00-0034159,W.Dissly,2024,TE,6.476470498477712,2.1705883250517015
00-0037664,A.Pierce,2024,WR,9.494117288028493,2.135293848374311
00-0032392,A.Hooper,2024,TE,6.388235204360065,2.082353030934054
00-0038794,J.McLaughlin,2024,RB,5.717646879308364,1.99411751242245
00-0035250,D.Singletary,2024,RB,5.682352851418888,1.958823484532974
00-0039363,I.Guerendo,2024,RB,5.6588233498966,1.9352939830106854
00-0038797,E.Wilson,2024,RB,5.647058823529412,1.923529456643498
00-0038041,J.Ferguson,2024,TE,6.141176560345818,1.8352943869198075
00-0035644,N.Fant,2024,TE,6.117647058823529,1.8117648853975181
00-0035719,D.Samuel,2024,WR,9.152941535500918,1.7941180958467369
00-0034351,D.Goedert,2024,TE,6.0941175573012405,1.7882353838752296
00-0034981,F.Moreau,2024,TE,6.076470767750459,1.7705885943244484
00-0036414,C.Akers,2024,RB,5.482352761661305,1.758823394775391
00-0033357,T.Hill,2024,TE,6.019999784581802,1.7141176111557908
00-0035537,T.Johnson,2024,RB,5.3941174675436585,1.6705881006577443
00-0038933,D.Kincaid,2024,TE,5.929411944221048,1.6235297707950371
00-0037666,J.Tolbert,2024,WR,8.941176470588236,1.5823530309340539
00-0036613,J.Waddle,2024,WR,8.800000359030332,1.44117691937615
00-0038621,D.Douglas,2024,WR,8.688235114602481,1.3294116749482994
00-0039150,B.Young,2024,QB,11.471764957203584,1.3082356172449447
00-0039794,B.Allen,2024,RB,5.011764975155101,1.2882356082691868
00-0030564,D.Hopkins,2024,WR,8.647058823529411,1.2882353838752296
00-0039919,R.Odunze,2024,WR,8.523529052734375,1.1647056130801934
00-0036251,Z.Moss,2024,RB,4.817647148581112,1.0941177816951977
00-0033526,S.Perine,2024,RB,4.78823538387523,1.0647060169893154
00-0038935,B.Strange,2024,TE,5.358823439654182,1.0529412662281707
00-0034364,J.Akins,2024,TE,5.352941176470588,1.047059003044577
00-0034407,R.McCloud,2024,WR,8.382352941176471,1.0235295015222894
00-0033881,E.Engram,2024,TE,5.264705882352941,0.9588237089269303
00-0038977,T.Dell,2024,WR,8.235294117647058,0.8764706779928764
00-0030035,A.Thielen,2024,WR,8.205882352941176,0.8470589132869941
00-0039021,R.Johnson,2024,RB,4.552941266228171,0.8294118993422566
00-0035243,M.Sanders,2024,RB,4.547059003044577,0.8235296361586628
00-0035229,T.Hockenson,2024,TE,5.088235294117647,0.7823531206916359
00-0033921,C.Godwin,2024,WR,8.105882532456341,0.7470590928021599
00-0036182,N.Westbrook-Ikhine,2024,WR,7.982352761661305,0.6235293220071236
00-0039855,J.McMillan,2024,WR,7.96470552332261,0.605882083668428
00-0036212,T.Tagovailoa,2024,QB,10.681176578297334,0.5176472383386947
00-0031687,R.Mostert,2024,RB,4.170588325051701,0.44705895816578645
00-0037816,R.Doubs,2024,WR,7.770588594324448,0.41176515467026675
00-0038951,S.Tucker,2024,RB,4.04117629107307,0.31764692418715557
00-0039793,A.Barner,2024,TE,4.617647058823529,0.3117648853975181
00-0038976,M.Mims,2024,WR,7.617647058823529,0.2588236191693474
00-0039851,D.Maye,2024,QB,10.419999964096966,0.256470624138327
00-0038563,T.Tucker,2024,WR,7.605882532456341,0.24705909280215899
00-0029604,K.Cousins,2024,QB,10.37176513671875,0.2082357967601105
00-0034521,A.Lazard,2024,WR,7.411764705882353,0.052941266228171635
00-0034184,G.Edwards,2024,RB,3.770588145536535,0.04705877865062069
00-0033955,J.McNichols,2024,RB,3.752941131591797,0.029411764705882693
00-0029263,R.Wilson,2024,QB,10.16352933995864,0.0
00-0034791,N.Chubb,2024,RB,3.723529366885914,0.0
00-0039342,X.Legette,2024,WR,7.358823439654182,0.0
00-0039356,J.Sanders,2024,TE,4.305882173426011,0.0
00-0038559,M.Wilson,2024,WR,7.323529411764706,-0.035294027889476
00-0036919,K.Gainwell,2024,RB,3.682352851418888,-0.041176515467026054
00-0032775,D.Robinson,2024,WR,7.264705882352941,-0.0941175573012405
00-0031544,A.Cooper,2024,WR,7.217647328096278,-0.141176111557904
00-0031588,S.Diggs,2024,WR,7.171764598173254,-0.187058841480928
00-0038608,K.Boutte,2024,WR,7.170588325051701,-0.188235114602481
00-0032211,T.Lockett,2024,WR,7.117647058823529,-0.24117638083065263
00-0036980,E.Moore,2024,WR,7.111764795639935,-0.24705864401424638
00-0037837,C.Austin,2024,WR,7.105882083668428,-0.2529413559857536
00-0039847,T.Johnson,2024,TE,4.005882263183594,-0.2999999102424171
00-0038619,A.Iosivas,2024,WR,7.052941266228171,-0.3058821734260109
00-0033045,E.Elliott,2024,RB,3.3823529411764706,-0.3411764257094436
00-0037197,I.Pacheco,2024,RB,3.347058688893038,-0.37647067799287637
00-0033854,D.Ogunbowale,2024,RB,3.294117647058824,-0.42941171982709037
00-0035249,J.Oliver,2024,TE,3.870588414809283,-0.4352937586167278
00-0036244,C.Parkinson,2024,TE,3.8470589132869946,-0.4588232601390163
00-0038705,E.Demercado,2024,RB,3.217647103702321,-0.5058822631835933
00-0039164,A.Richardson,2024,QB,9.609411800608916,-0.5541175393497237
00-0036984,T.Sermon,2024,RB,3.1647058374741497,-0.5588235294117645
00-0035208,O.Zaccheaus,2024,WR,6.729411854463465,-0.6294115851907165
00-0038589,J.Whyle,2024,TE,3.576470543356503,-0.7294116300695079
00-0037086,G.Calcaterra,2024,TE,3.517647013944738,-0.7882351594812729
00-0039901,K.Coleman,2024,WR,6.5588235294117645,-0.7999999102424171
00-0035689,D.Knox,2024,TE,3.4764704984777115,-0.8294116749482994
00-0039373,A.Estime,2024,RB,2.864705927231733,-0.8588234396541812
00-0038393,D.Wicks,2024,WR,6.5,-0.8588234396541816
00-0035535,D.Slayton,2024,WR,6.470588235294118,-0.8882352043600639
00-0033280,C.McCaffrey,2024,RB,2.8117648853975186,-0.9117644814883956
00-0038547,L.Schoonmaker,2024,TE,3.358823664048139,-0.9470585093778721
00-0039921,T.Benson,2024,RB,2.764705882352941,-0.9588234845329731
00-0037005,T.Tremble,2024,TE,3.3176471485811123,-0.9882350248448986
00-0039798,I.Davis,2024,RB,2.700000089757583,-1.0235292771283313
00-0036988,J.Palmer,2024,WR,6.317647148581112,-1.0411762910730697
00-0039424,D.Vele,2024,WR,6.264705882352941,-1.0941175573012405
00-0037120,T.Goodson,2024,RB,2.611764795639936,-1.111764571245978
00-0037258,D.Pierce,2024,RB,2.5588235294117645,-1.1647058374741497
00-0038124,C.Watson,2024,WR,6.194117377786076,-1.164706061868106
00-0037291,J.Nailor,2024,WR,6.176470588235294,-1.1823528514188872
00-0037801,K.Turpin,2024,WR,6.1294115851907165,-1.2294118544634651
00-0038685,C.Brooks,2024,RB,2.482352986055262,-1.2411763808306522
00-0031280,D.Carr,2024,QB,8.876470229204964,-1.2870591107536757
00-0039041,E.Higgins,2024,TE,2.894117691937615,-1.411764481488396
00-0032394,N.Vannett,2024,TE,2.8529411764705883,-1.4529409969554226
00-0030578,C.Patterson,2024,RB,2.2058823529411766,-1.5176470139447376
00-0033948,J.Williams,2024,RB,2.182353075812845,-1.5411762910730693
00-0036849,T.Atwell,2024,WR,5.817647148581112,-1.5411762910730697
00-0033555,M.Hollins,2024,WR,5.811764885397518,-1.5470585542566635
00-0036971,T.Lawrence,2024,QB,8.570588055778952,-1.5929412841796875
00-0035628,D.Johnson,2024,RB,2.111764795639936,-1.611764571245978
00-0036924,M.Carter,2024,RB,2.105882308062385,-1.617647058823529
00-0033246,J.Mundt,2024,TE,2.658823574290556,-1.647058599135455
00-0038098,P.Strong,2024,RB,2.070588280172909,-1.652941086713005
00-0038606,P.Washington,2024,WR,5.705882352941177,-1.652941086713005
00-0038558,D.Washington,2024,TE,2.647058823529412,-1.6588233498965987
00-0036422,A.Trautman,2024,TE,2.57647076775046,-1.7294114056755507
00-0038783,N.Adkins,2024,TE,2.5588235294117645,-1.7470586440142464
00-0039738,B.Corum,2024,RB,1.9705882352941175,-1.7529411315917967
00-0037617,H.Haskins,2024,RB,1.929411719827091,-1.7941176470588232
00-0039391,K.Vidal,2024,RB,1.9235294566434973,-1.799999910242417
00-0033925,D.Foreman,2024,RB,1.9176469690659468,-1.8058823978199674
00-0039916,R.Pearsall,2024,WR,5.5,-1.8588234396541816
00-0036906,K.Herbert,2024,RB,1.8529411764705883,-1.8705881904153259
00-0038611,C.Rodriguez,2024,RB,1.8529411764705883,-1.8705881904153259
00-0039491,J.Coker,2024,WR,5.444705738740809,-1.9141177009133727
00-0033375,T.Patrick,2024,WR,5.435294207404642,-1.9235292322495399
00-0035973,P.Taylor,2024,RB,1.7529411315917969,-1.9705882352941173
00-0038040,Z.White,2024,RB,1.7235293668859146,-1.9999999999999996
00-0038551,K.Miller,2024,RB,1.7117646161247702,-2.0117647507611442
00-0035806,J.Hasty,2024,RB,1.6941176021800322,-2.0294117647058822
00-0034613,T.Hudson,2024,TE,2.264705882352941,-2.0411762910730697
00-0035500,G.Dortch,2024,WR,5.311764885397518,-2.0470585542566635
00-0037276,T.Chandler,2024,RB,1.670588212854722,-2.052941154031192
00-0035216,D.Johnson,2024,WR,5.241176380830653,-2.117647058823529
00-0037509,S.McCormick,2024,RB,1.6000000448787914,-2.1235293220071227
00-0039874,J.Wright,2024,RB,1.570588280172909,-2.152941086713005
00-0039066,M.Mayer,2024,TE,2.152941086713005,-2.152941086713006
00-0035631,D.Sample,2024,TE,2.147058823529412,-2.1588233498965987
00-0038678,J.Mims,2024,RB,1.5352941400864546,-2.18823522679946
00-0039814,E.All,2024,TE,2.105882308062385,-2.1999998653636257
00-0035710,D.Jones,2024,QB,7.95882370892693,-2.2047056310317092
00-0036754,B.Wright,2024,TE,2.0588235294117645,-2.2470586440142464
00-0037475,S.Smartt,2024,TE,2.04705877865062,-2.258823394775391
00-0039050,P.Durham,2024,TE,2.0294117647058822,-2.2764704087201286
00-0033591,N.Brown,2024,WR,5.076470767750459,-2.2823526719037224
00-0039359,C.Stover,2024,TE,2.017647013944738,-2.288235159481273
00-0037539,L.Krull,2024,TE,2.011764750761144,-2.294117422664867
00-0039325,C.Steele,2024,RB,1.405882330501781,-2.317647036384133
00-0033589,D.Moore,2024,WR,5.005882263183594,-2.352941176470588
00-0033217,M.Alie-Cox,2024,TE,1.9235294566434973,-2.3823527167825134
00-0034272,M.Valdes-Scantling,2024,WR,4.970588235294118,-2.388235204360064
00-0038636,K.McIntosh,2024,RB,1.3176470363841335,-2.4058823305017807
00-0036876,K.Granson,2024,TE,1.8941176919376148,-2.411764481488396
00-0031503,J.Winston,2024,QB,7.714117611155791,-2.4494117288028487
00-0036425,D.Dallas,2024,RB,1.2352941176470589,-2.4882352492388553
00-0035567,C.Reynolds,2024,RB,1.2294117422664868,-2.4941176246194274
00-0037545,R.Shaheed,2024,WR,4.811764885397518,-2.5470585542566635
00-0038396,E.Gray,2024,RB,1.1352940727682674,-2.5882352941176467
00-0037805,J.Ruckert,2024,TE,1.6764705882352942,-2.6294115851907165
00-0038979,C.Tillman,2024,WR,4.729411854463465,-2.6294115851907165
00-0032385,S.Shepard,2024,WR,4.723529591279871,-2.6352938483743102
00-0038046,C.Kolar,2024,TE,1.66470583747415,-2.6411763359518607
00-0037557,R.Rivers,2024,RB,1.0764705433565027,-2.6470588235294112
00-0033576,E.Saubert,2024,TE,1.5705881679759306,-2.73529400545008
00-0033110,T.Higbee,2024,TE,1.5647059047923368,-2.741176268633674
00-0038115,D.Bellinger,2024,TE,1.5588235294117647,-2.7470586440142464
00-0033009,T.Boyd,2024,WR,4.6058825324563415,-2.75294090719784
00-0037292,A.Ogletree,2024,TE,1.52352938932531,-2.782352784100701
00-0039746,W.Shipley,2024,RB,0.923529400545008,-2.799999966340906
00-0037239,C.Olave,2024,WR,4.511764975155101,-2.8470584644990806
00-0037594,J.Chestnut,2024,RB,0.7823529523961684,-2.9411764144897456
00-0038720,J.Hill,2024,TE,1.2941176470588236,-3.0117645263671875
00-0038622,D.Vaughn,2024,RB,0.6941176582785213,-3.029411708607393
00-0035860,T.Jones,2024,RB,0.6764705882352942,-3.0470587786506202
00-0034115,J.Wilson,2024,RB,0.6235293781056124,-3.0999999887803016
00-0039152,W.Levis,2024,QB,7.055294261259191,-3.1082350786994484
00-0036360,C.Edwards-Helaire,2024,RB,0.5882352941176471,-3.135294072768267
00-0036945,J.Fields,2024,QB,7.008235258214614,-3.1552940817440254
00-0037085,T.Badie,2024,RB,0.5529412101296818,-3.1705881567562324
00-0034775,C.Kirk,2024,WR,4.170588325051701,-3.188235114602481
00-0037004,H.Long,2024,TE,1.1176470588235294,-3.1882351146024814
00-0036887,L.Farrell,2024,TE,1.099999932681813,-3.205882240744198
00-0039364,S.Vaki,2024,RB,0.4764706106746898,-3.2470587562112243
00-0037429,R.Blackshear,2024,RB,0.4705882352941176,-3.2529411315917964
00-0039530,B.Spann-Ford,2024,TE,1.0470587786506205,-3.2588233947753906
00-0031236,B.Cooks,2024,WR,4.0941175573012405,-3.264705882352941
00-0036232,H.Bryant,2024,TE,1.0352941400864546,-3.270588033339556
00-0039344,J.Brooks,2024,RB,0.4411764425389907,-3.2823529243469234
00-0038710,B.Whiteheart,2024,TE,1.005882375380572,-3.299999798045439
00-0033077,D.Prescott,2024,QB,6.854117898380055,-3.3094114415785842
00-0038454,K.Mitchell,2024,RB,0.4000000112196978,-3.323529355666216
00-0035594,T.Homer,2024,RB,0.3764705657958984,-3.3470588010900157
00-0036096,J.Taylor,2024,RB,0.3764705657958984,-3.3470588010900157
00-0031585,M.Pruitt,2024,TE,0.9411764705882352,-3.364705702837776
00-0037304,C.Heyward,2024,TE,0.9411764705882352,-3.364705702837776
00-0036842,K.Nwangwu,2024,RB,0.3529411764705882,-3.370588190415326
00-0034208,M.Boone,2024,RB,0.3470588291392606,-3.3764705377466537
00-0036510,K.Yeboah,2024,TE,0.9235294566434972,-3.382352716782514
00-0036626,D.Brown,2024,WR,3.964705972110524,-3.3941174675436576
00-0034830,H.Hurst,2024,TE,0.9000000112196979,-3.405882162206313
00-0039868,T.Franklin,2024,WR,3.947058733771829,-3.411764705882353
00-0039617,J.Kibodi,2024,RB,0.2882352997274959,-3.4352940671584182
00-0036590,Q.Morris,2024,TE,0.8588235518511604,-3.4470586215748504
00-0036628,J.Bates,2024,TE,0.8470588571885053,-3.4588233162375057
00-0034798,D.Smythe,2024,TE,0.841176425709444,-3.464705747716567
00-0036670,J.Jefferson,2024,RB,0.2470588123097139,-3.4764705545762005
00-0033893,D.Cook,2024,RB,0.2352941176470588,-3.4882352492388553
00-0039912,B.Sinnott,2024,TE,0.8117647171020508,-3.49411745632396
00-0039754,D.Culp,2024,TE,0.8117646610035616,-3.4941175124224495
00-0039573,B.Watson,2024,RB,0.194117644253899,-3.529411722632015
00-0039757,T.Jennings,2024,RB,0.194117644253899,-3.529411722632015
00-0033307,K.Bourne,2024,WR,3.8294116749483,-3.529411764705882
00-0039393,J.McClellan,2024,RB,0.1882352969225715,-3.5352940699633426
00-0039067,R.Rice,2024,WR,3.817647148581112,-3.5411762910730697
00-0039796,R.Ali,2024,RB,0.1823529355666216,-3.5411764313192924
00-0037745,V.Jones,2024,RB,0.1705882409039665,-3.5529411259819477
00-0039811,M.Lloyd,2024,RB,0.1647058795480167,-3.5588234873378974
00-0033439,P.Brown,2024,TE,0.7352941176470589,-3.570588055778952
00-0035406,L.Humphrey,2024,WR,3.782353120691636,-3.5764703189625457
00-0035924,J.Ward,2024,RB,0.1294117534861845,-3.59411761339973
00-0031484,C.Manhertz,2024,TE,0.7058823529411765,-3.5999998204848342
00-0035311,M.Gaskin,2024,RB,0.1176470588235294,-3.6058823080623847
00-0039299,G.Holani,2024,RB,0.1117647044798907,-3.6117646624060233
00-0039703,C.Schrader,2024,RB,0.1117647044798907,-3.6117646624060233
00-0033282,C.Samuel,2024,WR,3.7470586440142464,-3.6117647956399352
00-0039244,C.Collier,2024,RB,0.1058823571485631,-3.617647009737351
00-0036415,V.Jefferson,2024,WR,3.7411763808306526,-3.617647058823529
00-0036429,C.Woerner,2024,TE,0.6823529636158663,-3.623529209810145
00-0033895,G.Everett,2024,TE,0.6823529075173771,-3.623529265908634
00-0037609,A.Shampklin,2024,RB,0.0999999957926133,-3.623529371093301
00-0039144,L.Musgrave,2024,TE,0.6764705882352942,-3.6294115851907165
00-0034386,J.Watson,2024,WR,3.700000089757583,-3.6588233498965987
00-0037450,T.McAllister,2024,RB,0.0647058837554034,-3.6588234831305106
00-0037654,T.Fisk,2024,TE,0.6411764481488396,-3.6647057252771713
00-0037827,T.Davis-Price,2024,RB,0.0411764698870041,-3.68235289699891
00-0036261,B.Aiyuk,2024,WR,3.6705883250517,-3.6882351146024814
00-0036450,K.Vaughn,2024,RB,0.0235294121153214,-3.699999954770593
00-0036297,D.Evans,2024,RB,0.0176470595247605,-3.7058823073611538
00-0037569,P.Hendershot,2024,TE,0.5941176694982192,-3.7117645039277916
00-0036370,J.Kelley,2024,RB,0.0117647060576607,-3.7117646608282535
00-0039603,B.Brooks,2024,RB,0.0117647060576607,-3.7117646608282535
00-0033662,C.Rush,2024,QB,6.444705738740809,-3.7188236012178306
00-0039074,D.Allen,2024,TE,0.582352918737075,-3.723529254688936
00-0039737,T.Reiman,2024,TE,0.5705882240744198,-3.735293949351591
00-0036427,T.Johnson,2024,WR,3.594117557301241,-3.7647058823529407
00-0038809,B.Sims,2024,TE,0.4823529860552619,-3.823529187370749
00-0039407,D.Laube,2024,RB,-0.1176470588235294,-3.8411764257094436
00-0039631,C.Grandy,2024,TE,0.4588235406314625,-3.8470586327945484
00-0037252,G.Dulcich,2024,TE,0.4588235125822179,-3.847058660843793
00-0038498,E.Jenkins,2024,TE,0.4529411652508904,-3.8529410081751205
00-0038394,W.Mallory,2024,TE,0.4058823585510254,-3.8999998148749855
00-0039613,D.Holker,2024,TE,0.299999994390151,-4.00588217903586
00-0039880,M.Washington,2024,WR,3.341176650103401,-4.017646789550781
00-0033536,M.Williams,2024,WR,3.341176425709444,-4.017647013944737
00-0032464,K.Raymond,2024,WR,3.323529411764706,-4.035294027889476
00-0036332,J.Deguara,2024,TE,0.2588235350216136,-4.047058638404398
00-0039420,J.Bell,2024,TE,0.2352941176470588,-4.070588055778952
00-0034365,I.Thomas,2024,TE,0.2176470616284538,-4.088235111797557
00-0037614,J.Metchie,2024,WR,3.258823619169348,-4.099999820484834
00-0036534,S.Zylstra,2024,TE,0.1882352969225715,-4.117646876503439
00-0036741,J.Stoll,2024,TE,0.1764705882352941,-4.1294115851907165
00-0031690,E.Tomlinson,2024,TE,0.1705882409039665,-4.135293932522044
00-0033357,T.Hill,2024,QB,6.019999784581802,-4.143529555376838
00-0036556,B.Jordan,2024,TE,0.1588235181920668,-4.147058655233944
00-0036825,F.Franks,2024,TE,0.1294117675108068,-4.176470405915204
00-0036196,G.Davis,2024,WR,3.1705883250517,-4.188235114602481
00-0039890,A.Mitchell,2024,WR,3.1623528424431298,-4.196470597211052
00-0032141,G.Swaim,2024,TE,0.1000000028049244,-4.205882170621086
00-0038920,J.Shenker,2024,TE,0.1000000028049244,-4.205882170621086
00-0039824,J.Wiley,2024,TE,0.1000000028049244,-4.205882170621086
00-0039648,D.Martin-Robinson,2024,TE,0.0941176484612857,-4.2117645249647255
00-0034073,R.Dwelley,2024,TE,0.088235294117647,-4.217646879308364
00-0035547,J.Fortson,2024,TE,0.088235294117647,-4.217646879308364
00-0036640,Z.Davidson,2024,TE,0.088235294117647,-4.217646879308364
00-0033857,J.Smith-Schuster,2024,WR,3.12352954640108,-4.235293893253102
00-0024243,M.Lewis,2024,TE,0.0705882380990421,-4.235293935326969
00-0037306,J.FitzPatrick,2024,TE,0.0705882380990421,-4.235293935326969
00-0039751,J.Whittington,2024,WR,3.088235294117647,-4.270588145536534
00-0034418,C.Wilson,2024,WR,3.055294261259191,-4.3035291783949905
00-0031299,J.Matthews,2024,TE,0.0,-4.305882173426011
00-0036438,S.Sullivan,2024,TE,0.0,-4.305882173426011
00-0038643,B.Willis,2024,TE,0.0,-4.305882173426011
00-0039316,B.Cupp,2024,TE,0.0,-4.305882173426011
00-0039458,B.Bates,2024,TE,0.0,-4.305882173426011
00-0026158,J.Flacco,2024,QB,5.825882406795726,-4.3376469331629135
00-0031549,N.Agholor,2024,WR,2.8882352043600643,-4.470588235294118
00-0035289,G.Minshew,2024,QB,5.66588233498966,-4.49764700496898
00-0036972,M.Jones,2024,QB,5.651764813591452,-4.5117645263671875
00-0034771,M.Rudolph,2024,QB,5.635294297162225,-4.528235042796415
00-0036527,D.Turner,2024,WR,2.770588145536535,-4.588235294117647
00-0038579,A.O'Connell,2024,QB,5.4988232780905335,-4.664706061868106
00-0037741,J.Dotson,2024,WR,2.464705972110524,-4.894117467543658
00-0038573,D.Davis,2024,WR,2.358823664048139,-4.999999775606042
00-0033943,J.Reynolds,2024,WR,2.258823619169348,-5.099999820484834
00-0030431,R.Woods,2024,WR,2.252941131591797,-5.105882308062385
00-0038824,R.Miller,2024,WR,2.1647058374741497,-5.194117602180032
00-0036630,T.Wallace,2024,WR,2.1352940727682674,-5.223529366885915
00-0038640,J.Brooks,2024,WR,2.1000000448787914,-5.258823394775391
00-0039052,T.Palmer,2024,WR,2.070588280172909,-5.288235159481273
00-0039355,L.McCaffrey,2024,WR,2.04705877865062,-5.311764661003561
00-0035140,M.Hardman,2024,WR,1.9529412213493795,-5.405882218304802
00-0039907,J.Polk,2024,WR,1.9235294566434973,-5.435293983010684
00-0035704,D.Lock,2024,QB,4.714117611155791,-5.449411728802849
00-0039062,J.Mingo,2024,WR,1.8941176919376148,-5.464705747716566
00-0034854,K.Hodge,2024,WR,1.8882352043600643,-5.470588235294118
00-0034860,D.Pettis,2024,WR,1.8823529411764703,-5.4764704984777115
00-0038465,M.Heath,2024,WR,1.8647059272317328,-5.494117512422449
00-0038752,J.Bobo,2024,WR,1.7470588684082031,-5.6117645712459785
00-0033537,D.Watson,2024,QB,4.512941248276654,-5.6505880916819855
00-0031941,J.Crowder,2024,WR,1.6588235742905562,-5.699999865363625
00-0037231,K.Austin,2024,WR,1.588235294117647,-5.770588145536535
00-0039386,B.Means,2024,WR,1.5764705433565027,-5.782352896297679
00-0039623,M.Tipton,2024,WR,1.405882330501781,-5.952941109152401
00-0038618,X.Hutchinson,2024,WR,1.3941176919376148,-5.964705747716566
00-0037091,B.Melton,2024,WR,1.3235294117647058,-6.035294027889476
00-0034487,T.Sherfield,2024,WR,1.3117646610035616,-6.04705877865062
00-0038821,R.Jarrett,2024,WR,1.258823506972369,-6.099999932681813
00-0039376,S.Rattler,2024,QB,3.9576469870174633,-6.205882352941176
00-0036331,D.Duvernay,2024,WR,1.1294118095846737,-6.229411630069508
00-0035021,A.Dulin,2024,WR,1.129411697387695,-6.229411742266486
00-0036345,K.Osborn,2024,WR,1.1000000448787914,-6.258823394775391
00-0039410,R.Flournoy,2024,WR,1.070588280172909,-6.288235159481273
00-0035662,M.Brown,2024,WR,1.0647059047923368,-6.2941175348618446
00-0039747,A.Smith,2024,WR,1.0411764032700483,-6.317647036384133
00-0036646,S.Fehoko,2024,WR,0.9764706106746898,-6.382352828979492
00-0033891,Z.Jones,2024,WR,0.964705972110524,-6.394117467543658
00-0038496,X.Gipson,2024,WR,0.9647058599135456,-6.3941175797406355
00-0031763,D.Carter,2024,WR,0.9529411091524012,-6.405882330501781
00-0039650,B.Oliver,2024,WR,0.9117647058823528,-6.447058733771829
00-0035639,P.Campbell,2024,WR,0.8823529411764706,-6.4764704984777115
00-0039236,J.Wilson,2024,WR,0.8705882465138155,-6.488235193140366
00-0036268,L.Shenault,2024,WR,0.8647058711332434,-6.494117568520938
00-0036387,J.Reagor,2024,WR,0.8647058711332434,-6.494117568520938
00-0039810,J.Burton,2024,WR,0.8647058711332434,-6.494117568520938
00-0031235,O.Beckham,2024,WR,0.8529411764705882,-6.505882263183594
00-0038938,J.Hyatt,2024,WR,0.835294106427361,-6.52352933322682
00-0034646,B.Powell,2024,WR,0.8294117871452781,-6.529411652508903
00-0038679,T.Shavers,2024,WR,0.8176470363841337,-6.541176403270048
00-0034054,R.Cracraft,2024,WR,0.8000000224393957,-6.558823417214786
00-0032128,C.Conley,2024,WR,0.7999999663409065,-6.558823473313275
00-0037300,M.Woods,2024,WR,0.7941176470588235,-6.564705792595358
00-0034777,D.Chark,2024,WR,0.7705882577335134,-6.588235181920668
00-0035993,T.Huntley,2024,QB,3.568235285141889,-6.595294054816751
00-0039365,J.Cowing,2024,WR,0.7470588123097139,-6.611764627344468
00-0035298,S.Miller,2024,WR,0.6999999775606043,-6.658823462093578
00-0036862,B.Skowronek,2024,WR,0.6999999775606043,-6.658823462093578
00-0037524,T.Martin,2024,WR,0.6999999775606043,-6.658823462093578
00-0027973,A.Dalton,2024,QB,3.4682352402630974,-6.695294099695542
00-0037132,B.Covey,2024,WR,0.6117646834429573,-6.747058756211224
00-0036183,K.Wilkerson,2024,WR,0.5764705994549919,-6.78235284019919
00-0039792,D.Walker,2024,WR,0.5352941400864545,-6.823529299567727
00-0038104,T.Thornton,2024,WR,0.5117646946626551,-6.847058744991527
00-0037742,T.Burks,2024,WR,0.4411764705882353,-6.917646969065946
00-0038576,C.Jones,2024,WR,0.4411764705882353,-6.917646969065946
00-0036620,D.Eskridge,2024,WR,0.4352941232569077,-6.923529316397274
00-0039920,M.Corley,2024,WR,0.423529400545008,-6.9352940391091735
00-0036497,T.Jones,2024,WR,0.4176470532136805,-6.941176386440501
00-0036955,T.Marshall,2024,WR,0.4176470532136805,-6.941176386440501
00-0038519,N.Remigio,2024,WR,0.4000000112196978,-6.958823428434484
00-0037487,D.Thompkins,2024,WR,0.3941176638883703,-6.964705775765811
00-0035976,D.Chisena,2024,WR,0.3941176358391257,-6.964705803815056
00-0035891,C.White,2024,WR,0.376470593845143,-6.9823528458090385
00-0038359,X.Smith,2024,WR,0.3647058711332433,-6.994117568520938
00-0035602,A.Bachman,2024,WR,0.3588235238019158,-6.999999915852266
00-0031428,A.Robinson,2024,WR,0.3529411764705882,-7.005882263183594
00-0036635,I.Smith-Marsette,2024,WR,0.3529411764705882,-7.005882263183594
00-0036841,A.Trammell,2024,WR,0.3529411764705882,-7.005882263183594
00-0038477,B.Ford-Wheaton,2024,WR,0.3529411764705882,-7.005882263183594
00-0037257,D.Bell,2024,WR,0.3352941064273609,-7.02352933322682
00-0039379,J.Thrash,2024,WR,0.3058823417214786,-7.052941097932703
00-0036133,J.Proche,2024,WR,0.299999994390151,-7.05882344526403
00-0037348,T.Conner,2024,WR,0.2705882296842687,-7.088235209969913
00-0035341,T.Irwin,2024,WR,0.2647058823529412,-7.0941175573012405
00-0038647,R.Bell,2024,WR,0.2470588123097139,-7.111764627344468
00-0038128,M.Willis,2024,QB,3.04705877865062,-7.11647056130802
00-0036176,M.Kinsey,2024,WR,0.2176470476038315,-7.14117639205035
00-0039816,A.Gould,2024,WR,0.194117644253899,-7.164705795400282
00-0036165,I.Hodgins,2024,WR,0.1882352969225715,-7.17058814273161
00-0038507,G.DuBose,2024,WR,0.1823529355666216,-7.17647050408756
00-0037745,V.Jones,2024,WR,0.1705882409039665,-7.188235198750215
00-0036463,C.Blair,2024,WR,0.1588235322166891,-7.199999907437492
00-0034353,A.Miller,2024,WR,0.1529411708607393,-7.2058822687934425
00-0039451,I.Williams,2024,WR,0.1529411708607393,-7.2058822687934425
00-0039394,C.Washington,2024,WR,0.1411764761980842,-7.217646963456097
00-0039853,J.Baker,2024,WR,0.1294117675108068,-7.2294116721433745
00-0033292,T.Taylor,2024,WR,0.1235294061548569,-7.235294033499325
00-0037382,B.Johnson,2024,WR,0.1117647044798907,-7.247058735174291
00-0037422,K.Pryor,2024,WR,0.1117647044798907,-7.247058735174291
00-0039543,R.Keyton,2024,WR,0.1000000028049244,-7.258823436849257
00-0033460,J.Ross,2024,WR,0.0941176484612857,-7.264705791192896
00-0036254,C.Johnson,2024,WR,0.0941176484612857,-7.264705791192896
00-0036877,J.Darden,2024,WR,0.0941176484612857,-7.264705791192896
00-0032688,R.Chosen,2024,WR,0.088235294117647,-7.270588145536535
00-0038941,T.Scott,2024,WR,0.088235294117647,-7.270588145536535
00-0039392,J.Jackson,2024,WR,0.0764705854303696,-7.282352854223812
00-0039589,K.Johnson,2024,WR,0.0647058837554034,-7.2941175558987785
00-0038840,B.Tremayne,2024,WR,0.0470588242306428,-7.311764615423539
00-0034419,B.Berrios,2024,WR,0.0,-7.358823439654182
00-0034928,S.Sims,2024,WR,0.0,-7.358823439654182
00-0035544,T.Kennedy,2024,WR,0.0,-7.358823439654182
00-0037093,D.Young,2024,WR,0.0,-7.358823439654182
00-0037156,I.Charles,2024,WR,0.0,-7.358823439654182
00-0037216,J.Ross,2024,WR,0.0,-7.358823439654182
00-0038090,S.Moore,2024,WR,0.0,-7.358823439654182
00-0038092,E.Ezukanma,2024,WR,0.0,-7.358823439654182
00-0039521,X.Weaver,2024,WR,0.0,-7.358823439654182
00-0039614,J.Jackson,2024,WR,-0.0058823530288303,-7.3647057926830115
00-0036913,K.Toney,2024,WR,-0.0235294103622436,-7.382352850016425
00-0032268,M.Mariota,2024,QB,2.6917648315429688,-7.471764508415671
00-0033119,J.Brissett,2024,QB,2.6611765693215763,-7.502352770637064
00-0039917,M.Penix,2024,QB,2.594117557301241,-7.569411782657399
00-0033949,J.Dobbs,2024,QB,1.8141176560345815,-8.349411683924059
00-0038400,T.McKee,2024,QB,1.6952940996955423,-8.468235240263096
00-0038102,K.Pickett,2024,QB,1.47882360570571,-8.68470573425293
00-0038122,D.Ridder,2024,QB,1.2894117691937614,-8.874117570764877
00-0028118,T.Taylor,2024,QB,1.179999968584846,-8.983529371373793
00-0031345,J.Garoppolo,2024,QB,1.1682353300206805,-8.99529400993796
00-0039398,J.Milton,2024,QB,1.1317646924187157,-9.031764647539923
00-0038583,D.Thompson-Robinson,2024,QB,0.9294117759255802,-9.23411756403306
00-0033869,M.Trubisky,2024,QB,0.8976470722871668,-9.265882267671472
00-0034177,T.Boyle,2024,QB,0.820000031415154,-9.343529308543486
00-0038476,T.DeVito,2024,QB,0.7929412056418026,-9.370588134316836
00-0038998,J.Haener,2024,QB,0.7788235159481273,-9.384705824010512
00-0037012,T.Lance,2024,QB,0.7494117512422449,-9.414117588716394
00-0036898,D.Mills,2024,QB,0.5635294072768268,-9.599999932681813
00-0037327,S.Thompson,2024,QB,0.4635294184965245,-9.699999921462116
00-0038108,B.Zappe,2024,QB,0.4117647058823529,-9.751764634076286
00-0032434,B.Allen,2024,QB,0.3741176268633674,-9.789411713095273
00-0032950,C.Wentz,2024,QB,0.2776470745311064,-9.885882265427533
00-0031800,T.Heinicke,2024,QB,0.1835294190575094,-9.97999992090113
00-0038550,H.Hooker,2024,QB,0.1576470627504236,-10.005882277208215
00-0033319,N.Mullens,2024,QB,0.0776470548966351,-10.085882285062004
00-0034401,M.White,2024,QB,0.0658823532216689,-10.09764698673697
00-0026300,J.Johnson,2024,QB,0.0458823512582217,-10.117646988700418
00-0034577,K.Allen,2024,QB,0.0447058817919562,-10.118823458166684
00-0035264,J.Stidham,2024,QB,0.0294117647058823,-10.134117575252757
00-0037324,C.Oladokun,2024,QB,0.0294117647058823,-10.134117575252757
00-0035100,J.Browning,2024,QB,-0.0117647060576607,-10.175294046016301
00-0036928,K.Trask,2024,QB,-0.0117647060576607,-10.175294046016301
00-0038416,T.Bagent,2024,QB,-0.0152941188391517,-10.17882345879779
00-0037077,S.Howell,2024,QB,-0.0494117631631739,-10.212941103121814
00-0038582,C.Tune,2024,QB,-0.1223529366885914,-10.28588227664723
00-0029892,,2024,,3.388235428754021,
00-0031595,,2024,,1.7235293668859146,
00-0032918,,2024,,0.7941176470588235,
00-0033376,,2024,,0.658823574290556,
00-0034959,,2024,,0.0,
00-0035125,,2024,,1.5470587786506205,
00-0036187,,2024,,0.0411764733931597,
00-0036727,,2024,,0.0,
00-0038489,,2024,,0.0588235294117647,
00-0038614,,2024,,0.4000000112196978,
00-0038738,,2024,,1.5823529187370748,
00-0033280,C.McCaffrey,2023,RB,23.017646340762862,19.38823453117819
00-0036358,C.Lamb,2023,WR,23.83529483570772,17.100000718060663
00-0033040,T.Hill,2023,WR,22.141176111557904,15.405881993910846
00-0034857,J.Allen,2023,QB,23.21411671357996,14.405881096335014
00-0038120,B.Hall,2023,RB,17.08823529411765,13.458823484532974
00-0036973,T.Etienne,2023,RB,16.611764346852024,12.98235253726735
00-0036963,A.St. Brown,2023,WR,19.46470552332261,12.729411405675553
00-0036389,J.Hurts,2023,QB,20.98941219554228,12.181176578297334
00-0037256,R.White,2023,RB,15.758823170381431,12.129411360796757
00-0031687,R.Mostert,2023,RB,15.747059541590074,12.1176477320054
00-0033897,J.Mixon,2023,RB,15.705882352941176,12.076470543356502
00-0037840,K.Williams,2023,RB,15.0,11.370588190415326
00-0033077,D.Prescott,2023,QB,20.16705860811121,11.358822990866264
00-0032764,D.Henry,2023,RB,14.509411980124082,10.880000170539407
00-0038542,B.Robinson,2023,RB,14.488235473632812,10.858823664048138
00-0039075,P.Nacua,2023,WR,17.558823529411764,10.823529411764707
00-0034796,L.Jackson,2023,QB,19.483529483570774,10.675293866325829
00-0039139,J.Gibbs,2023,RB,14.241176829618569,10.611765020033895
00-0035676,A.Brown,2023,WR,17.03529447667739,10.300000359030332
00-0034827,D.Moore,2023,WR,16.852941176470587,10.117647058823529
00-0033906,A.Kamara,2023,RB,13.705882352941176,10.076470543356502
00-0037248,J.Cook,2023,RB,13.68823511460248,10.058823305017805
00-0036264,J.Love,2023,QB,18.768235150505514,9.95999953326057
00-0039065,S.LaPorta,2023,TE,14.07647076775046,9.923529681037454
00-0031408,M.Evans,2023,WR,16.61764705882353,9.882352941176471
00-0030279,K.Allen,2023,WR,16.403528550091913,9.668234432444855
00-0034844,S.Barkley,2023,RB,13.129411585190716,9.499999775606042
00-0035261,T.Pollard,2023,RB,13.094118006089154,9.46470619650448
00-0033881,E.Engram,2023,TE,13.547059003044575,9.39411791633157
00-0031588,S.Diggs,2023,WR,16.105881634880514,9.370587517233457
00-0037197,I.Pacheco,2023,RB,12.58235258214614,8.952940772561465
00-0037267,J.Ford,2023,RB,12.54117629107307,8.911764481488396
00-0031381,D.Adams,2023,WR,15.611764346852022,8.876470229204962
00-0030506,T.Kelce,2023,TE,12.905881993910846,8.75294090719784
00-0035229,T.Hockenson,2023,TE,12.882352941176473,8.729411854463468
00-0036900,J.Chase,2023,WR,15.45411771886489,8.718823601217832
00-0036554,N.Collins,2023,WR,15.3176466997932,8.58235258214614
00-0037834,B.Purdy,2023,QB,17.388235653147976,8.580000035903032
00-0035685,D.Montgomery,2023,RB,12.18823511460248,8.558823305017805
00-0033553,J.Conner,2023,RB,11.852941176470589,8.223529366885915
00-0033106,J.Goff,2023,QB,17.00588271197151,8.197647094726564
00-0038134,K.Walker,2023,RB,11.72941230325138,8.100000493666705
00-0036252,M.Pittman,2023,WR,14.835293938131894,8.099999820484836
00-0036275,D.Swift,2023,RB,11.72352959127987,8.094117781695196
00-0037746,B.Robinson,2023,RB,11.652941535500918,8.023529725916244
00-0036261,B.Aiyuk,2023,WR,14.6588233498966,7.923529232249542
00-0037228,J.Warren,2023,RB,11.552940817440255,7.923529007855581
00-0036893,N.Harris,2023,RB,11.5,7.870588190415326
00-0033288,G.Kittle,2023,TE,11.952940996955425,7.799999910242419
00-0033885,D.Njoku,2023,TE,11.835293938131894,7.682352851418888
00-0033873,P.Mahomes,2023,QB,16.483529483570774,7.675293866325829
00-0035719,D.Samuel,2023,WR,14.335293938131894,7.599999820484835
00-0039040,D.Achane,2023,RB,11.217646879308363,7.588235069723689
00-0034184,G.Edwards,2023,RB,11.0,7.370588190415326
00-0039163,C.Stroud,2023,QB,16.177646412568933,7.369410795323988
00-0034855,B.Mayfield,2023,QB,16.1211763269761,7.312940709731157
00-0033699,A.Ekeler,2023,RB,10.905881993910846,7.276470184326172
00-0036212,T.Tagovailoa,2023,QB,16.021177404067096,7.212941786822151
00-0036555,C.Hubbard,2023,RB,10.735294117647058,7.105882308062384
00-0035700,J.Jacobs,2023,RB,10.652940637925091,7.023528828340417
00-0036997,J.Williams,2023,RB,10.54117629107307,6.911764481488396
00-0037239,C.Olave,2023,WR,13.60588253245634,6.870588414809281
00-0030035,A.Thielen,2023,WR,13.588235294117649,6.85294117647059
00-0034837,C.Ridley,2023,WR,13.523529052734377,6.788234935087318
00-0036912,D.Smith,2023,WR,13.388235653147978,6.652941535500919
00-0036971,T.Lawrence,2023,QB,15.443529914407168,6.635294297162224
00-0033045,E.Elliott,2023,RB,10.264705882352942,6.635294072768268
00-0031544,A.Cooper,2023,WR,13.352941176470589,6.61764705882353
00-0037744,T.McBride,2023,TE,10.676470588235292,6.523529501522286
00-0035640,D.Metcalf,2023,WR,13.258823170381431,6.523529052734372
00-0036290,C.Kmet,2023,TE,10.652941535500918,6.500000448787913
00-0030564,D.Hopkins,2023,WR,13.152941535500918,6.41764741785386
00-0036251,Z.Moss,2023,RB,9.976470947265623,6.347059137680949
00-0037077,S.Howell,2023,QB,15.149412267348346,6.341176650103401
00-0029263,R.Wilson,2023,QB,15.111764346852022,6.303528729607077
00-0038994,J.Addison,2023,WR,13.017647238338697,6.282353120691638
00-0038041,J.Ferguson,2023,TE,10.41764741785386,6.264706331140855
00-0035250,D.Singletary,2023,RB,9.843529196346507,6.214117386761833
00-0034960,J.Meyers,2023,WR,12.85764716653263,6.122353048885571
00-0039146,J.Reed,2023,WR,12.77647040872013,6.041176291073071
00-0037740,G.Wilson,2023,WR,12.54117629107307,5.805882173426011
00-0039067,R.Rice,2023,WR,12.5,5.764705882352941
00-0033921,C.Godwin,2023,WR,12.305882173426012,5.570588055778953
00-0036223,J.Taylor,2023,RB,9.199999640969668,5.570587831384994
00-0037247,G.Pickens,2023,WR,12.282353120691637,5.547059003044578
00-0026498,M.Stafford,2023,QB,14.300000359030332,5.491764741785387
00-0039032,T.Spears,2023,RB,9.047059003044575,5.417647193459901
00-0039064,Z.Flowers,2023,WR,12.141177009133733,5.405882891486674
00-0031280,D.Carr,2023,QB,14.183529124540442,5.375293507295497
00-0036322,J.Jefferson,2023,WR,12.011764526367188,5.276470408720129
00-0035659,T.McLaurin,2023,WR,11.952940996955425,5.217646879308366
00-0032211,T.Lockett,2023,WR,11.905881993910846,5.170587876263787
00-0036355,J.Herbert,2023,QB,13.774117862477022,4.965882245232077
00-0036613,J.Waddle,2023,WR,11.6823533002068,4.947059182559742
00-0036875,R.Stevenson,2023,RB,8.570588055778952,4.941176246194278
00-0036945,J.Fields,2023,QB,13.539999569163603,4.7317639519186585
00-0034383,D.Schultz,2023,TE,8.852941176470589,4.700000089757583
00-0038933,D.Kincaid,2023,TE,8.841176650103401,4.688235563390395
00-0030565,G.Smith,2023,QB,13.368234970990349,4.559999353745404
00-0037263,T.Allgeier,2023,RB,8.094118006089154,4.46470619650448
00-0034348,C.Sutton,2023,WR,11.18823511460248,4.45294099695542
00-0033293,A.Jones,2023,RB,7.935293758616728,4.305881949032054
00-0033357,T.Hill,2023,TE,8.442353192497702,4.289412105784696
00-0034972,A.Mattison,2023,RB,7.835293938131893,4.20588212854722
00-0036970,K.Pitts,2023,TE,8.07647076775046,3.9235296810374534
00-0034351,D.Goedert,2023,TE,8.017647238338695,3.864706151625689
00-0036328,A.Gibson,2023,RB,7.494117736816406,3.8647059272317326
00-0034753,M.Andrews,2023,TE,7.96470552332261,3.8117644366096037
00-0037816,R.Doubs,2023,WR,10.258823170381431,3.5235290527343723
00-0037238,D.London,2023,WR,10.257647346047792,3.522353228400733
00-0033526,S.Perine,2023,RB,7.135294297162225,3.505882487577551
00-0031236,B.Cooks,2023,WR,10.18823511460248,3.4529409969554203
00-0033923,K.Hunt,2023,RB,6.970588235294118,3.341176425709444
00-0031260,L.Thomas,2023,TE,7.45882370892693,3.3058826222139244
00-0036265,A.Dillon,2023,RB,6.917646969065947,3.2882351594812733
00-0033858,J.Smith,2023,TE,7.305882173426011,3.152941086713005
00-0033949,J.Dobbs,2023,QB,11.921176686006431,3.1129410687614865
00-0034270,T.Conklin,2023,TE,7.241176380830653,3.0882352941176467
00-0036906,K.Herbert,2023,RB,6.617647058823529,2.9882352492388553
00-0038977,T.Dell,2023,WR,9.705882352941176,2.970588235294117
00-0033908,C.Kupp,2023,WR,9.670587876263786,2.9352937586167274
00-0033090,H.Henry,2023,TE,7.052941266228171,2.900000179515165
00-0034975,J.Hill,2023,RB,6.429411944221048,2.8000001346363743
00-0036196,G.Davis,2023,WR,9.49411818560432,2.758824067957261
00-0035289,G.Minshew,2023,QB,11.54117629107307,2.732940673828125
00-0038129,C.Otton,2023,TE,6.852941176470588,2.700000089757582
00-0039165,Z.Charbonnet,2023,RB,6.241176380830653,2.611764571245979
00-0038794,J.McLaughlin,2023,RB,6.235294117647059,2.605882308062385
00-0037545,R.Shaheed,2023,WR,9.27058859432445,2.5352944766773904
00-0037809,C.Okonkwo,2023,TE,6.670588325051701,2.5176472383386947
00-0033282,C.Samuel,2023,WR,9.247058644014244,2.511764526367185
00-0038997,J.Downs,2023,WR,9.241176829618569,2.50588271197151
00-0031610,D.Waller,2023,TE,6.6588233498966,2.5058822631835938
00-0033895,G.Everett,2023,TE,6.535294027889476,2.38235294117647
00-0039021,R.Johnson,2023,RB,6.005882263183594,2.37647045359892
00-0037276,T.Chandler,2023,RB,5.941176470588236,2.3117646610035627
00-0035216,D.Johnson,2023,WR,8.982352761661305,2.2470586440142464
00-0033110,T.Higbee,2023,TE,6.382352941176471,2.229411854463465
00-0035535,D.Slayton,2023,WR,8.882352941176471,2.147058823529412
00-0034775,C.Kirk,2023,WR,8.838823206284466,2.1035290886374076
00-0036919,K.Gainwell,2023,RB,5.728235132553998,2.098823322969324
00-0038543,J.Smith-Njigba,2023,WR,8.811764885397519,2.07647076775046
00-0038122,D.Ridder,2023,QB,10.655294081744026,1.8470584644990815
00-0037838,I.Likely,2023,TE,5.947058733771829,1.7941176470588234
00-0033009,T.Boyd,2023,WR,8.517647238338695,1.7823531206916359
00-0036139,R.Dowdle,2023,RB,5.382352941176471,1.7529411315917973
00-0033925,D.Foreman,2023,RB,5.364705702837775,1.7352938932531017
00-0036407,J.Jeudy,2023,WR,8.341176650103401,1.6058825324563424
00-0036040,J.Johnson,2023,TE,5.752941355985754,1.6000002692727477
00-0035243,M.Sanders,2023,RB,5.152941086713006,1.5235292771283322
00-0036410,T.Higgins,2023,WR,8.094118006089154,1.3588238884420951
00-0031376,J.McKinnon,2023,RB,4.962352977079504,1.33294116749483
00-0030513,L.Murray,2023,RB,4.876470677992877,1.2470588684082036
00-0037258,D.Pierce,2023,RB,4.864705702837775,1.2352938932531017
00-0035662,M.Brown,2023,WR,7.923529232249541,1.1882351146024819
00-0038117,W.Robinson,2023,WR,7.835293938131893,1.0999998204848342
00-0036980,E.Moore,2023,WR,7.770588594324448,1.0352944766773895
00-0033943,J.Reynolds,2023,WR,7.576470767750459,0.8411766501034004
00-0038040,Z.White,2023,RB,4.347058913286994,0.7176471037023204
00-0038705,E.Demercado,2023,RB,4.311764436609605,0.6823526270249309
00-0037741,J.Dotson,2023,WR,7.341176201315487,0.605882083668428
00-0034613,T.Hudson,2023,TE,4.717646879308364,0.5647057925953582
00-0035329,D.Parham,2023,TE,4.676470588235294,0.5235295015222885
00-0036360,C.Edwards-Helaire,2023,RB,4.123529322007123,0.49411751242244906
00-0038454,K.Mitchell,2023,RB,4.111764795639935,0.48235298605526156
00-0038996,T.Kraft,2023,TE,4.617647058823529,0.4647059721105231
00-0039150,B.Young,2023,QB,9.198823816636027,0.39058819939108247
00-0036894,P.Freiermuth,2023,TE,4.517647238338695,0.36470615162568887
00-0036345,K.Osborn,2023,WR,7.0588235294117645,0.3235294117647056
00-0038393,D.Wicks,2023,WR,7.044706008013557,0.30941189036649774
00-0039144,L.Musgrave,2023,TE,4.423529232249541,0.2705881455365349
00-0035644,N.Fant,2023,TE,4.317647148581112,0.164706061868106
00-0036876,K.Granson,2023,TE,4.294117647058823,0.1411765603458175
00-0034777,D.Chark,2023,WR,6.794117647058823,0.0588235294117645
00-0034798,D.Smythe,2023,TE,4.21176461612477,0.0588235294117645
00-0039066,M.Mayer,2023,TE,4.200000089757583,0.047059003044577
00-0029604,K.Cousins,2023,QB,8.808235617244945,0.0
00-0036370,J.Kelley,2023,RB,3.6294118095846737,0.0
00-0036637,N.Gray,2023,TE,4.152941086713006,0.0
00-0038559,M.Wilson,2023,WR,6.735294117647059,0.0
00-0033948,J.Williams,2023,RB,3.576470543356503,-0.05294126622817075
00-0037261,K.Shakir,2023,WR,6.652941086713006,-0.082353030934053
00-0036849,T.Atwell,2023,WR,6.611764795639935,-0.12352932200712363
00-0036442,J.Burrow,2023,QB,8.656470803653493,-0.151764813591452
00-0036924,M.Carter,2023,RB,3.458823484532973,-0.17058832505170063
00-0035228,K.Murray,2023,QB,8.609411800608916,-0.198823816636029
00-0034829,M.Gesicki,2023,TE,3.8470589132869946,-0.3058821734260113
00-0035100,J.Browning,2023,QB,8.496470731847426,-0.311764885397519
00-0033357,T.Hill,2023,QB,8.442353192497702,-0.36588242474724275
00-0031235,O.Beckham,2023,WR,6.323529411764706,-0.41176470588235325
00-0038621,D.Douglas,2023,WR,6.305882173426011,-0.429411944221048
00-0036988,J.Palmer,2023,WR,6.276470408720129,-0.45882370892693025
00-0038597,C.Brown,2023,RB,3.147058823529412,-0.48235298605526156
00-0036244,C.Parkinson,2023,TE,3.6294118095846737,-0.5235292771283322
00-0036936,R.Moore,2023,WR,6.176470588235294,-0.5588235294117645
00-0036422,A.Trautman,2023,TE,3.5529412662281707,-0.5999998204848351
00-0037005,T.Tremble,2023,TE,3.5529412662281707,-0.5999998204848351
00-0033591,N.Brown,2023,WR,5.976470498477712,-0.7588236191693465
00-0038124,C.Watson,2023,WR,5.95882370892693,-0.7764704087201286
00-0036567,E.Mitchell,2023,RB,2.794117647058824,-0.8352941625258499
00-0033307,K.Bourne,2023,WR,5.882352941176471,-0.8529411764705879
00-0033308,M.Breida,2023,RB,2.758823619169348,-0.8705881904153259
00-0036414,C.Akers,2023,RB,2.747058868408203,-0.8823529411764706
00-0034838,R.Freeman,2023,RB,2.717647103702321,-0.9117647058823528
00-0035689,D.Knox,2023,TE,3.2117646161247704,-0.9411764705882355
00-0037525,J.Mason,2023,RB,2.6294118095846737,-1.0
00-0032464,K.Raymond,2023,WR,5.729411854463465,-1.0058822631835938
00-0035249,J.Oliver,2023,TE,3.1352940727682674,-1.0176470139447384
00-0031549,N.Agholor,2023,WR,5.71176461612477,-1.0235295015222885
00-0035664,D.Henderson,2023,RB,2.5588235294117645,-1.0705882801729092
00-0038551,K.Miller,2023,RB,2.54705877865062,-1.0823530309340539
00-0036020,S.Ahmed,2023,RB,2.5235295015222885,-1.1058823080623852
00-0039052,T.Palmer,2023,WR,5.6294115851907165,-1.1058825324563424
00-0030061,Z.Ertz,2023,TE,3.0411765154670265,-1.1117645712459794
00-0038098,P.Strong,2023,RB,2.517647013944738,-1.1117647956399357
00-0037664,A.Pierce,2023,WR,5.611764795639935,-1.1235293220071236
00-0036556,B.Jordan,2023,TE,2.9941177368164062,-1.1588233498965996
00-0038115,D.Bellinger,2023,TE,2.9705882352941178,-1.1823528514188881
00-0035631,D.Sample,2023,TE,2.958823484532973,-1.1941176021800328
00-0034115,J.Wilson,2023,RB,2.429411944221048,-1.1999998653636257
00-0038544,Q.Johnston,2023,WR,5.529411764705882,-1.2058823529411766
00-0032104,A.Abdullah,2023,RB,2.411764705882353,-1.2176471037023209
00-0033893,D.Cook,2023,RB,2.364705927231733,-1.2647058823529407
00-0033217,M.Alie-Cox,2023,TE,2.8882352043600643,-1.2647058823529416
00-0034681,C.Edmonds,2023,RB,2.3352941625258503,-1.2941176470588234
00-0032392,A.Hooper,2023,TE,2.8470589132869946,-1.3058821734260113
00-0038611,C.Rodriguez,2023,RB,2.229411854463465,-1.3999999551212086
00-0038579,A.O'Connell,2023,QB,7.401176452636719,-1.407059164608226
00-0034981,F.Moreau,2023,TE,2.723529366885914,-1.4294117198270917
00-0032765,M.Thomas,2023,WR,5.282353120691636,-1.452940996955423
00-0030578,C.Patterson,2023,RB,2.1705883250517,-1.4588234845329735
00-0030431,R.Woods,2023,WR,5.252941355985754,-1.4823527616613053
00-0034386,J.Watson,2023,WR,5.235294117647059,-1.5
00-0034764,M.Gallup,2023,WR,5.164706061868107,-1.570588055778952
00-0035628,D.Johnson,2023,RB,2.04705877865062,-1.5823530309340539
00-0032775,D.Robinson,2023,WR,5.141176560345818,-1.5941175573012405
00-0034830,H.Hurst,2023,TE,2.4941177368164062,-1.6588233498965996
00-0035537,T.Johnson,2023,RB,1.9058824426987595,-1.7235293668859142
00-0035860,T.Jones,2023,RB,1.8941176919376148,-1.7352941176470589
00-0036182,N.Westbrook-Ikhine,2023,WR,5.0,-1.7352941176470589
00-0039062,J.Mingo,2023,WR,4.9882354736328125,-1.7470586440142464
00-0037013,Z.Wilson,2023,QB,7.055294261259191,-1.7529413559857536
00-0035567,C.Reynolds,2023,RB,1.8588235518511604,-1.7705882577335132
00-0033246,J.Mundt,2023,TE,2.364705927231733,-1.7882351594812729
00-0034159,W.Dissly,2023,TE,2.364705927231733,-1.7882351594812729
00-0037304,C.Heyward,2023,TE,2.3352941625258503,-1.8176469241871556
00-0035973,P.Taylor,2023,RB,1.7647058823529411,-1.8647059272317326
00-0036297,D.Evans,2023,RB,1.7647058823529411,-1.8647059272317326
00-0038394,W.Mallory,2023,TE,2.2764706331140854,-1.8764704535989205
00-0036232,H.Bryant,2023,TE,2.229411854463465,-1.9235292322495408
00-0033439,P.Brown,2023,TE,2.223529366885914,-1.9294117198270917
00-0037240,J.Williams,2023,WR,4.723529591279871,-2.0117645263671875
00-0039041,E.Higgins,2023,TE,2.1352940727682674,-2.0176470139447384
00-0037292,A.Ogletree,2023,TE,2.1000000448787914,-2.0529410418342144
00-0036309,D.Mooney,2023,WR,4.641176560345818,-2.0941175573012405
00-0033891,Z.Jones,2023,WR,4.5941175573012405,-2.1411765603458184
00-0036628,J.Bates,2023,TE,2.0058824875775505,-2.1470585991354554
00-0027696,J.Graham,2023,TE,1.9941177368164065,-2.1588233498965996
00-0038555,T.Bigsby,2023,RB,1.4588234845329733,-2.1705883250517006
00-0034970,I.Smith,2023,TE,1.9705882352941175,-2.182352851418888
00-0036550,R.Bateman,2023,WR,4.5,-2.235294117647059
00-0037475,S.Smartt,2023,TE,1.911764705882353,-2.2411763808306526
00-0034791,N.Chubb,2023,RB,1.3588235518511604,-2.2705882577335132
00-0037805,J.Ruckert,2023,TE,1.829411787145278,-2.3235292995677277
00-0038102,K.Pickett,2023,QB,6.482352761661305,-2.3258828555836395
00-0038976,M.Mims,2023,WR,4.3941174675436585,-2.3411766501034004
00-0037286,K.Harris,2023,RB,1.2529411315917969,-2.376470677992877
00-0037382,B.Johnson,2023,WR,4.317647148581112,-2.417646969065947
00-0036984,T.Sermon,2023,RB,1.1941177143770103,-2.4352940952076634
00-0037557,R.Rivers,2023,RB,1.182352851418888,-2.447058958165786
00-0032144,M.Gordon,2023,RB,1.1588235742905562,-2.4705882352941178
00-0031547,D.Parker,2023,WR,4.258823619169347,-2.4764704984777115
00-0036887,L.Farrell,2023,TE,1.6764705882352942,-2.4764704984777115
00-0034364,J.Akins,2023,TE,1.6588235742905562,-2.4941175124224495
00-0036754,B.Wright,2023,TE,1.6529411989099838,-2.499999887803022
00-0038563,T.Tucker,2023,WR,4.223529591279871,-2.5117645263671875
00-0035657,D.Harris,2023,RB,1.1176470588235294,-2.5117647507611442
00-0038045,I.Spiller,2023,RB,1.1176470588235294,-2.5117647507611442
00-0036972,M.Jones,2023,QB,6.258823619169347,-2.5494119980755974
00-0038389,I.Abanikanda,2023,RB,1.076470655553481,-2.552941154031193
00-0037120,T.Goodson,2023,RB,1.0647057925953585,-2.564706016989315
00-0034414,B.Scott,2023,RB,1.0470587786506205,-2.582353030934053
00-0038547,L.Schoonmaker,2023,TE,1.5588235294117647,-2.5941175573012414
00-0031585,M.Pruitt,2023,TE,1.5294117647058822,-2.6235293220071236
00-0037429,R.Blackshear,2023,RB,1.005882375380572,-2.6235294342041016
00-0034418,C.Wilson,2023,WR,4.0941175573012405,-2.6411765603458184
00-0039074,D.Allen,2023,TE,1.5,-2.652941086713006
00-0034646,B.Powell,2023,WR,4.064705792595358,-2.6705883250517006
00-0036438,S.Sullivan,2023,TE,1.4411764705882353,-2.7117646161247704
00-0032398,C.Moore,2023,WR,4.017647238338695,-2.717646879308364
00-0038589,J.Whyle,2023,TE,1.4352940952076632,-2.717646991505343
00-0038622,D.Vaughn,2023,RB,0.8823529411764706,-2.747058868408203
00-0035291,T.Williams,2023,RB,0.8764705657958984,-2.7529412437887752
00-0038797,E.Wilson,2023,RB,0.8705881904153263,-2.7588236191693474
00-0037539,L.Krull,2023,TE,1.3823529411764706,-2.7705881455365353
00-0037078,C.Turner,2023,TE,1.3529411764705883,-2.7999999102424176
00-0036269,L.Perine,2023,RB,0.8235294117647058,-2.8058823978199676
00-0037299,K.Ingram,2023,RB,0.8235294117647058,-2.8058823978199676
00-0039152,W.Levis,2023,QB,6.0011767219094665,-2.8070588953354783
00-0033757,R.Tonyan,2023,TE,1.3058823978199678,-2.8470586888930383
00-0034208,M.Boone,2023,RB,0.7823529523961684,-2.847058857188505
00-0038396,E.Gray,2023,RB,0.7647058823529411,-2.8647059272317326
00-0038046,C.Kolar,2023,TE,1.2764706331140854,-2.8764704535989205
00-0026158,J.Flacco,2023,QB,5.931764490464154,-2.8764711267807908
00-0036425,D.Dallas,2023,RB,0.7176470476038316,-2.911764761980842
00-0035500,G.Dortch,2023,WR,3.794117647058824,-2.941176470588235
00-0036158,J.Dobbins,2023,RB,0.6882352828979492,-2.9411765266867245
00-0036569,G.Brightwell,2023,RB,0.6823529636158663,-2.947058845968807
00-0029239,B.Bolden,2023,RB,0.6529411989099839,-2.97647061067469
00-0037745,V.Jones,2023,RB,0.6529411428114947,-2.976470666773179
00-0032134,C.Uzomah,2023,TE,1.16470583747415,-2.9882352492388558
00-0038685,C.Brooks,2023,RB,0.6235294342041016,-3.005882375380572
00-0032141,G.Swaim,2023,TE,1.1411764481488396,-3.0117646385641663
00-0038496,X.Gipson,2023,WR,3.688235338996439,-3.04705877865062
00-0035341,T.Irwin,2023,WR,3.682352851418888,-3.0529412662281707
00-0031428,A.Robinson,2023,WR,3.647058823529412,-3.0882352941176467
00-0033857,J.Smith-Schuster,2023,WR,3.588235294117647,-3.1470588235294117
00-0037666,J.Tolbert,2023,WR,3.576470543356503,-3.158823574290556
00-0038612,A.Perry,2023,WR,3.5647057925953582,-3.1705883250517006
00-0030874,D.Williams,2023,RB,0.4411764705882353,-3.1882353389964386
00-0038938,J.Hyatt,2023,WR,3.54705877865062,-3.188235338996439
00-0034521,A.Lazard,2023,WR,3.5352942522834327,-3.199999865363626
00-0033854,D.Ogunbowale,2023,RB,0.4294117759255802,-3.2000000336590935
00-0036165,I.Hodgins,2023,WR,3.5294117647058822,-3.2058823529411766
00-0037801,K.Turpin,2023,WR,3.511764750761144,-3.223529366885915
00-0036450,K.Vaughn,2023,RB,0.376470593845143,-3.2529412157395305
00-0035771,M.Wilcox,2023,TE,0.8588235518511604,-3.2941175348618454
00-0036332,J.Deguara,2023,TE,0.8529411764705882,-3.2999999102424176
00-0038935,B.Strange,2023,TE,0.8529411764705882,-3.2999999102424176
00-0038476,T.DeVito,2023,QB,5.50235299503102,-3.3058826222139244
00-0038951,S.Tucker,2023,RB,0.3058823697707232,-3.3235294398139503
00-0034419,B.Berrios,2023,WR,3.405882442698759,-3.3294116749483
00-0034750,R.Penny,2023,RB,0.2823529523961684,-3.347058857188505
00-0036145,L.Cager,2023,TE,0.7999999663409065,-3.3529411203720993
00-0033296,A.Armah,2023,RB,0.252941187690286,-3.376470621894388
00-0037410,J.Corbin,2023,RB,0.252941187690286,-3.376470621894388
00-0038558,D.Washington,2023,TE,0.7705882577335134,-3.3823528289794926
00-0038752,J.Bobo,2023,WR,3.3470589132869946,-3.3882352043600643
00-0024243,M.Lewis,2023,TE,0.758823506972369,-3.394117579740637
00-0033856,L.Fournette,2023,RB,0.2352941176470588,-3.394117691937615
00-0036493,D.Jackson,2023,RB,0.2352941176470588,-3.394117691937615
00-0036424,B.Hopkins,2023,TE,0.7529411315917969,-3.399999955121209
00-0038862,E.Dotson,2023,RB,0.2294117703157312,-3.4000000392689427
00-0034272,M.Valdes-Scantling,2023,WR,3.323529411764706,-3.411764705882353
00-0038809,B.Sims,2023,TE,0.7117647283217486,-3.441176358391257
00-0036860,J.Funk,2023,RB,0.1882352969225715,-3.441176512662102
00-0033118,K.Drake,2023,RB,0.1823529355666216,-3.447058874018052
00-0036336,A.McFarland,2023,RB,0.1823529355666216,-3.447058874018052
00-0037157,Z.Knight,2023,RB,0.1823529355666216,-3.447058874018052
00-0032062,B.Bell,2023,TE,0.6823529075173771,-3.470588179195629
00-0035715,D.Gore,2023,RB,0.1529411708607393,-3.4764706387239346
00-0035184,D.Ozigbo,2023,RB,0.1352941148421343,-3.494117694742539
00-0036857,C.Evans,2023,RB,0.1235294061548569,-3.505882403429817
00-0037827,T.Davis-Price,2023,RB,0.1235294061548569,-3.505882403429817
00-0039050,P.Durham,2023,TE,0.6352941288667566,-3.5176469578462495
00-0039136,Z.Evans,2023,RB,0.1117647114922018,-3.517647098092472
00-0034365,I.Thomas,2023,TE,0.6235294342041016,-3.5294116525089043
00-0036590,Q.Morris,2023,TE,0.6235294342041016,-3.5294116525089043
00-0038397,E.Hull,2023,RB,0.1000000028049244,-3.5294118067797493
00-0036842,K.Nwangwu,2023,RB,0.0764705854303696,-3.552941224154304
00-0035924,J.Ward,2023,RB,0.0647058837554034,-3.56470592582927
00-0035831,J.Robinson,2023,RB,0.0588235294117647,-3.570588280172909
00-0038090,S.Moore,2023,WR,3.158823574290556,-3.576470543356503
00-0036913,K.Toney,2023,WR,3.117647058823529,-3.61764705882353
00-0035594,T.Homer,2023,RB,0.0,-3.6294118095846737
00-0035806,J.Hasty,2023,RB,0.0,-3.6294118095846737
00-0038678,J.Mims,2023,RB,0.0,-3.6294118095846737
00-0036741,J.Stoll,2023,TE,0.5176470700432273,-3.6352940166697785
00-0038720,J.Hill,2023,TE,0.5176470700432273,-3.6352940166697785
00-0037837,C.Austin,2023,WR,3.1000000448787914,-3.6352940727682674
00-0032975,J.Williams,2023,RB,-0.0117647060576607,-3.6411765156423344
00-0028118,T.Taylor,2023,QB,5.137646843405331,-3.670588773839614
00-0037086,G.Calcaterra,2023,TE,0.4647058599135455,-3.6882352267994603
00-0037569,P.Hendershot,2023,TE,0.4588235406314625,-3.6941175460815434
00-0033537,D.Watson,2023,QB,5.1058825324563415,-3.7023530847886033
00-0036259,J.Jennings,2023,WR,3.0294117647058822,-3.7058823529411766
00-0037311,K.Kieft,2023,TE,0.423529400545008,-3.729411686167998
00-0038619,A.Iosivas,2023,WR,2.9764704984777115,-3.7588236191693474
00-0033536,M.Williams,2023,WR,2.95294122134938,-3.7823528962976787
00-0036429,C.Woerner,2023,TE,0.3647058711332433,-3.7882352155797627
00-0038783,N.Adkins,2023,TE,0.3647058711332433,-3.7882352155797627
00-0037252,G.Dulcich,2023,TE,0.3235294117647059,-3.8294116749483
00-0037277,T.Quitoriano,2023,TE,0.3117647171020508,-3.841176369610955
00-0036510,K.Yeboah,2023,TE,0.2823529523961684,-3.8705881343168373
00-0037282,J.Mitchell,2023,TE,0.2823529523961684,-3.8705881343168373
00-0037257,D.Bell,2023,WR,2.864705927231733,-3.870588190415326
00-0034983,H.Renfrow,2023,WR,2.8529411764705883,-3.8823529411764706
00-0033576,E.Saubert,2023,TE,0.2470588123097139,-3.905882274403292
00-0031484,C.Manhertz,2023,TE,0.211764700272504,-3.941176386440502
00-0035406,L.Humphrey,2023,WR,2.7764706331140854,-3.9588234845329735
00-0037317,N.Muse,2023,TE,0.1882352969225715,-3.9647057897904343
00-0035259,T.Wesco,2023,TE,0.1823529355666216,-3.970588151146384
00-0034073,R.Dwelley,2023,TE,0.1294117675108068,-4.023529319202199
00-0037306,J.FitzPatrick,2023,TE,0.1294117675108068,-4.023529319202199
00-0037091,B.Melton,2023,WR,2.700000089757583,-4.035294027889476
00-0037654,T.Fisk,2023,TE,0.1117647044798907,-4.0411763822331155
00-0034193,K.Rader,2023,TE,0.0941176484612857,-4.0588234382517205
00-0037506,C.Fotheringham,2023,TE,0.0941176484612857,-4.0588234382517205
00-0035562,J.Horsted,2023,TE,0.0823529397740083,-4.070588146938998
00-0032394,N.Vannett,2023,TE,0.0764705854303696,-4.076470501282636
00-0032543,A.Erickson,2023,WR,2.658823574290556,-4.076470543356503
00-0035956,G.Ricci,2023,TE,0.0705882380990421,-4.082352848613964
00-0034575,D.Wells,2023,TE,0.0588235294117647,-4.094117557301241
00-0029701,R.Tannehill,2023,QB,4.708235347972197,-4.100000269272748
00-0038979,C.Tillman,2023,WR,2.6000000448787914,-4.135294072768268
00-0036032,S.McKeon,2023,TE,0.0,-4.152941086713006
00-0036423,A.Okwuegbunam,2023,TE,0.0,-4.152941086713006
00-0037451,R.Williams,2023,TE,0.0,-4.152941086713006
00-0033555,M.Hollins,2023,WR,2.535294027889476,-4.200000089757583
00-0035215,D.Harty,2023,WR,2.4705882352941178,-4.264705882352941
00-0036415,V.Jefferson,2023,WR,2.429411719827091,-4.305882397819968
00-0033572,J.Agnew,2023,WR,2.3705881904153263,-4.364705927231732
00-0037742,T.Burks,2023,WR,2.3470589132869946,-4.388235204360065
00-0038606,P.Washington,2023,WR,2.305882397819968,-4.42941171982709
00-0035298,S.Miller,2023,WR,2.299999910242417,-4.435294207404642
00-0035208,O.Zaccheaus,2023,WR,2.258823619169348,-4.4764704984777115
00-0031941,J.Crowder,2023,WR,2.229411854463465,-4.505882263183594
00-0038573,D.Davis,2023,WR,2.217647103702321,-4.517647013944738
00-0039164,A.Richardson,2023,QB,4.275294135598576,-4.532941481646369
00-0034854,K.Hodge,2023,WR,2.188235338996438,-4.547058778650621
00-0027944,J.Jones,2023,WR,2.141176560345818,-4.5941175573012405
00-0038941,T.Scott,2023,WR,2.111764795639936,-4.623529322007123
00-0036271,Q.Watkins,2023,WR,2.070588280172909,-4.66470583747415
00-0036626,D.Brown,2023,WR,2.056470534380745,-4.678823583266314
00-0037487,D.Thompkins,2023,WR,2.0529412662281707,-4.682352851418888
00-0038108,B.Zappe,2023,QB,4.069411782657399,-4.738823834587546
00-0038465,M.Heath,2023,WR,1.9705882352941175,-4.764705882352941
00-0037273,K.Philips,2023,WR,1.9470589581657856,-4.788235159481273
00-0036955,T.Marshall,2023,WR,1.9352942074046413,-4.799999910242418
00-0036635,I.Smith-Marsette,2023,WR,1.911764705882353,-4.823529411764706
00-0035282,E.Stick,2023,QB,3.974117503446691,-4.834118113798254
00-0037614,J.Metchie,2023,WR,1.8941176919376148,-4.841176425709444
00-0033319,N.Mullens,2023,QB,3.925882676068474,-4.882352941176471
00-0038647,R.Bell,2023,WR,1.8117646610035616,-4.9235294566434975
00-0031800,T.Heinicke,2023,QB,3.882352941176471,-4.925882676068474
00-0035639,P.Campbell,2023,WR,1.7882352716782517,-4.947058845968807
00-0034297,B.Pringle,2023,WR,1.7705881455365349,-4.964705972110524
00-0031345,J.Garoppolo,2023,QB,3.770588145536535,-5.03764747170841
00-0034407,R.McCloud,2023,WR,1.6764705882352942,-5.0588235294117645
00-0036233,D.Peoples-Jones,2023,WR,1.6764705882352942,-5.0588235294117645
00-0036387,J.Reagor,2023,WR,1.6764705882352942,-5.0588235294117645
00-0035140,M.Hardman,2023,WR,1.6294118095846737,-5.105882308062386
00-0038104,T.Thornton,2023,WR,1.6000000448787914,-5.135294072768268
00-0034054,R.Cracraft,2023,WR,1.594117669498219,-5.14117644814884
00-0034487,T.Sherfield,2023,WR,1.5058822631835938,-5.229411854463465
00-0035414,J.Guyton,2023,WR,1.4647058599135454,-5.270588257733514
00-0032688,R.Chosen,2023,WR,1.329411787145278,-5.405882330501781
00-0036364,L.Bowden,2023,WR,1.3235294117647058,-5.411764705882353
00-0032385,S.Shepard,2023,WR,1.3117646610035616,-5.4235294566434975
00-0038618,X.Hutchinson,2023,WR,1.2882352716782517,-5.447058845968807
00-0035710,D.Jones,2023,QB,3.350588181439568,-5.457647435805377
00-0036326,C.Claypool,2023,WR,1.2764706331140854,-5.4588234845329735
00-0036268,L.Shenault,2023,WR,1.2647058823529411,-5.470588235294118
00-0036862,B.Skowronek,2023,WR,1.2647058823529411,-5.470588235294118
00-0034286,R.James,2023,WR,1.258823506972369,-5.47647061067469
00-0038576,C.Jones,2023,WR,1.2176471037023209,-5.517647013944738
00-0033466,I.McKenzie,2023,WR,1.2117647283217483,-5.523529389325311
00-0033589,D.Moore,2023,WR,1.2000000897575829,-5.535294027889476
00-0036497,T.Jones,2023,WR,1.1352940727682674,-5.600000044878792
00-0038416,T.Bagent,2023,QB,3.132941077737247,-5.675294539507698
00-0037098,S.Toure,2023,WR,1.0470587786506205,-5.688235338996439
00-0028002,R.Cobb,2023,WR,0.994117624619428,-5.741176493027631
00-0038492,J.Brownlee,2023,WR,0.9764706106746898,-5.758823506972369
00-0034317,K.Kirkwood,2023,WR,0.8647058711332434,-5.870588246513815
00-0035045,D.Montgomery,2023,WR,0.8588235518511604,-5.876470565795898
00-0030068,M.Goodwin,2023,WR,0.8235294117647058,-5.911764705882353
00-0033869,M.Trubisky,2023,QB,2.8635294297162224,-5.944706187528722
00-0038640,J.Brooks,2023,WR,0.7294117983649758,-6.005882319282083
00-0037216,J.Ross,2023,WR,0.664705893572639,-6.07058822407442
00-0034279,E.St. Brown,2023,WR,0.6588235181920669,-6.076470599454992
00-0037745,V.Jones,2023,WR,0.6529411428114947,-6.0823529748355645
00-0038821,R.Jarrett,2023,WR,0.5882352941176471,-6.147058823529412
00-0032128,C.Conley,2023,WR,0.582352918737075,-6.152941198909984
00-0032200,T.Montgomery,2023,WR,0.582352918737075,-6.152941198909984
00-0031763,D.Carter,2023,WR,0.5705882240744198,-6.1647058935726395
00-0035120,K.Doss,2023,WR,0.5470588347491097,-6.188235282897949
00-0036427,T.Johnson,2023,WR,0.5176470700432273,-6.2176470476038315
00-0037132,B.Covey,2023,WR,0.4823529299567727,-6.252941187690286
00-0036630,T.Wallace,2023,WR,0.4764706106746898,-6.258823506972369
00-0036646,S.Fehoko,2023,WR,0.4647058879627901,-6.270588229684269
00-0036331,D.Duvernay,2023,WR,0.4294117759255802,-6.305882341721478
00-0036841,A.Trammell,2023,WR,0.4058823585510254,-6.3294117590960335
00-0038667,E.Cooks,2023,WR,0.4000000112196978,-6.335294106427361
00-0029293,M.Jones,2023,WR,0.3823529411764705,-6.352941176470589
00-0033251,Z.Pascal,2023,WR,0.3470588291392606,-6.388235288507798
00-0037291,J.Nailor,2023,WR,0.3470588010900161,-6.388235316557043
00-0034928,S.Sims,2023,WR,0.3294117590960334,-6.405882358551025
00-0036482,M.Strachan,2023,WR,0.3235294117647059,-6.411764705882353
00-0035645,G.Olszewski,2023,WR,0.2941176470588235,-6.4411764705882355
00-0035934,T.Jackson,2023,WR,0.2882352997274959,-6.447058817919563
00-0035703,M.Boykin,2023,WR,0.2764705770155963,-6.458823540631463
00-0034771,M.Rudolph,2023,QB,2.327058904311236,-6.481176712933708
00-0038608,K.Boutte,2023,WR,0.2294117562911089,-6.50588236135595
00-0030663,W.Snead,2023,WR,0.2000000056098489,-6.53529411203721
00-0035480,M.Taylor,2023,WR,0.1941176582785213,-6.541176459368538
00-0032951,L.Treadwell,2023,WR,0.1529411708607393,-6.58235294678632
00-0038092,E.Ezukanma,2023,WR,0.1294117675108068,-6.605882350136252
00-0036254,C.Johnson,2023,WR,0.1235294061548569,-6.611764711492202
00-0035164,C.Thompson,2023,WR,0.1176470588235294,-6.61764705882353
00-0036176,M.Kinsey,2023,WR,0.0941176484612857,-6.6411764691857735
00-0038632,C.Dowell,2023,WR,0.0764705854303696,-6.658823532216689
00-0037420,K.Lassiter,2023,WR,0.0705882380990421,-6.664705879548017
00-0038627,A.Green,2023,WR,0.0705882380990421,-6.664705879548017
00-0036620,D.Eskridge,2023,WR,0.0294117647058823,-6.705882352941177
00-0031868,D.Byrd,2023,WR,0.0,-6.735294117647059
00-0032208,P.Dorsett,2023,WR,0.0,-6.735294117647059
00-0035593,J.Winfree,2023,WR,0.0,-6.735294117647059
00-0036133,J.Proche,2023,WR,0.0,-6.735294117647059
00-0036991,A.Rodgers,2023,WR,0.0,-6.735294117647059
00-0037156,I.Charles,2023,WR,0.0,-6.735294117647059
00-0038891,S.Jackson,2023,WR,0.0,-6.735294117647059
00-0038911,M.Cunningham,2023,WR,0.0,-6.735294117647059
00-0033292,T.Taylor,2023,WR,-0.0117647060576607,-6.7470588237047195
00-0035704,D.Lock,2023,QB,1.7129411136402803,-7.095294503604665
00-0032156,T.Siemian,2023,QB,1.5858822990866268,-7.2223533181583175
00-0035264,J.Stidham,2023,QB,1.5670587876263786,-7.241176829618566
00-0032950,C.Wentz,2023,QB,1.5364706376019646,-7.27176497964298
00-0035993,T.Huntley,2023,QB,1.5070588728960823,-7.301176744348862
00-0027973,A.Dalton,2023,QB,1.390588311588063,-7.417647305656882
00-0034869,S.Darnold,2023,QB,1.3752940682803882,-7.432941548964557
00-0033119,J.Brissett,2023,QB,1.3447059182559742,-7.463529698988971
00-0038583,D.Thompson-Robinson,2023,QB,1.3000000224393955,-7.50823559480555
00-0033936,C.Beathard,2023,QB,1.262352887321921,-7.545882729923024
00-0033275,P.Walker,2023,QB,1.174117593204274,-7.634118024040671
00-0036898,D.Mills,2023,QB,1.0482352761661304,-7.760000341078815
00-0032436,J.Driskel,2023,QB,0.8199999753166648,-7.98823564192828
00-0031503,J.Winston,2023,QB,0.7035294140086454,-8.104706203236299
00-0032268,M.Mariota,2023,QB,0.6917647193459904,-8.116470897898955
00-0034177,T.Boyle,2023,QB,0.6411764481488396,-8.167059169096106
00-0028986,C.Keenum,2023,QB,0.5729411630069509,-8.235294454237994
00-0038582,C.Tune,2023,QB,0.4399999730727252,-8.36823564417222
00-0034955,B.Rypien,2023,QB,0.3988235137041877,-8.409412103540758
00-0027948,B.Gabbert,2023,QB,0.3470588571885052,-8.46117676005644
00-0026625,B.Hoyer,2023,QB,0.290588238660027,-8.517647378584918
00-0033662,C.Rush,2023,QB,0.191764705321368,-8.616470911923576
00-0038128,M.Willis,2023,QB,0.1799999966340906,-8.628235620610853
00-0038598,J.Hall,2023,QB,0.1247058756211224,-8.683529741623822
00-0034401,M.White,2023,QB,0.1211764672223259,-8.687059150022618
00-0038391,S.Clifford,2023,QB,0.0752941159641041,-8.732941501280841
00-0031288,A.McCarron,2023,QB,0.0447058817919562,-8.76352973545299
00-0023459,A.Rodgers,2023,QB,0.0,-8.808235617244945
00-0036928,K.Trask,2023,QB,-0.0058823530288303,-8.814117970273776
00-0031237,T.Bridgewater,2023,QB,-0.0117647060576607,-8.820000323302606
00-0030533,M.Barkley,2023,QB,-0.0176470595247605,-8.825882676769705
00-0034438,L.Woodside,2023,QB,-0.018823528991026,-8.827059146235971
00-0033958,N.Peterman,2023,QB,-0.0235294121153214,-8.831765029360266
00-0034577,K.Allen,2023,QB,-0.0764705924426808,-8.884706209687625
00-0029892,,2023,,2.264705882352941,
00-0030968,,2023,,0.3705882465138155,
00-0031595,,2023,,0.3941176358391257,
00-0032918,,2023,,0.5999999887803021,
00-0033376,,2023,,0.9529412213493796,
00-0034171,,2023,,0.0,
00-0034433,,2023,,0.6764705882352942,
00-0034959,,2023,,2.282352896297679,
00-0035099,,2023,,0.3411764537586885,
00-0035125,,2023,,1.4647058599135454,
00-0035726,,2023,,0.1294117675108068,
00-0036187,,2023,,0.0764705854303696,
00-0036727,,2023,,0.1411764761980842,
00-0038738,,2023,,0.7470588123097139,
00-0033699,A.Ekeler,2022,RB,21.92353012982537,17.558824426987595
00-0033280,C.McCaffrey,2022,RB,20.96235207950368,16.597646376665907
00-0035700,J.Jacobs,2022,RB,19.31176398782169,14.947058284983914
00-0036322,J.Jefferson,2022,WR,21.68588256835937,14.915294422822836
00-0033873,P.Mahomes,2022,QB,24.55294081744026,14.634117575252759
00-0030506,T.Kelce,2022,TE,18.60588343003217,14.48823637120864
00-0032764,D.Henry,2022,RB,17.809412339154413,13.444706636316639
00-0034857,J.Allen,2022,QB,23.26588170668658,13.347058464499082
00-0033040,T.Hill,2022,WR,20.07058895335478,13.300000807818243
00-0031381,D.Adams,2022,WR,19.735294117647054,12.964705972110519
00-0034844,S.Barkley,2022,RB,16.705882352941178,12.341176650103403
00-0036389,J.Hurts,2022,QB,22.23764756146599,12.318824319278491
00-0034791,N.Chubb,2022,RB,16.55294081744026,12.188235114602485
00-0031588,S.Diggs,2022,WR,18.62352977079504,11.852941625258506
00-0036358,C.Lamb,2022,WR,17.741176829618567,10.970588684082031
00-0035676,A.Brown,2022,WR,17.623529770795038,10.852941625258502
00-0036442,J.Burrow,2022,QB,20.629412482766543,10.710589240579043
00-0036875,R.Stevenson,2022,RB,14.652940637925091,10.288234935087317
00-0035261,T.Pollard,2022,RB,14.635294297162224,10.270588594324447
00-0033293,A.Jones,2022,RB,14.623529770795036,10.25882406795726
00-0033897,J.Mixon,2022,RB,14.088235294117649,9.723529591279874
00-0033893,D.Cook,2022,RB,13.988235473632812,9.623529770795038
00-0036963,A.St. Brown,2022,WR,15.741176829618569,8.970588684082035
00-0033856,L.Fournette,2022,RB,13.300000359030332,8.935294656192557
00-0033948,J.Williams,2022,RB,13.288234935087315,8.923529232249539
00-0036893,N.Harris,2022,RB,13.144705379710478,8.779999676872702
00-0035229,T.Hockenson,2022,TE,12.670588773839611,8.552941715016082
00-0036613,J.Waddle,2022,WR,15.247059541590074,8.47647139605354
00-0035243,M.Sanders,2022,RB,12.747058644014244,8.382352941176467
00-0036912,D.Smith,2022,WR,14.976470049689798,8.205881904153262
00-0033906,A.Kamara,2022,RB,12.452940996955425,8.088235294117649
00-0030565,G.Smith,2022,QB,17.875294404871322,7.9564711626838225
00-0031544,A.Cooper,2022,WR,14.470588235294118,7.700000089757583
00-0033288,G.Kittle,2022,TE,11.794117647058824,7.676470588235295
00-0036973,T.Etienne,2022,RB,11.947059182559745,7.582353479721969
00-0034775,C.Kirk,2022,WR,14.347058464499082,7.576470318962547
00-0038134,K.Walker,2022,RB,11.911764705882351,7.547059003044576
00-0036945,J.Fields,2022,QB,17.410588881548712,7.491765639361212
00-0036900,J.Chase,2022,WR,14.258823170381431,7.488235024844896
00-0036971,T.Lawrence,2022,QB,17.389411477481616,7.470588235294116
00-0033553,J.Conner,2022,RB,11.77647040872013,7.411764705882354
00-0032211,T.Lockett,2022,WR,14.07647076775046,7.305882622213924
00-0029604,K.Cousins,2022,QB,17.151763916015625,7.232940673828125
00-0031376,J.McKinnon,2022,RB,11.547059003044575,7.1823533002068
00-0034753,M.Andrews,2022,TE,11.205882352941176,7.088235294117647
00-0035710,D.Jones,2022,QB,17.0,7.0811767578125
00-0036275,D.Swift,2022,RB,11.241176829618569,6.876471126780793
00-0033106,J.Goff,2022,QB,16.724706313189337,6.805883071001837
00-0035659,T.McLaurin,2022,WR,13.470588235294118,6.700000089757583
00-0036261,B.Aiyuk,2022,WR,13.400000179515166,6.629412033978631
00-0036355,J.Herbert,2022,QB,16.54470645680147,6.625883214613971
00-0035640,D.Metcalf,2022,WR,13.3411766501034,6.570588504566865
00-0033045,E.Elliott,2022,RB,10.929411944221048,6.564706241383273
00-0031408,M.Evans,2022,WR,13.258823170381431,6.488235024844896
00-0033921,C.Godwin,2022,WR,13.10588253245634,6.335294386919805
00-0033881,E.Engram,2022,TE,10.405881993910846,6.288234935087317
00-0036410,T.Higgins,2022,WR,12.994117288028493,6.223529142491958
00-0035250,D.Singletary,2022,RB,10.46470552332261,6.099999820484835
00-0035685,D.Montgomery,2022,RB,10.452940996955425,6.088235294117649
00-0019596,T.Brady,2022,QB,15.9800002154182,6.061176973230699
00-0036252,M.Pittman,2022,WR,12.735294117647058,5.964705972110523
00-0037740,G.Wilson,2022,WR,12.68823511460248,5.917646969065944
00-0031687,R.Mostert,2022,RB,9.900000179515166,5.53529447667739
00-0036265,A.Dillon,2022,RB,9.858823888442096,5.494118185604321
00-0037258,D.Pierce,2022,RB,9.788234935087315,5.42352923224954
00-0036328,A.Gibson,2022,RB,9.758823170381431,5.394117467543656
00-0036407,J.Jeudy,2022,WR,12.011764526367188,5.241176380830653
00-0033908,C.Kupp,2022,WR,11.847058464499082,5.076470318962547
00-0037263,T.Allgeier,2022,RB,9.376470229204964,5.011764526367188
00-0034115,J.Wilson,2022,RB,9.323529411764708,4.958823708926933
00-0034827,D.Moore,2022,WR,11.711765064912685,4.94117691937615
00-0037239,C.Olave,2022,WR,11.6588233498966,4.888235204360066
00-0033891,Z.Jones,2022,WR,11.652941535500918,4.882353389964384
00-0033110,T.Higbee,2022,TE,8.941176470588236,4.8235294117647065
00-0030578,C.Patterson,2022,RB,9.099999820484834,4.735294117647059
00-0030513,L.Murray,2022,RB,9.070588055778952,4.705882352941177
00-0036894,P.Freiermuth,2022,TE,8.717646879308363,4.599999820484834
00-0036290,C.Kmet,2022,TE,8.664706061868106,4.547059003044577
00-0033357,T.Hill,2022,TE,8.57647076775046,4.45882370892693
00-0034383,D.Schultz,2022,TE,8.394117467543659,4.2764704087201295
00-0036223,J.Taylor,2022,RB,8.611764346852022,4.247058644014246
00-0033885,D.Njoku,2022,TE,8.352941176470589,4.23529411764706
00-0034351,D.Goedert,2022,TE,8.305882173426012,4.188235114602483
00-0023459,A.Rodgers,2022,QB,14.070588055778952,4.151764813591452
00-0033857,J.Smith-Schuster,2022,WR,10.900000179515166,4.129412033978631
00-0033895,G.Everett,2022,TE,8.205882352941176,4.088235294117647
00-0034960,J.Meyers,2022,WR,10.8411766501034,4.070588504566865
00-0033526,S.Perine,2022,RB,8.358823888442096,3.9941181856043206
00-0034796,L.Jackson,2022,QB,13.887058931238512,3.9682356890510118
00-0036414,C.Akers,2022,RB,8.311764885397519,3.9470591825597436
00-0037256,R.White,2022,RB,8.300000359030332,3.935294656192556
00-0035689,D.Knox,2022,TE,7.982352761661305,3.8647057028377763
00-0035216,D.Johnson,2022,WR,10.629411585190716,3.8588234396541816
00-0030035,A.Thielen,2022,WR,10.588235294117649,3.8176471485811136
00-0036040,J.Johnson,2022,TE,7.929411944221048,3.811764885397519
00-0037238,D.London,2022,WR,10.505882711971507,3.7352945664349724
00-0036212,T.Tagovailoa,2022,QB,13.583529304055606,3.664706061868106
00-0034270,T.Conklin,2022,TE,7.735294117647059,3.61764705882353
00-0033536,M.Williams,2022,WR,10.382352941176473,3.611764795639938
00-0033282,C.Samuel,2022,WR,10.370588414809284,3.6000002692727486
00-0037197,I.Pacheco,2022,RB,7.9411764705882355,3.57647076775046
00-0034521,A.Lazard,2022,WR,10.282353120691637,3.511764975155102
00-0029263,R.Wilson,2022,QB,13.279999676872702,3.361176434685202
00-0033925,D.Foreman,2022,RB,7.705882352941177,3.3411766501034013
00-0036196,G.Davis,2022,WR,10.094118006089154,3.323529860552619
00-0036988,J.Palmer,2022,WR,9.95882370892693,3.1882355633903954
00-0035719,D.Samuel,2022,WR,9.905882891486671,3.1352947459501364
00-0033923,K.Hunt,2022,RB,7.45882370892693,3.094118006089155
00-0035644,N.Fant,2022,TE,7.21176461612477,3.0941175573012414
00-0033009,T.Boyd,2022,WR,9.830587948069851,3.0599998025333166
00-0036233,D.Peoples-Jones,2022,WR,9.829412123736214,3.058823978199679
00-0036924,M.Carter,2022,RB,7.411764705882353,3.047059003044578
00-0037247,G.Pickens,2022,WR,9.794117647058824,3.0235295015222894
00-0031280,D.Carr,2022,QB,12.887058931238512,2.9682356890510118
00-0038124,C.Watson,2022,WR,9.652941535500918,2.8823533899643836
00-0030279,K.Allen,2022,WR,9.647058823529411,2.8764706779928764
00-0034364,J.Akins,2022,TE,6.852941176470588,2.735294117647059
00-0030061,Z.Ertz,2022,TE,6.799999910242417,2.682352851418888
00-0034348,C.Sutton,2022,WR,9.37647112678079,2.605882981244256
00-0036906,K.Herbert,2022,RB,6.929411944221048,2.5647062413832726
00-0033757,R.Tonyan,2022,TE,6.588235294117647,2.4705882352941178
00-0038120,B.Hall,2022,RB,6.770588145536535,2.4058824426987595
00-0035662,M.Brown,2022,WR,9.176470588235292,2.405882442698757
00-0036345,K.Osborn,2022,WR,9.152941535500918,2.3823533899643836
00-0033555,M.Hollins,2022,WR,9.068235509535846,2.297647363999311
00-0037746,B.Robinson,2022,RB,6.629412033978631,2.2647063311408555
00-0030564,D.Hopkins,2022,WR,8.92352923224954,2.152941086713006
00-0034830,H.Hurst,2022,TE,6.200000089757583,2.082353030934054
00-0035639,P.Campbell,2022,WR,8.77058859432445,2.0000004487879144
00-0033090,H.Henry,2022,TE,6.111764795639935,1.9941177368164062
00-0035228,K.Murray,2022,QB,11.79529436896829,1.8764711267807908
00-0037248,J.Cook,2022,RB,6.217646879308364,1.8529411764705888
00-0031236,B.Cooks,2022,WR,8.564706241383272,1.7941180958467369
00-0033077,D.Prescott,2022,QB,11.6823533002068,1.7635300580193007
00-0033118,K.Drake,2022,RB,6.123529322007123,1.7588236191693474
00-0034829,M.Gesicki,2022,TE,5.776470408720129,1.6588233498965996
00-0032268,M.Mariota,2022,QB,11.56235279756434,1.6435295553768405
00-0032392,A.Hooper,2022,TE,5.729411854463465,1.6117647956399361
00-0037809,C.Okonkwo,2022,TE,5.717646879308364,1.5999998204848351
00-0036360,C.Edwards-Helaire,2022,RB,5.782353120691636,1.4176474178538605
00-0034286,R.James,2022,WR,8.147058823529411,1.3764706779928764
00-0038129,C.Otton,2022,TE,5.476470498477712,1.3588234396541834
00-0037838,I.Likely,2022,TE,5.370588414809284,1.2529413559857554
00-0037228,J.Warren,2022,RB,5.4882354736328125,1.1235297707950371
00-0034981,F.Moreau,2022,TE,5.117647058823529,1.0
00-0034159,W.Dissly,2022,TE,5.111764795639935,0.9941177368164062
00-0035657,D.Harris,2022,RB,5.347058913286994,0.9823532104492188
00-0037252,G.Dulcich,2022,TE,5.064705792595358,0.9470587337718293
00-0037741,J.Dotson,2022,WR,7.682353300206802,0.9117651546702668
00-0036555,C.Hubbard,2022,RB,5.276470408720129,0.9117647058823533
00-0036383,E.Benjamin,2022,RB,5.270588145536535,0.9058824426987595
00-0031610,D.Waller,2022,TE,4.9882354736328125,0.8705884148092835
00-0035831,J.Robinson,2022,RB,5.21176461612477,0.847058913286995
00-0034972,A.Mattison,2022,RB,5.200000089757583,0.8352943869198075
00-0036919,K.Gainwell,2022,RB,5.170588325051701,0.8058826222139253
00-0035535,D.Slayton,2022,WR,7.552940817440257,0.7823526719037224
00-0036898,D.Mills,2022,QB,10.677647310144762,0.7588240679572618
00-0032144,M.Gordon,2022,RB,5.123529322007123,0.7588236191693474
00-0036493,D.Jackson,2022,RB,4.970588235294118,0.6058825324563424
00-0034411,R.Gage,2022,WR,7.270588145536535,0.5
00-0031260,L.Thomas,2022,TE,4.547059003044577,0.429411944221048
00-0034272,M.Valdes-Scantling,2022,WR,7.200000089757583,0.429411944221048
00-0034367,N.Hines,2022,RB,4.78823538387523,0.42352968103745425
00-0034367,N.Miller-Hines,2022,RB,4.78823538387523,0.42352968103745425
00-0036158,J.Dobbins,2022,RB,4.776470408720129,0.41176470588235325
00-0027973,A.Dalton,2022,QB,10.24941208783318,0.33058884564568025
00-0036970,K.Pitts,2022,TE,4.447058733771829,0.32941167494830026
00-0038115,D.Bellinger,2022,TE,4.411764705882353,0.29411764705882426
00-0033466,I.McKenzie,2022,WR,7.047058554256664,0.2764704087201295
00-0037755,J.Woods,2022,TE,4.364705702837775,0.24705864401424638
00-0034253,D.Hilliard,2022,RB,4.54117629107307,0.17647058823529438
00-0030431,R.Woods,2022,WR,6.923529232249541,0.15294108671300588
00-0029293,M.Jones,2022,WR,6.876470677992877,0.10588253245634238
00-0036972,M.Jones,2022,QB,10.00470599006204,0.08588274787454075
00-0032464,K.Raymond,2022,WR,6.835293938131893,0.06470579259535825
00-0036331,D.Duvernay,2022,WR,6.829411674948299,0.0588235294117645
00-0032398,C.Moore,2022,WR,6.770588145536535,0.0
00-0033119,J.Brissett,2022,QB,9.9188232421875,0.0
00-0034681,C.Edmonds,2022,RB,4.364705702837775,0.0
00-0035500,G.Dortch,2022,WR,6.770588145536535,0.0
00-0036637,N.Gray,2022,TE,4.117647058823529,0.0
00-0033591,N.Brown,2022,WR,6.735294117647059,-0.035294027889476
00-0035664,D.Henderson,2022,RB,4.323529411764706,-0.04117629107306975
00-0031763,D.Carter,2022,WR,6.723529142491958,-0.047059003044577
00-0036244,C.Parkinson,2022,TE,4.070588055778952,-0.047059003044577
00-0030288,R.Burkhead,2022,RB,4.200000089757583,-0.1647056130801925
00-0037664,A.Pierce,2022,WR,6.6058825324563415,-0.16470561308019338
00-0029701,R.Tannehill,2022,QB,9.720000323127298,-0.198822919060202
00-0031345,J.Garoppolo,2022,QB,9.692941104664522,-0.22588213752297825
00-0035806,J.Hasty,2022,RB,4.117647058823529,-0.24705864401424638
00-0035208,O.Zaccheaus,2022,WR,6.470588235294118,-0.2999999102424171
00-0036754,B.Wright,2022,TE,3.7411763808306526,-0.37647067799287637
00-0036232,H.Bryant,2022,TE,3.6294118095846737,-0.4882352492388553
00-0037744,T.McBride,2022,TE,3.6176468344295727,-0.5000002243939563
00-0036876,K.Granson,2022,TE,3.6000000448787914,-0.5176470139447376
00-0036370,J.Kelley,2022,RB,3.811764885397519,-0.5529408174402564
00-0036251,Z.Moss,2022,RB,3.794117647058824,-0.5705880557789516
00-0034764,M.Gallup,2022,WR,6.200000089757583,-0.570588055778952
00-0036326,C.Claypool,2022,WR,6.178823583266315,-0.5917645622702201
00-0033943,J.Reynolds,2022,WR,6.111764795639935,-0.6588233498965996
00-0032775,D.Robinson,2022,WR,6.105882083668428,-0.6647060618681069
00-0031547,D.Parker,2022,WR,6.052941266228171,-0.7176468793083641
00-0026143,M.Ryan,2022,QB,9.134117575252755,-0.7847056669347445
00-0037816,R.Doubs,2022,WR,5.976470498477712,-0.7941176470588225
00-0036309,D.Mooney,2022,WR,5.970588235294118,-0.7999999102424171
00-0032134,C.Uzomah,2022,TE,3.305882397819968,-0.8117646610035609
00-0033308,M.Breida,2022,RB,3.517647013944738,-0.8470586888930374
00-0037545,R.Shaheed,2022,WR,5.911764705882353,-0.8588234396541816
00-0034970,I.Smith,2022,TE,3.247058868408203,-0.8705881904153259
00-0034184,G.Edwards,2022,RB,3.488235249238856,-0.8764704535989192
00-0036165,I.Hodgins,2022,WR,5.8941174675436585,-0.8764706779928764
00-0031585,M.Pruitt,2022,TE,3.235294117647059,-0.8823529411764701
00-0037157,Z.Knight,2022,RB,3.4705882352941178,-0.8941174675436576
00-0037005,T.Tremble,2022,TE,3.200000089757583,-0.9176469690659461
00-0033217,M.Alie-Cox,2022,TE,3.1705883250517,-0.9470587337718288
00-0034777,D.Chark,2022,WR,5.776470408720129,-0.9941177368164062
00-0033871,C.Davis,2022,WR,5.741176380830653,-1.0294117647058822
00-0033858,J.Smith,2022,TE,3.0588235294117645,-1.0588235294117645
00-0036554,N.Collins,2022,WR,5.71176461612477,-1.0588235294117645
00-0032602,J.McKissic,2022,RB,3.282352896297679,-1.0823528065400962
00-0038102,K.Pickett,2022,QB,8.815294153550091,-1.1035290886374085
00-0032104,A.Abdullah,2022,RB,3.182352851418888,-1.1823528514188872
00-0035140,M.Hardman,2022,WR,5.517647238338695,-1.2529409071978401
00-0038041,J.Ferguson,2022,TE,2.8470589132869946,-1.2705881455365344
00-0034750,R.Penny,2022,RB,3.070588280172909,-1.2941174226648662
00-0033357,T.Hill,2022,QB,8.57647076775046,-1.3423524744370408
00-0034440,J.Jackson,2022,RB,3.0058824875775505,-1.3588232152602249
00-0027966,M.Ingram,2022,RB,2.9470587337718293,-1.4176469690659461
00-0030068,M.Goodwin,2022,WR,5.305882173426011,-1.464705972110524
00-0036422,A.Trautman,2022,TE,2.6294118095846737,-1.4882352492388553
00-0033854,D.Ogunbowale,2022,RB,2.864705927231733,-1.4999997756060424
00-0033307,K.Bourne,2022,WR,5.194117826573989,-1.5764703189625457
00-0036980,E.Moore,2022,WR,5.182352851418888,-1.5882352941176467
00-0037742,T.Burks,2022,WR,5.182352851418888,-1.5882352941176467
00-0036936,R.Moore,2022,WR,5.170588325051701,-1.5999998204848342
00-0034414,B.Scott,2022,RB,2.717647103702321,-1.6470585991354545
00-0036425,D.Dallas,2022,RB,2.717647103702321,-1.6470585991354545
00-0036534,S.Zylstra,2022,TE,2.411764705882353,-1.7058823529411762
00-0035249,J.Oliver,2022,TE,2.405882442698759,-1.71176461612477
00-0037429,R.Blackshear,2022,RB,2.647058823529412,-1.7176468793083632
00-0036829,C.Huntley,2022,RB,2.641176560345818,-1.7235291424919574
00-0034365,I.Thomas,2022,TE,2.394117691937615,-1.7235293668859142
00-0034798,D.Smythe,2022,TE,2.3529411764705883,-1.7647058823529407
00-0031428,A.Robinson,2022,WR,4.994117736816406,-1.7764704087201286
00-0037569,P.Hendershot,2022,TE,2.323529411764706,-1.794117647058823
00-0036271,Q.Watkins,2022,WR,4.970588235294118,-1.7999999102424171
00-0036567,E.Mitchell,2022,RB,2.5647057925953582,-1.7999999102424171
00-0036862,B.Skowronek,2022,WR,4.95882370892693,-1.8117644366096046
00-0033246,J.Mundt,2022,TE,2.294117647058824,-1.8235294117647052
00-0035594,T.Homer,2022,RB,2.535294027889476,-1.8294116749482994
00-0035537,T.Johnson,2022,RB,2.517647013944738,-1.8470586888930374
00-0034487,T.Sherfield,2022,WR,4.923529232249541,-1.8470589132869941
00-0036955,T.Marshall,2022,WR,4.882352941176471,-1.8882352043600639
00-0034975,J.Hill,2022,RB,2.4705882352941178,-1.8941174675436576
00-0036997,J.Williams,2022,RB,2.4705882352941178,-1.8941174675436576
00-0036182,N.Westbrook-Ikhine,2022,WR,4.864705702837775,-1.9058824426987595
00-0036259,J.Jennings,2022,WR,4.858823439654182,-1.9117647058823533
00-0031273,C.Brate,2022,TE,2.200000089757583,-1.9176469690659461
00-0035771,M.Wilcox,2022,TE,2.1705883250517,-1.9470587337718288
00-0028002,R.Cobb,2022,WR,4.805882173426011,-1.964705972110524
00-0033879,O.Howard,2022,TE,2.147058823529412,-1.9705882352941169
00-0033576,E.Saubert,2022,TE,2.105882308062385,-2.011764750761144
00-0037304,C.Heyward,2022,TE,2.105882308062385,-2.011764750761144
00-0033951,M.Mack,2022,RB,2.252941131591797,-2.1117645712459785
00-0034983,H.Renfrow,2022,WR,4.647058823529412,-2.1235293220071227
00-0037745,V.Jones,2022,RB,2.235294117647059,-2.1294115851907165
00-0036415,V.Jefferson,2022,WR,4.641176111557904,-2.129412033978631
00-0035222,Z.Gentry,2022,TE,1.8941176919376148,-2.223529366885914
00-0036950,A.Williams,2022,RB,2.117647058823529,-2.2470586440142464
00-0035547,J.Fortson,2022,TE,1.870588302612305,-2.2470587562112243
00-0036145,L.Cager,2022,TE,1.8117646610035616,-2.3058823978199676
00-0036628,J.Bates,2022,TE,1.8117646610035616,-2.3058823978199676
00-0037277,T.Quitoriano,2022,TE,1.7823528962976791,-2.33529416252585
00-0037563,M.Davis,2022,RB,2.023529277128332,-2.341176425709443
00-0031549,N.Agholor,2022,WR,4.423529232249541,-2.347058913286994
00-0035329,D.Parham,2022,TE,1.7058823529411764,-2.4117647058823524
00-0031690,E.Tomlinson,2022,TE,1.7000000897575829,-2.417646969065946
00-0037282,J.Mitchell,2022,TE,1.66470583747415,-2.452941221349379
00-0037525,J.Mason,2022,RB,1.8705881904153263,-2.494117512422449
00-0036268,L.Shenault,2022,WR,4.276470408720129,-2.4941177368164062
00-0036556,B.Jordan,2022,TE,1.5764705433565027,-2.5411765154670265
00-0035567,C.Reynolds,2022,RB,1.8117646610035616,-2.552941041834214
00-0024243,M.Lewis,2022,TE,1.5647059047923368,-2.552941154031192
00-0037840,K.Williams,2022,RB,1.7941176470588236,-2.570588055778952
00-0036423,A.Okwuegbunam,2022,TE,1.5,-2.617647058823529
00-0027944,J.Jones,2022,WR,4.141176560345818,-2.6294115851907165
00-0033572,J.Agnew,2022,WR,4.135294297162225,-2.6352938483743102
00-0036569,G.Brightwell,2022,RB,1.7058823529411764,-2.6588233498965987
00-0034208,M.Boone,2022,RB,1.6941176021800322,-2.670588100657743
00-0035624,N.Harry,2022,TE,1.447058733771829,-2.6705883250516997
00-0036332,J.Deguara,2022,TE,1.4352940952076632,-2.682352963615866
00-0032141,G.Swaim,2022,TE,1.3999999551212086,-2.7176471037023204
00-0033439,P.Brown,2022,TE,1.3941175797406364,-2.7235294790828926
00-0036741,J.Stoll,2022,TE,1.3705881904153263,-2.7470588684082027
00-0034613,T.Hudson,2022,TE,1.3647059272317326,-2.7529411315917964
00-0029239,B.Bolden,2022,RB,1.6058823080623852,-2.75882339477539
00-0038098,P.Strong,2022,RB,1.6000000448787914,-2.764705657958984
00-0034855,B.Mayfield,2022,QB,7.142352833467371,-2.7764704087201286
00-0034011,D.Arnold,2022,TE,1.3235294117647058,-2.7941176470588234
00-0032975,J.Williams,2022,RB,1.5411765154670267,-2.823529187370749
00-0037617,H.Haskins,2022,RB,1.5294117647058822,-2.835293938131893
00-0038104,T.Thornton,2022,WR,3.900000179515165,-2.87058796602137
00-0037311,K.Kieft,2022,TE,1.2352941176470589,-2.88235294117647
00-0034845,S.Michel,2022,RB,1.4647058599135454,-2.89999984292423
00-0036590,Q.Morris,2022,TE,1.1999999775606045,-2.9176470812629245
00-0034860,D.Pettis,2022,WR,3.835294386919807,-2.935293758616728
00-0034073,R.Dwelley,2022,TE,1.1470588235294117,-2.9705882352941173
00-0035345,C.Myarick,2022,TE,1.1470588235294117,-2.9705882352941173
00-0033455,A.Firkser,2022,TE,1.1176470588235294,-2.9999999999999996
00-0031806,M.Brown,2022,RB,1.3411764257094438,-3.0235292771283317
00-0035341,T.Irwin,2022,WR,3.717647103702321,-3.052941041834214
00-0036849,T.Atwell,2022,WR,3.717647103702321,-3.052941041834214
00-0035956,G.Ricci,2022,TE,1.0588235294117647,-3.0588235294117645
00-0035572,P.Hesse,2022,TE,1.0529411540311926,-3.064705904792336
00-0036424,B.Hopkins,2022,TE,1.0529411540311926,-3.064705904792336
00-0032058,T.Coleman,2022,RB,1.2941176470588236,-3.070588055778952
00-0033725,C.Clement,2022,RB,1.2882352716782517,-3.0764704311595237
00-0034279,E.St. Brown,2022,WR,3.688235338996439,-3.082352806540096
00-0031800,T.Heinicke,2022,QB,6.821176416733685,-3.0976468254538148
00-0037011,T.McKitty,2022,TE,1.0117647507611442,-3.1058823080623847
00-0034301,D.Williams,2022,RB,1.241176493027631,-3.1235292098101444
00-0027942,A.Green,2022,WR,3.623529322007123,-3.1470588235294117
00-0036572,S.Smith,2022,WR,3.623529322007123,-3.1470588235294117
00-0031382,J.Landry,2022,WR,3.5411765154670265,-3.2294116300695084
00-0034838,R.Freeman,2022,RB,1.1176470588235294,-3.247058644014246
00-0035217,B.Snell,2022,RB,1.1000000448787914,-3.264705657958984
00-0037331,Z.Horvath,2022,RB,1.094117669498219,-3.270588033339556
00-0036913,K.Toney,2022,WR,3.488235249238856,-3.2823528962976787
00-0032950,C.Wentz,2022,QB,6.635294297162225,-3.2835289450252754
00-0037168,A.Rogers,2022,TE,0.8235294117647058,-3.2941176470588234
00-0037299,K.Ingram,2022,RB,1.0647057925953585,-3.299999910242417
00-0034386,J.Watson,2022,WR,3.4411764705882355,-3.3294116749482994
00-0037086,G.Calcaterra,2022,TE,0.7705882577335134,-3.3470588010900157
00-0034407,R.McCloud,2022,WR,3.4176469690659466,-3.3529411764705883
00-0034419,B.Berrios,2022,WR,3.3929411944221046,-3.3776469511144303
00-0034816,R.Jones,2022,RB,0.9529412213493796,-3.4117644814883956
00-0027981,K.Rudolph,2022,TE,0.6941176582785213,-3.4235294005450077
00-0032394,N.Vannett,2022,TE,0.6764705882352942,-3.4411764705882346
00-0035864,K.Hinton,2022,WR,3.3176471485811123,-3.4529409969554226
00-0034109,P.Lindsay,2022,RB,0.8705881904153263,-3.494117512422449
00-0034400,J.Wilkins,2022,RB,0.8647058711332434,-3.4999998317045318
00-0031484,C.Manhertz,2022,TE,0.5999999887803021,-3.517647070043227
00-0036020,S.Ahmed,2022,RB,0.835294106427361,-3.5294115964104145
00-0032062,B.Bell,2022,TE,0.5882352941176471,-3.529411764705882
00-0026498,M.Stafford,2022,QB,6.37529395608341,-3.54352928610409
00-0032214,T.Kroft,2022,TE,0.5705882240744198,-3.547058834749109
00-0038046,C.Kolar,2022,TE,0.5235293893253102,-3.594117669498219
00-0036857,C.Evans,2022,RB,0.7529411876902861,-3.611764515147489
00-0036550,R.Bateman,2022,WR,3.147058823529412,-3.6235293220071227
00-0036887,L.Farrell,2022,TE,0.4705882352941176,-3.6470588235294112
00-0034765,T.Smith,2022,WR,3.105882308062385,-3.6647058374741497
00-0036059,T.Mabry,2022,TE,0.4529411652508904,-3.6647058935726387
00-0037834,B.Purdy,2022,QB,6.25058791216682,-3.6682353300206803
00-0036842,K.Nwangwu,2022,RB,0.6764705882352942,-3.688235114602481
00-0032688,R.Chosen,2022,WR,3.070588280172909,-3.6999998653636257
00-0037286,K.Harris,2022,RB,0.6588235181920669,-3.7058821846457084
00-0031868,D.Byrd,2022,WR,3.04705877865062,-3.723529366885915
00-0032208,P.Dorsett,2022,WR,3.0411765154670265,-3.7294116300695084
00-0036438,S.Sullivan,2022,TE,0.3882353165570427,-3.7294117422664863
00-0030108,R.Griffin,2022,TE,0.3882352885077981,-3.729411770315731
00-0035259,T.Wesco,2022,TE,0.3882352885077981,-3.729411770315731
00-0036250,T.Davis,2022,TE,0.3882352885077981,-3.729411770315731
00-0036297,D.Evans,2022,RB,0.6294117534861845,-3.7352939493515906
00-0038117,W.Robinson,2022,WR,3.035294027889476,-3.735294117647059
00-0035860,T.Jones,2022,RB,0.6117646834429573,-3.752941019394818
00-0036450,K.Vaughn,2022,RB,0.6000000448787913,-3.764705657958984
00-0037265,S.Conner,2022,RB,0.5999999887803021,-3.7647057140574733
00-0032765,M.Thomas,2022,WR,3.0058822631835938,-3.764705882352941
00-0037557,R.Rivers,2022,RB,0.5882352941176471,-3.776470408720128
00-0037827,T.Davis-Price,2022,RB,0.582352918737075,-3.7823527841007003
00-0037475,S.Smartt,2022,TE,0.3352941064273609,-3.782352952396168
00-0035823,B.Ellefson,2022,TE,0.329411787145278,-3.788235271678251
00-0035603,K.Blanton,2022,TE,0.3235294117647059,-3.794117647058823
00-0035311,M.Gaskin,2022,RB,0.5529411540311926,-3.8117645488065826
00-0037085,T.Badie,2022,RB,0.5529411540311926,-3.8117645488065826
00-0032187,D.Johnson,2022,RB,0.5352941400864545,-3.829411562751321
00-0035562,J.Horsted,2022,TE,0.2882352997274959,-3.829411759096033
00-0031558,M.Williams,2022,TE,0.2823529523961684,-3.8352941064273605
00-0038090,S.Moore,2022,WR,2.905882442698759,-3.864705702837776
00-0037078,C.Turner,2022,TE,0.252941187690286,-3.864705871133243
00-0038045,I.Spiller,2022,RB,0.4941176246194279,-3.8705880782183475
00-0037594,J.Chestnut,2022,RB,0.4882352492388557,-3.8764704535989196
00-0037087,T.Ebner,2022,RB,0.4823529860552619,-3.8823527167825134
00-0032725,S.Anderson,2022,TE,0.2294117703157312,-3.888235288507798
00-0035291,T.Williams,2022,RB,0.470588207244873,-3.8941174955929023
00-0036755,J.Patterson,2022,RB,0.4588235406314625,-3.905882162206313
00-0036543,S.Brown,2022,RB,0.4294117759255802,-3.935293926912195
00-0036032,S.McKeon,2022,TE,0.1823529355666216,-3.935294123256907
00-0038040,Z.White,2022,RB,0.4117647058823529,-3.9529409969554226
00-0033798,M.Schreck,2022,TE,0.1529411708607393,-3.96470588796279
00-0036194,D.Asiasi,2022,TE,0.1470588235294117,-3.9705882352941173
00-0034646,B.Powell,2022,WR,2.799999910242417,-3.9705882352941178
00-0036336,A.McFarland,2022,RB,0.3588235238019158,-4.00588217903586
00-0035631,D.Sample,2022,TE,0.1058823571485631,-4.011764701674966
00-0037805,J.Ruckert,2022,TE,0.105882350136252,-4.011764708687277
00-0035308,T.Sweeney,2022,TE,0.1000000028049244,-4.017647056018604
00-0035973,P.Taylor,2022,RB,0.3411764818079331,-4.023529221029842
00-0031325,S.Watkins,2022,WR,2.735294117647059,-4.035294027889476
00-0031384,R.Rodgers,2022,TE,0.0823529397740083,-4.035294119049521
00-0032450,D.Washington,2022,RB,0.3235294117647059,-4.04117629107307
00-0035628,D.Johnson,2022,RB,0.3176470644333783,-4.047058638404397
00-0036650,L.Rountree,2022,RB,0.3117647171020508,-4.052940985735725
00-0035924,J.Ward,2022,RB,0.3058823417214786,-4.058823361116297
00-0030456,G.Bernard,2022,RB,0.2764705770155963,-4.088235125822179
00-0037013,Z.Wilson,2022,QB,5.818823421702666,-4.099999820484834
00-0037257,D.Bell,2022,WR,2.6705883250517,-4.099999820484834
00-0032063,M.Davis,2022,RB,0.2470588403589585,-4.117646862478817
00-0036005,N.Togiai,2022,TE,0.0,-4.117647058823529
00-0036429,C.Woerner,2022,TE,0.0,-4.117647058823529
00-0036692,M.Forristall,2022,TE,0.0,-4.117647058823529
00-0036825,F.Franks,2022,TE,0.0,-4.117647058823529
00-0037112,J.Tonges,2022,TE,0.0,-4.117647058823529
00-0036096,J.Taylor,2022,RB,0.1588235322166891,-4.205882170621086
00-0036654,D.Felton,2022,RB,0.1411764761980842,-4.223529226639691
00-0036991,A.Rodgers,2022,WR,2.535294027889476,-4.235294117647059
00-0037276,T.Chandler,2022,RB,0.1176470588235294,-4.247058644014246
00-0036984,T.Sermon,2022,RB,0.1117647044798907,-4.252940998357885
00-0034614,G.Igwebuike,2022,RB,0.1000000028049244,-4.2647057000328505
00-0035184,D.Ozigbo,2022,RB,0.1000000028049244,-4.2647057000328505
00-0035021,A.Dulin,2022,WR,2.5,-4.270588145536535
00-0036457,T.Williams,2022,RB,0.088235294117647,-4.276470408720129
00-0035298,S.Miller,2022,WR,2.488235249238856,-4.282352896297679
00-0037267,J.Ford,2022,RB,0.0705882380990421,-4.294117464738734
00-0034578,R.Bonnafon,2022,RB,0.0470588242306428,-4.317646878607133
00-0036669,K.Hill,2022,RB,0.0411764698870041,-4.323529232950771
00-0032257,D.Johnson,2022,RB,0.0235294121153214,-4.341176290722454
00-0034854,K.Hodge,2022,WR,2.423529456643497,-4.347058688893037
00-0030874,D.Williams,2022,RB,0.0117647060576607,-4.352940996780115
00-0032780,J.Howard,2022,RB,0.0058823530288303,-4.3588233498089455
00-0037745,V.Jones,2022,WR,2.235294117647059,-4.535294027889476
00-0036219,M.Callaway,2022,WR,2.223529366885914,-4.547058778650621
00-0033251,Z.Pascal,2022,WR,2.117647058823529,-4.652941086713006
00-0034297,B.Pringle,2022,WR,2.088235294117647,-4.682352851418887
00-0032385,S.Shepard,2022,WR,2.0235295015222885,-4.747058644014246
00-0037261,K.Shakir,2022,WR,2.0058822631835938,-4.764705882352941
00-0037291,J.Nailor,2022,WR,1.9352939830106848,-4.83529416252585
00-0034869,S.Darnold,2022,QB,5.077647040872013,-4.841176201315487
00-0036626,D.Brown,2022,WR,1.929411719827091,-4.841176425709444
00-0033537,D.Watson,2022,QB,5.034117754767923,-4.884705487419577
00-0034928,S.Sims,2022,WR,1.847058801090016,-4.923529344446519
00-0034054,R.Cracraft,2022,WR,1.83529416252585,-4.935293983010685
00-0033681,K.Cole,2022,WR,1.7705881455365349,-5.0
00-0036255,D.Mims,2022,WR,1.741176493027631,-5.029411652508903
00-0036387,J.Reagor,2022,WR,1.5823529187370748,-5.18823522679946
00-0034418,C.Wilson,2022,WR,1.552941266228171,-5.217646879308364
00-0036412,K.Hamler,2022,WR,1.517647013944738,-5.252941131591797
00-0035624,N.Harry,2022,WR,1.447058733771829,-5.323529411764706
00-0026189,D.Jackson,2022,WR,1.429411719827091,-5.341176425709444
00-0032054,B.Perriman,2022,WR,1.3705881904153263,-5.399999955121208
00-0035544,T.Kennedy,2022,WR,1.3000000224393955,-5.470588123097139
00-0035359,D.Sills,2022,WR,1.2705882577335132,-5.499999887803021
00-0035510,J.Smith,2022,WR,1.258823506972369,-5.511764638564166
00-0033869,M.Trubisky,2022,QB,4.345882191377528,-5.572941050809972
00-0033932,K.Golladay,2022,WR,1.1823529636158665,-5.588235181920668
00-0037098,S.Toure,2022,WR,1.129411697387695,-5.64117644814884
00-0029608,T.Hilton,2022,WR,1.1235294342041016,-5.647058711332433
00-0032980,M.Johnson,2022,WR,1.111764683442957,-5.658823462093578
00-0036959,M.Bandy,2022,WR,1.111764683442957,-5.658823462093578
00-0036999,A.Schwartz,2022,WR,1.1058823080623852,-5.66470583747415
00-0034104,C.Sims,2022,WR,0.994117624619428,-5.7764705209171066
00-0037382,B.Johnson,2022,WR,0.9529412213493796,-5.817646924187155
00-0037273,K.Philips,2022,WR,0.9294117759255802,-5.841176369610954
00-0036671,D.Milne,2022,WR,0.923529400545008,-5.847058744991527
00-0037387,J.Virgil,2022,WR,0.9117647058823528,-5.8588234396541825
00-0037240,J.Williams,2022,WR,0.8882353165570427,-5.882352828979492
00-0035645,G.Olszewski,2022,WR,0.835294106427361,-5.9352940391091735
00-0036620,D.Eskridge,2022,WR,0.8117647171020508,-5.958823428434484
00-0033292,T.Taylor,2022,WR,0.8058823417214787,-5.964705803815056
00-0036133,J.Proche,2022,WR,0.7176470476038316,-6.052941097932703
00-0031941,J.Crowder,2022,WR,0.7058823529411765,-6.064705792595358
00-0035876,A.Baccellia,2022,WR,0.6764705882352942,-6.0941175573012405
00-0036247,F.Swain,2022,WR,0.6705882128547219,-6.099999932681813
00-0031051,J.Brown,2022,WR,0.6588235181920669,-6.111764627344468
00-0037487,D.Thompkins,2022,WR,0.6352940727682674,-6.135294072768268
00-0031787,J.Kumerow,2022,WR,0.6117646834429573,-6.158823462093578
00-0032200,T.Montgomery,2022,WR,0.6058823641608743,-6.164705781375661
00-0032951,L.Treadwell,2022,WR,0.5999999887803021,-6.170588156756232
00-0029000,C.Beasley,2022,WR,0.5588235294117647,-6.21176461612477
00-0031545,K.White,2022,WR,0.5529411540311926,-6.217646991505342
00-0037300,M.Woods,2022,WR,0.5294117647058824,-6.241176380830653
00-0036482,M.Strachan,2022,WR,0.5235293893253102,-6.247058756211224
00-0032128,C.Conley,2022,WR,0.5058823753805721,-6.264705770155963
00-0033386,C.Hollister,2022,WR,0.4941176246194279,-6.2764705209171066
00-0035414,J.Guyton,2022,WR,0.4941176246194279,-6.2764705209171066
00-0033114,M.Thomas,2022,WR,0.4588235406314625,-6.311764604905072
00-0036630,T.Wallace,2022,WR,0.4294117759255802,-6.341176369610954
00-0037272,M.Washington,2022,WR,0.423529400545008,-6.347058744991527
00-0036652,R.McMath,2022,WR,0.376470593845143,-6.394117551691392
00-0036497,T.Jones,2022,WR,0.3529411764705882,-6.417646969065947
00-0036646,S.Fehoko,2022,WR,0.3176470644333783,-6.452941081103156
00-0035022,P.Hart,2022,WR,0.2941176470588235,-6.4764704984777115
00-0036439,T.Cleveland,2022,WR,0.2823529523961684,-6.488235193140366
00-0036877,J.Darden,2022,WR,0.2823529523961684,-6.488235193140366
00-0036365,B.Edwards,2022,WR,0.2647058823529412,-6.505882263183594
00-0038147,D.Baldwin,2022,WR,0.2647058823529412,-6.505882263183594
00-0036228,D.Patmon,2022,WR,0.2588235350216136,-6.511764610514922
00-0037093,D.Young,2022,WR,0.2588235350216136,-6.511764610514922
00-0035527,A.Isabella,2022,WR,0.2470588123097139,-6.523529333226821
00-0033111,P.Cooper,2022,WR,0.2411764649783863,-6.529411680558148
00-0036810,C.Johnson,2022,WR,0.2411764649783863,-6.529411680558148
00-0035406,L.Humphrey,2022,WR,0.2352941176470588,-6.535294027889476
00-0034317,K.Kirkwood,2022,WR,0.2235294229844037,-6.547058722552131
00-0037570,D.Houston,2022,WR,0.211764700272504,-6.558823445264031
00-0037801,K.Turpin,2022,WR,0.211764700272504,-6.558823445264031
00-0036277,Q.Cephus,2022,WR,0.2058823529411764,-6.564705792595358
00-0035621,N.Webster,2022,WR,0.2000000056098489,-6.570588139926686
00-0035215,D.Harty,2022,WR,0.194117644253899,-6.576470501282635
00-0036841,A.Trammell,2022,WR,0.194117644253899,-6.576470501282635
00-0037666,J.Tolbert,2022,WR,0.1882352828979492,-6.582352862638586
00-0033662,C.Rush,2022,QB,3.33176466997932,-6.58705857220818
00-0035703,M.Boykin,2022,WR,0.1823529355666216,-6.5882352099699135
00-0034401,M.White,2022,QB,3.3282351774327896,-6.59058806475471
00-0037828,D.Gray,2022,WR,0.1705882409039665,-6.599999904632568
00-0035593,J.Winfree,2022,WR,0.1588235322166891,-6.6117646133198456
00-0036527,D.Turner,2022,WR,0.1529411708607393,-6.617646974675796
00-0036951,F.Darby,2022,WR,0.1470588235294117,-6.623529322007123
00-0035457,T.Johnson,2022,WR,0.105882350136252,-6.664705795400283
00-0036858,J.Camp,2022,WR,0.1000000028049244,-6.67058814273161
00-0037355,B.Sanders,2022,WR,0.1000000028049244,-6.67058814273161
00-0037708,M.Alexander,2022,WR,0.1000000028049244,-6.67058814273161
00-0033367,C.Board,2022,WR,0.0941176484612857,-6.6764704970752495
00-0036918,J.Harris,2022,WR,0.0941176484612857,-6.6764704970752495
00-0035432,J.Moore,2022,WR,0.088235294117647,-6.682352851418888
00-0036176,M.Kinsey,2022,WR,0.0764705854303696,-6.694117560106165
00-0038092,E.Ezukanma,2022,WR,0.0764705854303696,-6.694117560106165
00-0035891,C.White,2022,WR,0.0705882380990421,-6.699999907437493
00-0034366,K.Coutee,2022,WR,0.0588235294117647,-6.71176461612477
00-0036635,I.Smith-Marsette,2022,WR,0.0235294121153214,-6.7470587334212135
00-0029664,J.Gordon,2022,WR,0.0,-6.770588145536535
00-0033633,T.Gentry,2022,WR,0.0,-6.770588145536535
00-0034676,J.Washington,2022,WR,0.0,-6.770588145536535
00-0035399,S.Morgan,2022,WR,0.0,-6.770588145536535
00-0037055,L.McCutcheon,2022,WR,0.0,-6.770588145536535
00-0037348,T.Conner,2022,WR,0.0,-6.770588145536535
00-0038149,J.Ali,2022,WR,0.0,-6.770588145536535
00-0035993,T.Huntley,2022,QB,2.942352968103745,-6.976470274083756
00-0026158,J.Flacco,2022,QB,2.861176434685202,-7.057646807502298
00-0031503,J.Winston,2022,QB,2.5835293040556064,-7.335293938131894
00-0035264,J.Stidham,2022,QB,2.508235258214614,-7.410587983972886
00-0038108,B.Zappe,2022,QB,2.33176466997932,-7.58705857220818
00-0033275,P.Walker,2022,QB,2.302352905273437,-7.6164703369140625
00-0038122,D.Ridder,2022,QB,2.277647130629596,-7.641176111557904
00-0031237,T.Bridgewater,2022,QB,2.236470615162569,-7.682352627024931
00-0035289,G.Minshew,2022,QB,2.16588233498966,-7.75294090719784
00-0036879,S.Ehlinger,2022,QB,2.095294054816751,-7.823529187370749
00-0027688,C.McCoy,2022,QB,1.929411719827091,-7.989411522360409
00-0033949,J.Dobbs,2022,QB,1.2258823619169348,-8.692940880270566
00-0033550,D.Webb,2022,QB,1.2247058644014246,-8.694117377786075
00-0038128,M.Willis,2022,QB,1.1376470677992876,-8.781176174388213
00-0035040,D.Blough,2022,QB,1.0929411719827091,-8.825882070204791
00-0037077,S.Howell,2022,QB,1.074117660522461,-8.844705581665039
00-0034955,B.Rypien,2022,QB,1.060000026927275,-8.858823215260225
00-0037327,S.Thompson,2022,QB,1.0270588818718405,-8.89176436031566
00-0032436,J.Driskel,2022,QB,1.012941136079676,-8.905882106107825
00-0034577,K.Allen,2022,QB,0.9376470902386832,-8.981176151948818
00-0035939,B.Perkins,2022,QB,0.9082352694343118,-9.010587972753187
00-0034899,J.Wolford,2022,QB,0.8705881904153263,-9.048235051772174
00-0037012,T.Lance,2022,QB,0.7329411787145278,-9.185882063472972
00-0033319,N.Mullens,2022,QB,0.6917647193459904,-9.22705852284151
00-0036264,J.Love,2022,QB,0.6882353389964384,-9.230587903191061
00-0028118,T.Taylor,2022,QB,0.6658823349896599,-9.25294090719784
00-0032156,T.Siemian,2022,QB,0.5976470498477712,-9.32117619233973
00-0035752,C.Streveler,2022,QB,0.5294117647058824,-9.389411477481618
00-0035146,T.McSorley,2022,QB,0.504705877865062,-9.414117364322438
00-0026544,C.Daniel,2022,QB,0.4988235585829791,-9.419999683604521
00-0033958,N.Peterman,2022,QB,0.4858823664048138,-9.432940875782686
00-0037175,A.Brown,2022,QB,0.3282352896297679,-9.590587952557732
00-0027948,B.Gabbert,2022,QB,0.3035294027889476,-9.615293839398552
00-0029567,N.Foles,2022,QB,0.105882350136252,-9.812940892051248
00-0026625,B.Hoyer,2022,QB,0.0870588246513815,-9.83176441753612
00-0036928,K.Trask,2022,QB,0.054117648040547,-9.864705594146953
00-0032434,B.Allen,2022,QB,0.0458823512582217,-9.872940890929279
00-0026300,J.Johnson,2022,QB,0.0411764698870041,-9.877646772300496
00-0036226,J.Eason,2022,QB,0.0211764714297126,-9.897646770757788
00-0028986,C.Keenum,2022,QB,0.018823528991026,-9.899999713196474
00-0032792,N.Sudfeld,2022,QB,-0.0235294121153214,-9.942352654302821
00-0026197,C.Henne,2022,QB,-0.0294117647058823,-9.948235006893382
00-0033936,C.Beathard,2022,QB,-0.0588235294117647,-9.977646771599264
00-0034177,T.Boyle,2022,QB,-0.169411771437701,-10.088235013625201
00-0029892,,2022,,3.152941086713005,
00-0030968,,2022,,0.1176470588235294,
00-0031595,,2022,,0.2235294089597814,
00-0032897,,2022,,1.1882353389964384,
00-0032918,,2022,,1.841176425709444,
00-0033376,,2022,,1.1764705882352942,
00-0034171,,2022,,0.1117647044798907,
00-0034959,,2022,,0.6999999775606043,
00-0035099,,2022,,0.0,
00-0035125,,2022,,2.252941131591797,
00-0035726,,2022,,0.3529411764705882,
00-0036187,,2022,,1.2294117422664868,
00-0036727,,2022,,0.2823529523961684,
00-0037456,,2022,,0.4058823585510254,
00-0033908,C.Kupp,2021,WR,25.852941176470587,18.729411854463464
00-0036223,J.Taylor,2021,RB,21.94705918255974,16.87647112678079
00-0033699,A.Ekeler,2021,RB,20.223528693704043,15.152940637925091
00-0034753,M.Andrews,2021,TE,17.711765064912683,13.747059092802159
00-0031381,D.Adams,2021,WR,20.25294225356158,13.129412931554459
00-0035719,D.Samuel,2021,WR,19.938823026769303,12.81529370476218
00-0036893,N.Harris,2021,RB,17.688236012178308,12.617647956399356
00-0036322,J.Jefferson,2021,WR,19.435293758616726,12.311764436609604
00-0034857,J.Allen,2021,QB,23.681177475873163,12.240001005284928
00-0033897,J.Mixon,2021,RB,16.935293758616726,11.864705702837774
00-0030506,T.Kelce,2021,TE,15.458822811351103,11.49411683924058
00-0036355,J.Herbert,2021,QB,22.515294692095587,11.074118221507351
00-0036900,J.Chase,2021,WR,17.91764741785386,10.794118095846738
00-0019596,T.Brady,2021,QB,22.043528837316178,10.602352366727942
00-0033040,T.Hill,2021,WR,17.441176470588236,10.317647148581113
00-0033553,J.Conner,2021,RB,15.158824247472426,10.088236191693474
00-0033856,L.Fournette,2021,RB,15.03529447667739,9.964706420898438
00-0033873,P.Mahomes,2021,QB,21.274117862477024,9.832941391888788
00-0033045,E.Elliott,2021,RB,14.82705867991728,9.756470624138329
00-0031588,S.Diggs,2021,WR,16.794117647058822,9.6705883250517
00-0035216,D.Johnson,2021,WR,16.141176111557904,9.017646789550781
00-0033906,A.Kamara,2021,RB,13.805882173426012,8.73529411764706
00-0030578,C.Patterson,2021,RB,13.800000359030332,8.72941230325138
00-0036328,A.Gibson,2021,RB,13.476470947265623,8.405882891486671
00-0033293,A.Jones,2021,RB,13.470588235294118,8.400000179515166
00-0031408,M.Evans,2021,WR,15.441176470588236,8.317647148581113
00-0034383,D.Schultz,2021,TE,12.282353120691637,8.317647148581113
00-0035700,J.Jacobs,2021,RB,13.294117647058824,8.223529591279872
00-0023459,A.Rodgers,2021,QB,19.605881634880514,8.164705164292279
00-0034983,H.Renfrow,2021,WR,15.241176829618569,8.117647507611446
00-0030279,K.Allen,2021,WR,15.16470516429228,8.041175842285158
00-0026498,M.Stafford,2021,QB,19.396470013786764,7.955293543198529
00-0033288,G.Kittle,2021,TE,11.647058823529411,7.682352851418887
00-0034791,N.Chubb,2021,RB,12.664706061868106,7.594118006089154
00-0036613,J.Waddle,2021,WR,14.57647076775046,7.4529414457433365
00-0033077,D.Prescott,2021,QB,18.856470444623163,7.4152939740349275
00-0033536,M.Williams,2021,WR,14.505882711971507,7.3823533899643845
00-0035657,D.Harris,2021,RB,12.358822990866267,7.288234935087315
00-0035640,D.Metcalf,2021,WR,14.370588414809284,7.247059092802161
00-0036275,D.Swift,2021,RB,12.288235832663144,7.217647776884192
00-0033921,C.Godwin,2021,WR,14.258824067957262,7.135294745950139
00-0032211,T.Lockett,2021,WR,14.199999640969668,7.076470318962546
00-0033893,D.Cook,2021,RB,12.135294297162224,7.064706241383272
00-0036442,J.Burrow,2021,QB,18.484705307904413,7.0435288373161775
00-0036997,J.Williams,2021,RB,12.052940817440255,6.9823527616613035
00-0036389,J.Hurts,2021,QB,18.36235315659467,6.921176686006433
00-0036252,M.Pittman,2021,WR,14.03529447667739,6.911765154670267
00-0034827,D.Moore,2021,WR,13.970588235294118,6.847058913286995
00-0030061,Z.Ertz,2021,TE,10.629411585190716,6.6647056130801925
00-0036358,C.Lamb,2021,WR,13.694117826573988,6.5705885045668655
00-0035250,D.Singletary,2021,RB,11.635294297162224,6.564706241383272
00-0031236,B.Cooks,2021,WR,13.635294297162224,6.511764975155101
00-0034301,D.Williams,2021,RB,11.529411764705882,6.45882370892693
00-0036970,K.Pitts,2021,TE,10.388235653147978,6.423529681037454
00-0032144,M.Gordon,2021,RB,11.476470947265623,6.405882891486671
00-0035685,D.Montgomery,2021,RB,11.470588235294118,6.400000179515166
00-0032764,D.Henry,2021,RB,11.370588414809284,6.3000003590303315
00-0036963,A.St. Brown,2021,WR,13.370588414809284,6.247059092802161
00-0029604,K.Cousins,2021,QB,17.667058608111212,6.2258821375229765
00-0035228,K.Murray,2021,QB,17.63411757525276,6.1929411046645235
00-0035662,M.Brown,2021,WR,13.31176488539752,6.188235563390398
00-0027656,R.Gronkowski,2021,TE,10.070588055778952,6.105882083668428
00-0036265,A.Dillon,2021,RB,10.917646520278034,5.8470584644990815
00-0036309,D.Mooney,2021,WR,12.92352923224954,5.799999910242418
00-0036410,T.Higgins,2021,WR,12.888235653147978,5.7647063311408555
00-0034351,D.Goedert,2021,TE,9.705882352941176,5.741176380830652
00-0034829,M.Gesicki,2021,TE,9.705882352941176,5.741176380830652
00-0033090,H.Henry,2021,TE,9.664706061868106,5.700000089757582
00-0035689,D.Knox,2021,TE,9.629411585190716,5.6647056130801925
00-0035659,T.McLaurin,2021,WR,12.558823529411764,5.435294207404642
00-0035644,N.Fant,2021,TE,9.352941176470589,5.388235204360065
00-0035831,J.Robinson,2021,RB,10.22941140567555,5.158823349896599
00-0035311,M.Gaskin,2021,RB,10.211765064912685,5.141177009133733
00-0034775,C.Kirk,2021,WR,12.212940889246324,5.0894115672392015
00-0036894,P.Freiermuth,2021,TE,8.92352923224954,4.958823260139017
00-0031544,A.Cooper,2021,WR,11.911764705882351,4.788235383875229
00-0033110,T.Higbee,2021,TE,8.647058823529411,4.682352851418887
00-0036567,E.Mitchell,2021,RB,9.705882352941176,4.635294297162224
00-0030035,A.Thielen,2021,WR,11.752941355985756,4.6294120339786335
00-0035229,T.Hockenson,2021,TE,8.547059003044577,4.582353030934053
00-0029701,R.Tannehill,2021,QB,16.021175608915442,4.5799991383272065
00-0035664,D.Henderson,2021,RB,9.611764346852022,4.54117629107307
00-0035261,T.Pollard,2021,RB,9.564706241383272,4.49411818560432
00-0034270,T.Conklin,2021,TE,8.135294297162224,4.1705883250517
00-0036924,M.Carter,2021,RB,9.08235258214614,4.0117645263671875
00-0031610,D.Waller,2021,TE,7.852941176470588,3.888235204360064
00-0034960,J.Meyers,2021,WR,10.958822811351103,3.8352934893439805
00-0027061,J.Cook,2021,TE,7.788234935087316,3.823528962976792
00-0036912,D.Smith,2021,WR,10.91764741785386,3.7941180958467378
00-0032950,C.Wentz,2021,QB,15.177646412568931,3.7364699419806957
00-0033009,T.Boyd,2021,WR,10.814117431640623,3.6905881096335005
00-0031280,D.Carr,2021,QB,15.115293615004596,3.6741171444163605
00-0034844,S.Barkley,2021,RB,8.741176829618567,3.670588773839615
00-0032134,C.Uzomah,2021,TE,7.547059003044577,3.582353030934053
00-0031285,D.Freeman,2021,RB,8.623529770795036,3.5529417150160842
00-0034845,S.Michel,2021,RB,8.605882532456341,3.5352944766773895
00-0035676,A.Brown,2021,WR,10.641176111557904,3.5176467895507812
00-0033307,K.Bourne,2021,WR,10.617647058823527,3.4941177368164045
00-0029293,M.Jones,2021,WR,10.599999820484834,3.4764704984777115
00-0032972,D.Booker,2021,RB,8.476470947265625,3.405882891486673
00-0034681,C.Edmonds,2021,RB,8.429411944221048,3.358823888442096
00-0033357,T.Hill,2021,TE,7.160000071806066,3.195294099695542
00-0036290,C.Kmet,2021,TE,7.1294115851907165,3.1647056130801925
00-0032063,M.Davis,2021,RB,8.129411585190716,3.0588235294117645
00-0036555,C.Hubbard,2021,RB,8.094118006089154,3.023529950310202
00-0033895,G.Everett,2021,TE,6.929411495433135,2.9647055233226114
00-0036261,B.Aiyuk,2021,WR,10.017647238338697,2.894117916331574
00-0029263,R.Wilson,2021,QB,14.283529842601103,2.8423533720128678
00-0036415,V.Jefferson,2021,WR,9.89411746754366,2.7705881455365375
00-0036326,C.Claypool,2021,WR,9.800000359030332,2.6764710370232088
00-0034796,L.Jackson,2021,QB,14.116470336914062,2.675293866325827
00-0034411,R.Gage,2021,WR,9.588235294117649,2.4647059721105258
00-0032602,J.McKissic,2021,RB,7.523529501522288,2.4529414457433356
00-0033280,C.McCaffrey,2021,RB,7.5,2.429411944221048
00-0033885,D.Njoku,2021,TE,6.329411674948299,2.3647057028377754
00-0034972,A.Mattison,2021,RB,7.405882442698759,2.3352943869198066
00-0029000,C.Beasley,2021,WR,9.370588414809284,2.2470590928021608
00-0029239,B.Bolden,2021,RB,7.300000359030331,2.2294123032513786
00-0036345,K.Osborn,2021,WR,9.323529411764708,2.2000000897575855
00-0036919,K.Gainwell,2021,RB,7.258823619169347,2.1882355633903954
00-0027942,A.Green,2021,WR,9.22352959127987,2.1000002692727477
00-0034750,R.Penny,2021,RB,7.1588233498966,2.0882352941176476
00-0033375,T.Patrick,2021,WR,9.199999640969668,2.0764703189625457
00-0033881,E.Engram,2021,TE,6.029411764705882,2.0647057925953582
00-0033948,J.Williams,2021,RB,7.047059003044577,1.976470947265625
00-0031345,J.Garoppolo,2021,QB,13.382352941176473,1.9411764705882373
00-0036360,C.Edwards-Helaire,2021,RB,6.917646969065947,1.847058913286995
00-0035243,M.Sanders,2021,RB,6.894117916331572,1.82352986055262
00-0035537,T.Johnson,2021,RB,6.882352941176471,1.811764885397519
00-0036219,M.Callaway,2021,WR,8.929411944221048,1.8058826222139253
00-0036972,M.Jones,2021,QB,13.231764849494486,1.79058837890625
00-0034367,N.Hines,2021,RB,6.858823439654182,1.7882353838752296
00-0034367,N.Miller-Hines,2021,RB,6.858823439654182,1.7882353838752296
00-0034348,C.Sutton,2021,WR,8.837647381950827,1.7141180599437043
00-0036875,R.Stevenson,2021,RB,6.758823619169347,1.6882355633903954
00-0026143,M.Ryan,2021,QB,13.112941068761488,1.6717645981732527
00-0031800,T.Heinicke,2021,QB,13.109411800608916,1.6682353300206803
00-0034418,C.Wilson,2021,WR,8.69529365090763,1.5717643289005068
00-0030564,D.Hopkins,2021,WR,8.658823349896599,1.535294027889476
00-0032392,A.Hooper,2021,TE,5.441176470588236,1.4764704984777124
00-0033923,K.Hunt,2021,RB,6.470588235294118,1.4000001795151658
00-0022924,B.Roethlisberger,2021,QB,12.829412123736214,1.3882356531479783
00-0027966,M.Ingram,2021,RB,6.388235204360065,1.3176471485811128
00-0034521,A.Lazard,2021,WR,8.382352941176471,1.2588236191693483
00-0035140,M.Hardman,2021,WR,8.288234935087317,1.1647056130801943
00-0036251,Z.Moss,2021,RB,6.188235114602482,1.1176470588235299
00-0030288,R.Burkhead,2021,RB,6.135294297162225,1.0647062413832726
00-0035628,D.Johnson,2021,RB,6.123529322007123,1.0529412662281707
00-0034981,F.Moreau,2021,TE,5.017646789550781,1.0529408174402572
00-0030513,L.Murray,2021,RB,6.0941175573012405,1.0235295015222885
00-0032688,R.Chosen,2021,WR,8.147058823529411,1.0235295015222885
00-0036980,E.Moore,2021,WR,8.129411585190716,1.0058822631835938
00-0033118,K.Drake,2021,RB,6.029411764705882,0.9588237089269303
00-0030431,R.Woods,2021,WR,8.070588055778952,0.9470587337718293
00-0034414,B.Scott,2021,RB,5.799999910242417,0.7294118544634651
00-0033217,M.Alie-Cox,2021,TE,4.682352851418888,0.7176468793083641
00-0031382,J.Landry,2021,WR,7.823529411764706,0.7000000897575829
00-0030181,J.Doyle,2021,TE,4.6588233498966,0.6941173777860756
00-0032464,K.Raymond,2021,WR,7.788234935087316,0.6647056130801934
00-0031273,C.Brate,2021,TE,4.617647058823529,0.652941086713005
00-0027685,E.Sanders,2021,WR,7.747058644014246,0.6235293220071236
00-0036423,A.Okwuegbunam,2021,TE,4.470588235294118,0.5058822631835938
00-0034011,D.Arnold,2021,TE,4.45882370892693,0.49411773681640625
00-0031237,T.Bridgewater,2021,QB,11.922352510340074,0.48117603975183876
00-0031235,O.Beckham,2021,WR,7.594118006089154,0.47058868408203125
00-0033925,D.Foreman,2021,RB,5.5235295015222885,0.4529414457433365
00-0034297,B.Pringle,2021,WR,7.576470767750459,0.4529414457433365
00-0036268,L.Shenault,2021,WR,7.470588235294118,0.347058913286995
00-0033455,A.Firkser,2021,TE,4.299999910242417,0.3352939381318931
00-0036196,G.Davis,2021,WR,7.405882442698759,0.2823531206916359
00-0036971,T.Lawrence,2021,QB,11.70823579676011,0.267059326171875
00-0032104,A.Abdullah,2021,RB,5.264705882352941,0.19411782657398913
00-0032141,G.Swaim,2021,TE,4.117647058823529,0.152941086713005
00-0034798,D.Smythe,2021,TE,4.117647058823529,0.152941086713005
00-0033611,R.Seals-Jones,2021,TE,4.064705792595358,0.09999982048483425
00-0034419,B.Berrios,2021,WR,7.123529770795037,4.48787914386628e-07
00-0027793,A.Brown,2021,WR,7.123529322007123,0.0
00-0031136,C.Boswell,2021,K,0.0,0.0
00-0033106,J.Goff,2021,QB,11.441176470588236,0.0
00-0033858,J.Smith,2021,TE,3.964705972110524,0.0
00-0034440,J.Jackson,2021,RB,5.070588055778952,0.0
00-0030108,R.Griffin,2021,TE,3.8294116749483,-0.1352942971622242
00-0033526,S.Perine,2021,RB,4.8941174675436585,-0.1764705882352935
00-0034830,H.Hurst,2021,TE,3.770588145536535,-0.19411782657398913
00-0036422,A.Trautman,2021,TE,3.723529366885914,-0.24117660522460982
00-0032187,D.Johnson,2021,RB,4.782353120691636,-0.2882349350873161
00-0036271,Q.Watkins,2021,WR,6.823529411764706,-0.2999999102424171
00-0036232,H.Bryant,2021,TE,3.6647058374741497,-0.3000001346363743
00-0036332,J.Deguara,2021,TE,3.6176470588235294,-0.34705891328699456
00-0035215,D.Harty,2021,WR,6.770588145536535,-0.35294117647058787
00-0034816,R.Jones,2021,RB,4.6588233498966,-0.41176470588235237
00-0036906,K.Herbert,2021,RB,4.641176560345818,-0.4294114954331336
00-0027981,K.Rudolph,2021,TE,3.511764750761144,-0.4529412213493802
00-0035329,D.Parham,2021,TE,3.4705882352941178,-0.49411773681640625
00-0036936,R.Moore,2021,WR,6.535294027889476,-0.5882352941176467
00-0031941,J.Crowder,2021,WR,6.452940996955423,-0.6705883250516997
00-0036233,D.Peoples-Jones,2021,WR,6.452940996955423,-0.6705883250516997
00-0036556,B.Jordan,2021,TE,3.282353120691636,-0.6823528514188881
00-0036365,B.Edwards,2021,WR,6.417646969065947,-0.7058823529411757
00-0033955,J.McNichols,2021,RB,4.329411674948299,-0.7411763808306526
00-0034253,D.Hilliard,2021,RB,4.276470408720129,-0.7941176470588234
00-0036182,N.Westbrook-Ikhine,2021,WR,6.329411674948299,-0.7941176470588234
00-0036212,T.Tagovailoa,2021,QB,10.64235283346737,-0.798823637120865
00-0031260,L.Thomas,2021,TE,3.152941086713005,-0.811764885397519
00-0037005,T.Tremble,2021,TE,3.123529322007123,-0.8411766501034008
00-0036040,J.Johnson,2021,TE,3.111764795639936,-0.8529411764705879
00-0034855,B.Mayfield,2021,QB,10.57647076775046,-0.8647057028377763
00-0033891,Z.Jones,2021,WR,6.229411854463465,-0.8941174675436576
00-0033871,C.Davis,2021,WR,6.188235114602482,-0.9352942074046409
00-0036628,J.Bates,2021,TE,2.9941177368164062,-0.9705882352941178
00-0027696,J.Graham,2021,TE,2.982352986055262,-0.982352986055262
00-0031951,J.O'Shaughnessy,2021,TE,2.964705972110524,-1.0
00-0033757,R.Tonyan,2021,TE,2.964705972110524,-1.0
00-0034159,W.Dissly,2021,TE,2.9470587337718293,-1.0176472383386947
00-0032426,A.Collins,2021,RB,4.047058554256664,-1.0235295015222876
00-0031547,D.Parker,2021,WR,6.088235294117647,-1.035294027889476
00-0036550,R.Bateman,2021,WR,6.088235294117647,-1.035294027889476
00-0031549,N.Agholor,2021,WR,6.082353030934053,-1.0411762910730697
00-0031585,M.Pruitt,2021,TE,2.8529411764705883,-1.1117647956399357
00-0024243,M.Lewis,2021,TE,2.611764795639936,-1.3529411764705879
00-0032780,J.Howard,2021,RB,3.676470588235294,-1.394117467543658
00-0035414,J.Guyton,2021,WR,5.717646879308364,-1.4058824426987586
00-0035594,T.Homer,2021,RB,3.635294072768267,-1.435293983010685
00-0030874,D.Williams,2021,RB,3.570588280172909,-1.4999997756060428
00-0028002,R.Cobb,2021,WR,5.623529322007123,-1.5
00-0034364,J.Akins,2021,TE,2.45294122134938,-1.5117647507611438
00-0036425,D.Dallas,2021,RB,3.5352942522834327,-1.5352938034955192
00-0031558,M.Williams,2021,TE,2.429411719827091,-1.5352942522834332
00-0033251,Z.Pascal,2021,WR,5.5588235294117645,-1.5647057925953582
00-0035710,D.Jones,2021,QB,9.854117898380055,-1.5870585722081803
00-0030456,G.Bernard,2021,RB,3.4764704984777115,-1.5941175573012405
00-0032257,D.Johnson,2021,RB,3.4764704984777115,-1.5941175573012405
00-0032214,T.Kroft,2021,TE,2.3117646610035614,-1.6529413111069626
00-0036988,J.Palmer,2021,WR,5.464705972110524,-1.6588233498965987
00-0032725,S.Anderson,2021,TE,2.264705882352941,-1.7000000897575829
00-0033439,P.Brown,2021,TE,2.2411763808306526,-1.7235295912798714
00-0034764,M.Gallup,2021,WR,5.382352941176471,-1.7411763808306517
00-0035715,D.Gore,2021,RB,3.299999910242417,-1.7705881455365349
00-0036755,J.Patterson,2021,RB,3.2882353838752296,-1.7823526719037224
00-0034365,I.Thomas,2021,TE,2.1647058374741497,-1.8000001346363743
00-0035208,O.Zaccheaus,2021,WR,5.282352671903722,-1.8411766501034004
00-0035222,Z.Gentry,2021,TE,2.1000000448787914,-1.8647059272317326
00-0036754,B.Wright,2021,TE,2.1000000448787914,-1.8647059272317326
00-0033932,K.Golladay,2021,WR,5.241176380830653,-1.8823529411764701
00-0034765,T.Smith,2021,WR,5.1588233498966,-1.9647059721105231
00-0033879,O.Howard,2021,TE,1.9705882352941175,-1.9941177368164065
00-0031428,A.Robinson,2021,WR,5.117647058823529,-2.0058822631835938
00-0034272,M.Valdes-Scantling,2021,WR,5.117647058823529,-2.0058822631835938
00-0031763,D.Carter,2021,WR,5.088235294117647,-2.035294027889476
00-0036247,F.Swain,2021,WR,5.088235294117647,-2.035294027889476
00-0032058,T.Coleman,2021,RB,3.0294117647058822,-2.0411762910730697
00-0034115,J.Wilson,2021,RB,3.0294117647058822,-2.0411762910730697
00-0035806,J.Hasty,2021,RB,3.0294117647058822,-2.0411762910730697
00-0033658,B.Jarwin,2021,TE,1.9176469690659468,-2.047059003044577
00-0031387,E.Ebron,2021,TE,1.911764705882353,-2.0529412662281707
00-0036654,D.Felton,2021,RB,2.9705882352941178,-2.0999998204848342
00-0033854,D.Ogunbowale,2021,RB,2.9470587337718293,-2.1235293220071227
00-0036407,J.Jeudy,2021,WR,5.0,-2.1235293220071227
00-0032741,P.Barber,2021,RB,2.9352942074046418,-2.1352938483743102
00-0036857,C.Evans,2021,RB,2.929411719827091,-2.141176335951861
00-0036357,H.Ruggs,2021,WR,4.970588235294118,-2.152941086713005
00-0035624,N.Harry,2021,TE,1.7882352716782517,-2.1764707004322723
00-0034869,S.Darnold,2021,QB,9.251764634076286,-2.1894118365119493
00-0036554,N.Collins,2021,WR,4.917646969065947,-2.2058823529411757
00-0036898,D.Mills,2021,QB,9.232940673828123,-2.2082357967601123
00-0033594,C.Carson,2021,RB,2.8294116749483,-2.241176380830652
00-0032951,L.Treadwell,2021,WR,4.847058913286994,-2.2764704087201286
00-0036913,K.Toney,2021,WR,4.844705918255975,-2.278823403751148
00-0036259,J.Jennings,2021,WR,4.835293938131893,-2.2882353838752296
00-0033572,J.Agnew,2021,WR,4.823529411764706,-2.299999910242417
00-0032394,N.Vannett,2021,TE,1.6647059496711285,-2.3000000224393955
00-0031045,C.Hyde,2021,RB,2.6941176021800324,-2.3764704535989196
00-0033943,J.Reynolds,2021,WR,4.741176380830653,-2.38235294117647
00-0027944,J.Jones,2021,WR,4.729411405675552,-2.394117916331571
00-0034109,P.Lindsay,2021,RB,2.6705881006577434,-2.3999999551212086
00-0032009,A.Humphries,2021,WR,4.664706061868107,-2.458823260139016
00-0033681,K.Cole,2021,WR,4.641176560345818,-2.4823527616613044
00-0037013,Z.Wilson,2021,QB,8.93294121237362,-2.508235258214615
00-0036387,J.Reagor,2021,WR,4.5941175573012405,-2.5294117647058822
00-0032385,S.Shepard,2021,WR,4.570588055778952,-2.5529412662281707
00-0033308,M.Breida,2021,RB,2.511764750761144,-2.558823305017808
00-0036331,D.Duvernay,2021,WR,4.54117629107307,-2.582353030934053
00-0036457,T.Williams,2021,RB,2.464705972110524,-2.605882083668428
00-0033896,A.Shaheen,2021,TE,1.3529411764705883,-2.6117647956399357
00-0026189,D.Jackson,2021,WR,4.45882370892693,-2.6647056130801925
00-0035547,J.Fortson,2021,TE,1.2764706331140854,-2.6882353389964386
00-0036876,K.Granson,2021,TE,1.2705882577335132,-2.6941177143770108
00-0028097,L.Smith,2021,TE,1.2647058823529411,-2.700000089757583
00-0033387,J.Hollister,2021,TE,1.2058823529411764,-2.7588236191693474
00-0029608,T.Hilton,2021,WR,4.358823439654182,-2.764705882352941
00-0036020,S.Ahmed,2021,RB,2.270588145536535,-2.799999910242417
00-0035308,T.Sweeney,2021,TE,1.1411764481488396,-2.8235295239616844
00-0030496,L.Bell,2021,RB,2.2411763808306526,-2.8294116749482994
00-0032135,J.James,2021,TE,1.1294118095846737,-2.8352941625258503
00-0035631,D.Sample,2021,TE,1.1235294342041016,-2.8411765379064224
00-0031484,C.Manhertz,2021,TE,1.1235293220071232,-2.841176650103401
00-0032062,B.Bell,2021,TE,1.1000000448787914,-2.8647059272317326
00-0033576,E.Saubert,2021,TE,1.1000000448787914,-2.8647059272317326
00-0036427,T.Johnson,2021,WR,4.235294117647059,-2.888235204360064
00-0036450,K.Vaughn,2021,RB,2.152941086713005,-2.917646969065947
00-0034837,C.Ridley,2021,WR,4.182352851418888,-2.9411764705882346
00-0031376,J.McKinnon,2021,RB,2.111764795639936,-2.958823260139016
00-0032813,E.Penny,2021,RB,2.111764795639936,-2.958823260139016
00-0031325,S.Watkins,2021,WR,4.141176560345818,-2.9823527616613044
00-0036637,N.Gray,2021,TE,0.9764706106746898,-2.988235361435834
00-0035567,C.Reynolds,2021,RB,2.070588280172909,-2.999999775606043
00-0035562,J.Horsted,2021,TE,0.947058733771829,-3.0176472383386947
00-0034838,R.Freeman,2021,RB,2.0352942522834327,-3.0352938034955192
00-0032775,D.Robinson,2021,WR,4.082353030934053,-3.0411762910730697
00-0033421,A.Auclair,2021,TE,0.9235294566434972,-3.041176515467027
00-0035249,J.Oliver,2021,TE,0.917647081262925,-3.047058890847599
00-0026035,D.Amendola,2021,WR,4.047059003044577,-3.0764703189625457
00-0034073,R.Dwelley,2021,TE,0.8882353165570427,-3.0764706555534813
00-0035535,D.Slayton,2021,WR,4.035294027889476,-3.0882352941176467
00-0034407,R.McCloud,2021,WR,4.011764526367188,-3.1117647956399344
00-0034766,C.Herndon,2021,TE,0.8235294117647058,-3.1411765603458184
00-0032355,C.Rogers,2021,WR,3.941176470588236,-3.182352851418887
00-0031868,D.Byrd,2021,WR,3.9352942074046418,-3.188235114602481
00-0036032,S.McKeon,2021,TE,0.7470588123097139,-3.2176471598008103
00-0036887,L.Farrell,2021,TE,0.741176493027631,-3.223529479082893
00-0031062,J.White,2021,RB,1.83529416252585,-3.235293893253102
00-0034676,J.Washington,2021,WR,3.870588414809283,-3.2529409071978397
00-0035356,T.Jackson,2021,TE,0.6588235181920669,-3.305882453918457
00-0032128,C.Conley,2021,WR,3.799999910242417,-3.3235294117647056
00-0035345,C.Myarick,2021,TE,0.6294118095846737,-3.3352941625258503
00-0037011,T.McKitty,2021,TE,0.6176470588235294,-3.3470589132869946
00-0036429,C.Woerner,2021,TE,0.5999999887803021,-3.364705983330222
00-0033725,C.Clement,2021,RB,1.6999999775606045,-3.3705880782183475
00-0036984,T.Sermon,2021,RB,1.66470583747415,-3.405882218304802
00-0035572,P.Hesse,2021,TE,0.5470588347491097,-3.4176471373614143
00-0036383,E.Benjamin,2021,RB,1.6470588235294117,-3.4235292322495403
00-0029738,D.Fells,2021,TE,0.4882353053373449,-3.4764706667731793
00-0036244,C.Parkinson,2021,TE,0.4882353053373449,-3.4764706667731793
00-0034614,G.Igwebuike,2021,RB,1.576470655553481,-3.4941174002254707
00-0033095,G.Griffin,2021,TE,0.4647058879627901,-3.500000084147734
00-0025394,A.Peterson,2021,RB,1.5647059047923368,-3.505882150986615
00-0035603,K.Blanton,2021,TE,0.452941193300135,-3.511764778810389
00-0036250,T.Davis,2021,TE,0.4411764705882353,-3.5235295015222885
00-0036670,J.Jefferson,2021,RB,1.5117647507611442,-3.5588233050178077
00-0033555,M.Hollins,2021,WR,3.54705877865062,-3.576470543356503
00-0035259,T.Wesco,2021,TE,0.3823529411764705,-3.5823530309340534
00-0036534,S.Zylstra,2021,TE,0.3764705657958984,-3.5882354063146256
00-0034988,K.Smith,2021,TE,0.3705882465138155,-3.5941177255967087
00-0036741,J.Stoll,2021,TE,0.3647058711332433,-3.600000100977281
00-0036173,T.Hudson,2021,TE,0.3588235518511604,-3.6058824202593636
00-0033528,J.Sprinkle,2021,TE,0.3588235238019158,-3.6058824483086083
00-0036510,K.Yeboah,2021,TE,0.3294117590960334,-3.6352942130144905
00-0036456,D.Dafney,2021,TE,0.3176470363841337,-3.64705893572639
00-0032098,D.Brown,2021,TE,0.2882352997274959,-3.676470672383028
00-0035771,M.Wilcox,2021,TE,0.2705882296842687,-3.6941177424262555
00-0033025,J.Richard,2021,RB,1.3647058150347542,-3.705882240744198
00-0036842,K.Nwangwu,2021,RB,1.3529411764705883,-3.7176468793083637
00-0035126,A.Wesley,2021,WR,3.399999955121209,-3.7235293668859137
00-0030155,D.Harris,2021,TE,0.2352941176470588,-3.729411854463465
00-0032977,R.Higgins,2021,WR,3.3823529411764706,-3.741176380830652
00-0031806,M.Brown,2021,RB,1.3235294117647058,-3.7470586440142464
00-0033338,C.Carter,2021,TE,0.211764700272504,-3.75294127183802
00-0030068,M.Goodwin,2021,WR,3.364705702837776,-3.758823619169347
00-0035860,T.Jones,2021,RB,1.3000000224393955,-3.7705880333395565
00-0029119,D.Carrier,2021,TE,0.194117644253899,-3.770588327856625
00-0028042,L.Stocker,2021,TE,0.1882352969225715,-3.7764706751879524
00-0031384,R.Rodgers,2021,TE,0.1823529355666216,-3.782353036543902
00-0034193,K.Rader,2021,TE,0.164705893572639,-3.800000078537885
00-0034672,E.Wolf,2021,TE,0.1647058795480167,-3.8000000925625073
00-0032398,C.Moore,2021,WR,3.2764706331140854,-3.8470586888930374
00-0032975,J.Williams,2021,RB,1.2176471037023209,-3.852940952076631
00-0033246,J.Mundt,2021,TE,0.1117647044798907,-3.852941267630633
00-0036424,B.Hopkins,2021,TE,0.1117647044798907,-3.852941267630633
00-0037004,H.Long,2021,TE,0.105882350136252,-3.858823621974272
00-0031690,E.Tomlinson,2021,TE,0.1000000028049244,-3.8647059693055996
00-0031598,N.Boyle,2021,TE,0.0705882380990421,-3.894117734011482
00-0033258,D.Daniels,2021,TE,0.0588235294117647,-3.9058824426987595
00-0034319,D.Yelder,2021,TE,0.0588235294117647,-3.9058824426987595
00-0035273,Q.Ollison,2021,RB,1.1588235742905562,-3.9117644814883956
00-0035428,D.Helm,2021,TE,0.052941175068126,-3.911764797042398
00-0033466,I.McKenzie,2021,WR,3.2058823529411766,-3.917646969065946
00-0035187,A.Walter,2021,RB,1.1176470588235294,-3.9529409969554226
00-0033720,C.Thompson,2021,TE,0.0,-3.964705972110524
00-0034735,C.McElroy,2021,TE,0.0,-3.964705972110524
00-0035823,B.Ellefson,2021,TE,0.0,-3.964705972110524
00-0035956,G.Ricci,2021,TE,0.0,-3.964705972110524
00-0036438,S.Sullivan,2021,TE,0.0,-3.964705972110524
00-0030525,T.Austin,2021,WR,3.141176560345818,-3.982352761661305
00-0036096,J.Taylor,2021,RB,1.088235294117647,-3.9823527616613053
00-0036945,J.Fields,2021,QB,7.45882370892693,-3.9823527616613053
00-0036825,F.Franks,2021,TE,-0.0823529397740083,-4.047058911884532
00-0035973,P.Taylor,2021,RB,1.0117647507611442,-4.058823305017808
00-0036370,J.Kelley,2021,RB,1.0,-4.070588055778952
00-0036650,L.Rountree,2021,RB,0.917647081262925,-4.152940974516027
00-0035406,L.Humphrey,2021,WR,2.935293983010685,-4.188235338996438
00-0036277,Q.Cephus,2021,WR,2.905882442698759,-4.217646879308363
00-0034052,B.Zylstra,2021,WR,2.8823529411764706,-4.241176380830652
00-0034104,C.Sims,2021,WR,2.8705881904153263,-4.252941131591797
00-0033950,W.Gallman,2021,RB,0.7941176470588235,-4.276470408720129
00-0033357,T.Hill,2021,QB,7.160000071806066,-4.281176398782169
00-0035217,B.Snell,2021,RB,0.7705882577335134,-4.299999798045438
00-0030669,A.Wilson,2021,WR,2.823529411764706,-4.299999910242416
00-0032778,T.Sharpe,2021,WR,2.823529411764706,-4.299999910242416
00-0033951,M.Mack,2021,RB,0.758823506972369,-4.3117645488065826
00-0035268,R.Armstead,2021,RB,0.741176493027631,-4.329411562751321
00-0035021,A.Dulin,2021,WR,2.676470588235294,-4.447058733771829
00-0034867,M.Turner,2021,WR,2.641176560345818,-4.482352761661305
00-0035957,R.Smith,2021,RB,0.5764705994549919,-4.49411745632396
00-0035924,J.Ward,2021,RB,0.5705882240744198,-4.499999831704532
00-0033215,C.Grayson,2021,WR,2.623529322007123,-4.5
00-0033296,A.Armah,2021,RB,0.5411764593685374,-4.529411596410415
00-0036493,D.Jackson,2021,RB,0.5352941400864545,-4.535293915692497
00-0031503,J.Winston,2021,QB,6.90588244269876,-4.535294027889475
00-0036768,J.Hardy,2021,RB,0.5235294454237994,-4.547058610355153
00-0032782,W.Smallwood,2021,RB,0.5117646946626551,-4.558823361116297
00-0032791,J.Grant,2021,WR,2.5588235294117645,-4.564705792595358
00-0034208,M.Boone,2021,RB,0.4529411652508904,-4.617646890528062
00-0035291,T.Williams,2021,RB,0.3823529411764705,-4.688235114602482
00-0034378,I.Smith,2021,RB,0.376470593845143,-4.694117461933809
00-0034799,K.Ballage,2021,RB,0.376470593845143,-4.694117461933809
00-0033460,J.Ross,2021,WR,2.411764705882353,-4.7117646161247695
00-0034331,J.Samuels,2021,RB,0.3117646890528062,-4.758823366726146
00-0033471,I.Ford,2021,WR,2.358823439654182,-4.76470588235294
00-0035342,P.Laird,2021,RB,0.299999994390151,-4.770588061388801
00-0036278,J.Huntley,2021,RB,0.299999994390151,-4.770588061388801
00-0032450,D.Washington,2021,RB,0.2823529523961684,-4.7882351033827835
00-0036414,C.Akers,2021,RB,0.252941187690286,-4.817646868088666
00-0036069,S.Phillips,2021,RB,0.2470588123097139,-4.823529243469238
00-0036669,K.Hill,2021,RB,0.2294117703157312,-4.841176285463221
00-0036297,D.Evans,2021,RB,0.2235294089597814,-4.84705864681917
00-0035864,K.Hinton,2021,WR,2.267058877383961,-4.856470444623161
00-0034578,R.Bonnafon,2021,RB,0.211764700272504,-4.858823355506448
00-0036523,T.Ragas,2021,RB,0.2058823529411764,-4.864705702837775
00-0036269,L.Perine,2021,RB,0.1823529355666216,-4.888235120212331
00-0036336,A.McFarland,2021,RB,0.1411764621734619,-4.92941159360549
00-0031687,R.Mostert,2021,RB,0.1176470588235294,-4.952940996955423
00-0036569,G.Brightwell,2021,RB,0.1176470588235294,-4.952940996955423
00-0034597,R.Nall,2021,RB,0.105882350136252,-4.9647057056427
00-0035184,D.Ozigbo,2021,RB,0.0823529397740083,-4.988235116004944
00-0034808,J.Kelly,2021,RB,0.0764705854303696,-4.994117470348582
00-0036133,J.Proche,2021,WR,2.1294118095846737,-4.994117512422449
00-0035760,J.Patrick,2021,RB,0.0705882380990421,-4.99999981767991
00-0034449,B.Howell,2021,RB,0.0647058837554034,-5.005882172023549
00-0036698,M.Sargent,2021,RB,0.0647058837554034,-5.005882172023549
00-0035448,D.Crockett,2021,RB,0.0411764698870041,-5.029411585891948
00-0036860,J.Funk,2021,RB,0.0294117647058823,-5.04117629107307
00-0034164,T.Cannon,2021,RB,0.0235294121153214,-5.047058643663631
00-0035835,N.Cottrell,2021,RB,0.0176470595247605,-5.052940996254192
00-0030465,K.Barner,2021,RB,0.0,-5.070588055778952
00-0035898,D.Bradwell,2021,RB,0.0,-5.070588055778952
00-0036582,N.McCrary,2021,RB,-0.0058823530288303,-5.076470408807782
00-0033857,J.Smith-Schuster,2021,WR,2.04705877865062,-5.076470543356503
00-0033733,G.Ward,2021,WR,2.034117754767923,-5.0894115672392
00-0033591,N.Brown,2021,WR,2.0235295015222885,-5.099999820484834
00-0034777,D.Chark,2021,WR,2.0235295015222885,-5.099999820484834
00-0032054,B.Perriman,2021,WR,1.964705972110524,-5.158823349896599
00-0036999,A.Schwartz,2021,WR,1.964705972110524,-5.158823349896599
00-0036955,T.Marshall,2021,WR,1.929411719827091,-5.1941176021800315
00-0029632,M.Sanu,2021,WR,1.9235292322495403,-5.200000089757582
00-0035639,P.Campbell,2021,WR,1.8941176919376148,-5.229411630069508
00-0034854,K.Hodge,2021,WR,1.805882397819968,-5.317646924187155
00-0035624,N.Harry,2021,WR,1.7882352716782517,-5.335294050328871
00-0032200,T.Montgomery,2021,WR,1.758823506972369,-5.364705815034753
00-0036635,I.Smith-Marsette,2021,WR,1.682352851418888,-5.441176470588235
00-0036620,D.Eskridge,2021,WR,1.66470583747415,-5.458823484532973
00-0036626,D.Brown,2021,WR,1.6529411989099838,-5.470588123097139
00-0034860,D.Pettis,2021,WR,1.490588244269876,-5.632941077737247
00-0032980,M.Johnson,2021,WR,1.4588234845329733,-5.664705837474149
00-0036862,B.Skowronek,2021,WR,1.429411719827091,-5.6941176021800315
00-0034487,T.Sherfield,2021,WR,1.3941176919376148,-5.729411630069508
00-0036254,C.Johnson,2021,WR,1.2647058823529411,-5.858823439654182
00-0036255,D.Mims,2021,WR,1.2529411315917969,-5.870588190415326
00-0034930,T.Benson,2021,WR,1.1941176021800322,-5.92941171982709
00-0034279,E.St. Brown,2021,WR,1.1882353389964384,-5.935293983010684
00-0036183,K.Wilkerson,2021,WR,1.1882353389964384,-5.935293983010684
00-0035510,J.Smith,2021,WR,1.1294118095846737,-5.994117512422449
00-0035298,S.Miller,2021,WR,1.1235293220071232,-6.0
00-0030085,K.Stills,2021,WR,1.111764683442957,-6.011764638564165
00-0035544,T.Kennedy,2021,WR,1.0823530309340532,-6.04117629107307
00-0032208,P.Dorsett,2021,WR,1.0588235294117647,-6.064705792595358
00-0033839,D.Westbrook,2021,WR,0.988235361435834,-6.135293960571289
00-0032156,T.Siemian,2021,QB,5.303529627182904,-6.1376468434053315
00-0036572,S.Smith,2021,WR,0.9470588459688074,-6.176470476038316
00-0036627,D.Fitzpatrick,2021,WR,0.9352940952076632,-6.18823522679946
00-0036671,D.Milne,2021,WR,0.9058823305017808,-6.217646991505342
00-0034353,A.Miller,2021,WR,0.8529411764705882,-6.270588145536535
00-0029664,J.Gordon,2021,WR,0.835294106427361,-6.288235215579761
00-0028237,C.Hogan,2021,WR,0.8294117871452781,-6.2941175348618446
00-0035350,P.Williams,2021,WR,0.8117646610035616,-6.311764661003561
00-0027939,C.Newton,2021,QB,5.0800000359030335,-6.361176434685202
00-0035022,P.Hart,2021,WR,0.7588235630708582,-6.364705758936265
00-0034686,A.Tate,2021,WR,0.758823506972369,-6.364705815034753
00-0027691,A.Roberts,2021,WR,0.7294117422664866,-6.394117579740636
00-0036412,K.Hamler,2021,WR,0.7294117422664866,-6.394117579740636
00-0035593,J.Winfree,2021,WR,0.6941176582785213,-6.429411663728601
00-0036877,J.Darden,2021,WR,0.6705882128547219,-6.452941109152401
00-0035993,T.Huntley,2021,QB,4.978823493508732,-6.462352977079504
00-0034652,C.Batson,2021,WR,0.6470588235294118,-6.476470498477711
00-0027973,A.Dalton,2021,QB,4.952940996955423,-6.4882354736328125
00-0036110,J.Bradley,2021,WR,0.6117646834429573,-6.511764638564165
00-0033114,M.Thomas,2021,WR,0.5999999887803021,-6.52352933322682
00-0036228,D.Patmon,2021,WR,0.59411761339973,-6.529411708607393
00-0033282,C.Samuel,2021,WR,0.5764705994549919,-6.547058722552131
00-0033367,C.Board,2021,WR,0.5705882240744198,-6.5529410979327025
00-0036991,A.Rodgers,2021,WR,0.5647059047923368,-6.558823417214786
00-0033127,W.Fuller,2021,WR,0.5058823753805721,-6.61764694662655
00-0035432,J.Moore,2021,WR,0.5058823753805721,-6.61764694662655
00-0032543,A.Erickson,2021,WR,0.5,-6.623529322007123
00-0028118,T.Taylor,2021,QB,4.808235168457031,-6.632941302131204
00-0035891,C.White,2021,WR,0.4882353053373449,-6.635294016669778
00-0030663,W.Snead,2021,WR,0.4588235406314625,-6.66470578137566
00-0033111,P.Cooper,2021,WR,0.4470588179195628,-6.67647050408756
00-0033386,C.Hollister,2021,WR,0.4294117478763355,-6.694117574130788
00-0035500,G.Dortch,2021,WR,0.4058823585510254,-6.717646963456097
00-0035045,D.Montgomery,2021,WR,0.3882352885077981,-6.735294033499325
00-0034132,C.Blake,2021,WR,0.3823529411764705,-6.741176380830653
00-0033292,T.Taylor,2021,WR,0.3588235238019158,-6.764705798205207
00-0034646,B.Powell,2021,WR,0.3529411764705882,-6.770588145536535
00-0035645,G.Olszewski,2021,WR,0.3529411764705882,-6.770588145536535
00-0036382,K.Hill,2021,WR,0.3529411764705882,-6.770588145536535
00-0035246,J.Arcega-Whiteside,2021,WR,0.3294117590960334,-6.794117562911089
00-0035341,T.Irwin,2021,WR,0.3176470644333783,-6.805882257573744
00-0031545,K.White,2021,WR,0.2823529523961684,-6.841176369610954
00-0031787,J.Kumerow,2021,WR,0.2823529523961684,-6.841176369610954
00-0034317,K.Kirkwood,2021,WR,0.2764705770155963,-6.847058744991527
00-0036482,M.Strachan,2021,WR,0.2705882296842687,-6.852941092322854
00-0036657,S.Williams,2021,WR,0.2588235350216136,-6.8647057869855095
00-0033481,M.Kemp,2021,WR,0.258823506972369,-6.864705815034753
00-0036630,T.Wallace,2021,WR,0.252941187690286,-6.8705881343168365
00-0036907,D.Newsome,2021,WR,0.252941187690286,-6.8705881343168365
00-0035359,D.Sills,2021,WR,0.2176470616284538,-6.905882260378669
00-0035457,T.Johnson,2021,WR,0.211764700272504,-6.911764621734619
00-0032160,T.Williams,2021,WR,0.2000000056098489,-6.923529316397274
00-0035480,M.Taylor,2021,WR,0.2000000056098489,-6.923529316397274
00-0035399,S.Morgan,2021,WR,0.1999999915852266,-6.923529330421896
00-0036910,C.Saunders,2021,WR,0.1823529355666216,-6.941176386440501
00-0033006,J.Mickens,2021,WR,0.1764705882352941,-6.947058733771828
00-0035101,D.Davis,2021,WR,0.1588235322166891,-6.964705789790433
00-0036951,F.Darby,2021,WR,0.1411764761980842,-6.9823528458090385
00-0035527,A.Isabella,2021,WR,0.1352941148421343,-6.988235207164989
00-0035844,K.Merritt,2021,WR,0.1352941148421343,-6.988235207164989
00-0033094,M.Hall,2021,WR,0.1176470588235294,-7.005882263183594
00-0036491,T.Black,2021,WR,0.1176470588235294,-7.005882263183594
00-0032881,T.Lewis,2021,WR,0.1000000028049244,-7.023529319202198
00-0035703,M.Boykin,2021,WR,0.0941176484612857,-7.029411673545837
00-0034366,K.Coutee,2021,WR,0.088235294117647,-7.035294027889476
00-0036080,E.Winston,2021,WR,0.088235294117647,-7.035294027889476
00-0036652,R.McMath,2021,WR,0.0470588207244873,-7.076470501282635
00-0031319,D.Spencer,2021,WR,0.0411764698870041,-7.082352852120119
00-0035883,M.Ffrench,2021,WR,0.0176470595247605,-7.105882262482362
00-0029269,T.Benjamin,2021,WR,0.0,-7.123529322007123
00-0031051,J.Brown,2021,WR,0.0,-7.123529322007123
00-0031934,D.Smith,2021,WR,0.0,-7.123529322007123
00-0032626,G.Allison,2021,WR,0.0,-7.123529322007123
00-0033589,D.Moore,2021,WR,0.0,-7.123529322007123
00-0033957,R.Adams,2021,WR,0.0,-7.123529322007123
00-0034631,V.Smith,2021,WR,0.0,-7.123529322007123
00-0036308,I.Coulter,2021,WR,0.0,-7.123529322007123
00-0036439,T.Cleveland,2021,WR,0.0,-7.123529322007123
00-0035602,A.Bachman,2021,WR,-0.0176470595247605,-7.141176381531883
00-0033119,J.Brissett,2021,QB,4.254117629107307,-7.187058841480929
00-0037012,T.Lance,2021,QB,3.818823421702665,-7.622353048885571
00-0030565,G.Smith,2021,QB,3.192941104664522,-8.248235365923714
00-0035704,D.Lock,2021,QB,3.0517645443187043,-8.389411926269531
00-0026300,J.Johnson,2021,QB,2.724705864401425,-8.71647060618681
00-0034401,M.White,2021,QB,2.5894117916331574,-8.851764678955078
00-0027688,C.McCoy,2021,QB,2.429411719827091,-9.011764750761145
00-0035289,G.Minshew,2021,QB,1.9799999910242416,-9.461176479563994
00-0030520,M.Glennon,2021,QB,1.817647148581112,-9.623529322007123
00-0028986,C.Keenum,2021,QB,1.6870588414809282,-9.754117629107308
00-0034177,T.Boyle,2021,QB,1.4317647148581112,-10.009411755730124
00-0033662,C.Rush,2021,QB,1.4164706959443931,-10.024705774643841
00-0026158,J.Flacco,2021,QB,1.4011764526367188,-10.040000017951517
00-0036264,J.Love,2021,QB,1.2435293758616728,-10.197647094726562
00-0034771,M.Rudolph,2021,QB,1.0811764212215649,-10.36000004936667
00-0029567,N.Foles,2021,QB,0.9882352492388558,-10.45294122134938
00-0032268,M.Mariota,2021,QB,0.8741176829618567,-10.56705878762638
00-0032434,B.Allen,2021,QB,0.8152940974516028,-10.625882373136633
00-0033275,P.Walker,2021,QB,0.8105882756850299,-10.630588194903206
00-0032245,S.Mannion,2021,QB,0.7623529434204102,-10.678823527167825
00-0026625,B.Hoyer,2021,QB,0.7223529254688936,-10.718823545119342
00-0036197,J.Fromm,2021,QB,0.6411764481488396,-10.800000022439395
00-0033319,N.Mullens,2021,QB,0.581176477320054,-10.85999999326818
00-0033869,M.Trubisky,2021,QB,0.4776470520917107,-10.963529418496524
00-0034577,K.Allen,2021,QB,0.4647058599135455,-10.97647061067469
00-0031395,G.Gilbert,2021,QB,0.4564706016989315,-10.984705868889304
00-0026197,C.Henne,2021,QB,0.1929411747876335,-11.248235295800601
00-0035752,C.Streveler,2021,QB,0.1199999977560604,-11.321176472832175
00-0036929,I.Book,2021,QB,0.1176470588235294,-11.323529411764707
00-0027948,B.Gabbert,2021,QB,0.1164705893572639,-11.324705881230972
00-0033936,C.Beathard,2021,QB,0.0894117705962237,-11.351764699992012
00-0036879,S.Ehlinger,2021,QB,0.052941175068126,-11.38823529552011
00-0023682,R.Fitzpatrick,2021,QB,0.0423529428594252,-11.39882352772881
00-0035040,D.Blough,2021,QB,0.035294119049521,-11.405882351538715
00-0033958,N.Peterman,2021,QB,0.0117647060576607,-11.429411764530574
00-0036946,K.Mond,2021,QB,0.0117647060576607,-11.429411764530574
00-0034955,B.Rypien,2021,QB,0.0,-11.441176470588236
00-0034131,K.Benkert,2021,QB,-0.0058823530288303,-11.447058823617066
00-0026544,C.Daniel,2021,QB,-0.0117647060576607,-11.452941176645897
00-0033550,D.Webb,2021,QB,-0.0176470595247605,-11.458823530112996
00-0034438,L.Woodside,2021,QB,-0.035294119049521,-11.476470589637756
00-0036226,J.Eason,2021,QB,-0.0588235294117647,-11.5
00-0034899,J.Wolford,2021,QB,-0.1117646974675795,-11.552941168055815
00-0034343,J.Rosen,2021,QB,-0.1905882358551025,-11.631764706443338
00-0029892,,2021,,4.3411766501034,
00-0030968,,2021,,1.0411765154670267,
00-0031595,,2021,,0.8647058711332434,
00-0032897,,2021,,0.2705882296842687,
00-0032918,,2021,,1.9352942074046413,
00-0032956,,2021,,0.6999999775606043,
00-0033376,,2021,,1.2176471037023209,
00-0034171,,2021,,0.8176470363841337,
00-0034311,,2021,,0.5411764593685374,
00-0034433,,2021,,0.1764705882352941,
00-0035099,,2021,,0.0588235294117647,
00-0035125,,2021,,1.4470588459688074,
00-0035726,,2021,,0.4882353053373449,
00-0035908,,2021,,0.3235294117647059,
00-0036187,,2021,,0.3294117590960334,
00-0036727,,2021,,0.299999994390151,
00-0033906,A.Kamara,2020,RB,23.612499237060547,18.53749942779541
00-0033893,D.Cook,2020,RB,21.112499237060547,16.03749942779541
00-0032764,D.Henry,2020,RB,20.818750381469727,15.74375057220459
00-0030506,T.Kelce,2020,TE,19.54750061035156,14.97875070571899
00-0031381,D.Adams,2020,WR,22.399999618530277,14.26874923706055
00-0034857,J.Allen,2020,QB,24.75374984741211,13.5024995803833
00-0031610,D.Waller,2020,TE,17.412500381469727,12.843750476837158
00-0023459,A.Rodgers,2020,QB,23.95375061035156,12.70250034332275
00-0033040,T.Hill,2020,WR,20.556249618530277,12.42499923706055
00-0035228,K.Murray,2020,QB,23.67124938964844,12.419999122619632
00-0031588,S.Diggs,2020,WR,20.537500381469727,12.40625
00-0033873,P.Mahomes,2020,QB,23.399999618530277,12.148749351501468
00-0033537,D.Watson,2020,QB,23.082500457763672,11.831250190734863
00-0035685,D.Montgomery,2020,RB,16.549999237060547,11.47499942779541
00-0029263,R.Wilson,2020,QB,22.48624992370605,11.234999656677243
00-0033293,A.Jones,2020,RB,16.181249618530273,11.106249809265137
00-0036223,J.Taylor,2020,RB,15.799999237060549,10.724999427795412
00-0035831,J.Robinson,2020,RB,15.649999618530272,10.574999809265135
00-0029701,R.Tannehill,2020,QB,21.772499084472656,10.521248817443848
00-0019596,T.Brady,2020,QB,21.1200008392334,9.86875057220459
00-0030564,D.Hopkins,2020,WR,17.98750114440918,9.856250762939453
00-0036355,J.Herbert,2020,QB,20.802499771118164,9.551249504089355
00-0034796,L.Jackson,2020,QB,20.79874992370605,9.547499656677243
00-0034837,C.Ridley,2020,WR,17.59375,9.462499618530273
00-0035700,J.Jacobs,2020,RB,14.456250190734863,9.381250381469727
00-0036322,J.Jefferson,2020,WR,17.13749885559082,9.006248474121094
00-0035640,D.Metcalf,2020,WR,17.081249237060547,8.94999885559082
00-0033045,E.Elliott,2020,RB,13.981249809265137,8.90625
00-0033923,K.Hunt,2020,RB,13.65625,8.581250190734863
00-0032211,T.Lockett,2020,WR,16.587499618530273,8.456249237060547
00-0031428,A.Robinson,2020,WR,16.431249618530273,8.299999237060547
00-0034791,N.Chubb,2020,RB,12.981249809265137,7.90625
00-0029604,K.Cousins,2020,QB,19.137500762939453,7.8862504959106445
00-0032063,M.Davis,2020,RB,12.90625,7.831250190734863
00-0030035,A.Thielen,2020,WR,15.875,7.743749618530273
00-0036328,A.Gibson,2020,RB,12.637499809265137,7.5625
00-0031408,M.Evans,2020,WR,15.537500381469728,7.406250000000002
00-0035676,A.Brown,2020,WR,15.46875,7.337499618530273
00-0032144,M.Gordon,2020,RB,12.399999618530272,7.324999809265135
00-0030279,K.Allen,2020,WR,15.318750381469728,7.187500000000002
00-0030431,R.Woods,2020,WR,15.318750381469728,7.187500000000002
00-0034367,N.Hines,2020,RB,12.074999809265137,7.0
00-0034367,N.Miller-Hines,2020,RB,12.074999809265137,7.0
00-0033118,K.Drake,2020,RB,12.012499809265137,6.9375
00-0032602,J.McKissic,2020,RB,11.962499618530272,6.887499809265135
00-0036275,D.Swift,2020,RB,11.862500190734863,6.787500381469727
00-0031544,A.Cooper,2020,WR,14.800000190734863,6.668749809265137
00-0033594,C.Carson,2020,RB,11.737500190734863,6.662500381469727
00-0034816,R.Jones,2020,RB,11.643750190734863,6.568750381469727
00-0033857,J.Smith-Schuster,2020,WR,14.631250381469728,6.500000000000002
00-0031260,L.Thomas,2020,TE,11.03874969482422,6.469999790191652
00-0033757,R.Tonyan,2020,TE,11.037500381469728,6.46875047683716
00-0026143,M.Ryan,2020,QB,17.65250015258789,6.401249885559082
00-0035229,T.Hockenson,2020,TE,10.956250190734863,6.387500286102295
00-0031236,B.Cooks,2020,WR,14.5,6.368749618530273
00-0032187,D.Johnson,2020,RB,11.21875,6.143750190734863
00-0029293,M.Jones,2020,WR,14.237500190734863,6.106249809265137
00-0034753,M.Andrews,2020,TE,10.631250381469728,6.06250047683716
00-0036360,C.Edwards-Helaire,2020,RB,11.0,5.925000190734863
00-0032688,R.Chosen,2020,WR,14.006250381469728,5.875000000000002
00-0035216,D.Johnson,2020,WR,13.987500190734863,5.856249809265137
00-0035659,T.McLaurin,2020,WR,13.987500190734863,5.856249809265137
00-0031280,D.Carr,2020,QB,17.00749969482422,5.75624942779541
00-0035243,M.Sanders,2020,RB,10.649999618530272,5.574999809265135
00-0036358,C.Lamb,2020,WR,13.606249809265137,5.47499942779541
00-0036158,J.Dobbins,2020,RB,10.53125,5.456250190734863
00-0022924,B.Roethlisberger,2020,QB,16.701250076293945,5.449999809265137
00-0034681,C.Edmonds,2020,RB,10.5,5.425000190734863
00-0034829,M.Gesicki,2020,TE,9.956250190734863,5.387500286102295
00-0036326,C.Claypool,2020,WR,13.431249618530272,5.299999237060545
00-0033699,A.Ekeler,2020,RB,10.331250190734863,5.256250381469727
00-0033357,T.Hill,2020,TE,9.78874969482422,5.219999790191652
00-0033553,J.Conner,2020,RB,10.287500381469728,5.212500572204592
00-0035311,M.Gaskin,2020,RB,10.262500762939451,5.187500953674315
00-0032241,T.Gurley,2020,RB,10.199999809265137,5.125
00-0033282,C.Samuel,2020,WR,13.25624942779541,5.124999046325684
00-0034827,D.Moore,2020,WR,13.21875,5.087499618530273
00-0027939,C.Newton,2020,QB,16.311250686645508,5.060000419616699
00-0033908,C.Kupp,2020,WR,13.168749809265137,5.03749942779541
00-0026498,M.Stafford,2020,QB,16.28499984741211,5.033749580383301
00-0029000,C.Beasley,2020,WR,12.96875,4.837499618530273
00-0030456,G.Bernard,2020,RB,9.881250381469728,4.806250572204592
00-0027656,R.Gronkowski,2020,TE,9.331250190734863,4.762500286102295
00-0035644,N.Fant,2020,TE,9.331250190734863,4.762500286102295
00-0034830,H.Hurst,2020,TE,9.318750381469728,4.75000047683716
00-0034383,D.Schultz,2020,TE,9.15625,4.587500095367432
00-0033090,H.Henry,2020,TE,9.081250190734863,4.512500286102295
00-0027696,J.Graham,2020,TE,8.975000381469727,4.406250476837158
00-0031387,E.Ebron,2020,TE,8.862500190734863,4.293750286102295
00-0034855,B.Mayfield,2020,QB,15.53874969482422,4.287499427795412
00-0033881,E.Engram,2020,TE,8.8125,4.243750095367432
00-0033858,J.Smith,2020,TE,8.762499809265137,4.193749904632568
00-0036410,T.Higgins,2020,WR,12.162500381469728,4.031250000000002
00-0033009,T.Boyd,2020,WR,12.039999961853027,3.908749580383301
00-0035250,D.Singletary,2020,RB,8.975000381469727,3.90000057220459
00-0033871,C.Davis,2020,WR,11.962499618530272,3.831249237060545
00-0031237,T.Bridgewater,2020,QB,15.076250076293944,3.824999809265135
00-0034115,J.Wilson,2020,RB,8.893750190734863,3.8187503814697266
00-0033921,C.Godwin,2020,WR,11.9375,3.8062496185302734
00-0033106,J.Goff,2020,QB,14.998749732971191,3.747499465942383
00-0022942,P.Rivers,2020,QB,14.997499465942385,3.746249198913576
00-0033127,W.Fuller,2020,WR,11.806249618530272,3.674999237060545
00-0031382,J.Landry,2020,WR,11.7475004196167,3.6162500381469727
00-0031549,N.Agholor,2020,WR,11.600000381469728,3.4687500000000018
00-0033950,W.Gallman,2020,RB,8.537500381469727,3.46250057220459
00-0033110,T.Higbee,2020,TE,8.012499809265137,3.4437499046325684
00-0030513,L.Murray,2020,RB,8.512499809265137,3.4375
00-0036261,B.Aiyuk,2020,WR,11.53125,3.3999996185302734
00-0027061,J.Cook,2020,TE,7.962500095367432,3.3937501907348633
00-0035662,M.Brown,2020,WR,11.4375,3.3062496185302734
00-0033288,G.Kittle,2020,TE,7.818749904632568,3.25
00-0034411,R.Gage,2020,WR,11.31624984741211,3.184999465942383
00-0033856,L.Fournette,2020,RB,8.25,3.1750001907348633
00-0035664,D.Henderson,2020,RB,8.118749618530273,3.0437498092651367
00-0034184,G.Edwards,2020,RB,8.012499809265137,2.9375
00-0033948,J.Williams,2020,RB,7.943749904632568,2.8687500953674316
00-0031376,J.McKinnon,2020,RB,7.887499809265137,2.8125
00-0025394,A.Peterson,2020,RB,7.78125,2.7062501907348633
00-0034351,D.Goedert,2020,TE,7.275000095367432,2.7062501907348633
00-0034764,M.Gallup,2020,WR,10.831250190734863,2.6999998092651367
00-0031941,J.Crowder,2020,WR,10.751250267028809,2.619999885559082
00-0032392,A.Hooper,2020,TE,7.09375,2.5250000953674316
00-0035261,T.Pollard,2020,RB,7.550000190734863,2.4750003814697266
00-0031547,D.Parker,2020,WR,10.393750190734863,2.2624998092651367
00-0031062,J.White,2020,RB,7.287499904632568,2.2125000953674316
00-0027685,E.Sanders,2020,WR,10.300000190734863,2.1687498092651367
00-0029608,T.Hilton,2020,WR,10.262499809265137,2.13124942779541
00-0032385,S.Shepard,2020,WR,10.15625,2.0249996185302734
00-0033375,T.Patrick,2020,WR,10.074999809265137,1.9437494277954102
00-0020531,D.Brees,2020,QB,13.092500686645508,1.8412504196166992
00-0031806,M.Brown,2020,RB,6.818749904632568,1.7437500953674316
00-0036407,J.Jeudy,2020,WR,9.850000381469728,1.7187500000000018
00-0036268,L.Shenault,2020,WR,9.818750381469728,1.6875000000000018
00-0030288,R.Burkhead,2020,RB,6.724999904632568,1.6500000953674316
00-0034970,I.Smith,2020,TE,6.15625,1.5875000953674316
00-0033681,K.Cole,2020,WR,9.712499618530272,1.581249237060545
00-0034011,D.Arnold,2020,TE,6.050000190734863,1.481250286102295
00-0033536,M.Williams,2020,WR,9.606249809265137,1.4749994277954102
00-0034777,D.Chark,2020,WR,9.600000381469728,1.4687500000000018
00-0036309,D.Mooney,2020,WR,9.506250381469728,1.3750000000000018
00-0036414,C.Akers,2020,RB,6.362499713897705,1.2874999046325684
00-0036251,Z.Moss,2020,RB,6.349999904632568,1.2750000953674316
00-0033895,G.Everett,2020,TE,5.806249618530273,1.237499713897705
00-0023500,F.Gore,2020,RB,6.262499809265137,1.1875
00-0031687,R.Mostert,2020,RB,6.231250286102295,1.1562504768371582
00-0033897,J.Mixon,2020,RB,6.224999904632568,1.1500000953674316
00-0032950,C.Wentz,2020,QB,12.399999618530272,1.148749351501463
00-0034775,C.Kirk,2020,WR,9.149999618530272,1.018749237060545
00-0027944,J.Jones,2020,WR,9.131250381469728,1.0000000000000018
00-0034414,B.Scott,2020,RB,5.974999904632568,0.9000000953674316
00-0033567,B.Hill,2020,RB,5.962500095367432,0.8875002861022949
00-0034799,K.Ballage,2020,RB,5.868750095367432,0.7937502861022949
00-0034960,J.Meyers,2020,WR,8.907500267028809,0.776249885559082
00-0035535,D.Slayton,2020,WR,8.8125,0.6812496185302734
00-0033455,A.Firkser,2020,TE,5.231249809265137,0.6624999046325684
00-0034364,J.Akins,2020,TE,5.231249809265137,0.6624999046325684
00-0030710,T.Burton,2020,TE,5.206250190734863,0.6375002861022949
00-0035657,D.Harris,2020,RB,5.706250190734863,0.6312503814697266
00-0030549,T.Eifert,2020,TE,5.181250095367432,0.6125001907348633
00-0033280,C.McCaffrey,2020,RB,5.649999618530273,0.5749998092651367
00-0033217,M.Alie-Cox,2020,TE,5.025000095367432,0.4562501907348633
00-0034272,M.Valdes-Scantling,2020,WR,8.581250190734863,0.4499998092651367
00-0033251,Z.Pascal,2020,WR,8.556249618530273,0.4249992370605469
00-0036196,G.Davis,2020,WR,8.556249618530273,0.4249992370605469
00-0035631,D.Sample,2020,TE,4.931250095367432,0.3625001907348633
00-0034972,A.Mattison,2020,RB,5.431250095367432,0.3562502861022949
00-0032972,D.Booker,2020,RB,5.356249809265137,0.28125
00-0030061,Z.Ertz,2020,TE,4.84375,0.27500009536743164
00-0031045,C.Hyde,2020,RB,5.306250095367432,0.23125028610229492
00-0032257,D.Johnson,2020,RB,5.275000095367432,0.20000028610229492
00-0029738,D.Fells,2020,TE,4.762499809265137,0.19374990463256836
00-0033733,G.Ward,2020,WR,8.318750381469727,0.1875
00-0035624,N.Harry,2020,TE,4.743750095367432,0.17500019073486328
00-0034983,H.Renfrow,2020,WR,8.22499942779541,0.0937490463256836
00-0035704,D.Lock,2020,QB,11.332500457763672,0.08125019073486328
00-0034766,C.Herndon,2020,TE,4.606249809265137,0.03749990463256836
00-0030472,J.Reed,2020,TE,4.568749904632568,0.0
00-0035140,M.Hardman,2020,WR,8.131250381469727,0.0
00-0035710,D.Jones,2020,QB,11.251250267028809,0.0
00-0036370,J.Kelley,2020,RB,5.074999809265137,0.0
00-0033307,K.Bourne,2020,WR,8.106249809265137,-0.025000572204589844
00-0031384,R.Rodgers,2020,TE,4.40625,-0.16249990463256836
00-0033943,J.Reynolds,2020,WR,7.893749713897705,-0.23750066757202148
00-0031273,C.Brate,2020,TE,4.262499809265137,-0.30625009536743164
00-0034845,S.Michel,2020,RB,4.706250190734863,-0.36874961853027344
00-0035217,B.Snell,2020,RB,4.681250095367432,-0.3937497138977051
00-0035689,D.Knox,2020,TE,4.175000190734863,-0.3937497138977051
00-0036442,J.Burrow,2020,QB,10.857500076293944,-0.39375019073486506
00-0030496,L.Bell,2020,RB,4.662499904632568,-0.41249990463256836
00-0033387,J.Hollister,2020,TE,4.118750095367432,-0.4499998092651367
00-0027981,K.Rudolph,2020,TE,4.087500095367432,-0.4812498092651367
00-0030181,J.Doyle,2020,TE,4.006249904632568,-0.5625
00-0032977,R.Higgins,2020,WR,7.556250095367432,-0.5750002861022949
00-0034349,K.Johnson,2020,RB,4.487500190734863,-0.5874996185302734
00-0036290,C.Kmet,2020,TE,3.875,-0.6937499046325684
00-0036232,H.Bryant,2020,TE,3.862499952316284,-0.7062499523162842
00-0033589,D.Moore,2020,WR,7.425000190734863,-0.7062501907348633
00-0030578,C.Patterson,2020,RB,4.337500095367432,-0.7374997138977051
00-0034159,W.Dissly,2020,TE,3.818749904632568,-0.7500000000000004
00-0036020,S.Ahmed,2020,RB,4.3125,-0.7624998092651367
00-0027793,A.Brown,2020,WR,7.318749904632568,-0.8125004768371582
00-0035592,T.Fulgham,2020,WR,7.243750095367432,-0.8875002861022949
00-0034798,D.Smythe,2020,TE,3.674999952316284,-0.8937499523162842
00-0034109,P.Lindsay,2020,RB,4.125,-0.9499998092651367
00-0031868,D.Byrd,2020,WR,7.181250095367432,-0.9500002861022949
00-0033526,S.Perine,2020,RB,4.106249809265137,-0.96875
00-0034440,J.Jackson,2020,RB,4.081250190734863,-0.9937496185302734
00-0035537,T.Johnson,2020,RB,3.9562501907348633,-1.1187496185302734
00-0027942,A.Green,2020,WR,6.956250190734863,-1.1750001907348633
00-0031951,J.O'Shaughnessy,2020,TE,3.387500047683716,-1.1812498569488525
00-0025418,G.Olsen,2020,TE,3.368750095367432,-1.1999998092651363
00-0035289,G.Minshew,2020,QB,10.041250228881836,-1.2100000381469727
00-0034400,J.Wilkins,2020,RB,3.831249952316284,-1.2437498569488525
00-0033885,D.Njoku,2020,TE,3.268749952316284,-1.2999999523162842
00-0034353,A.Miller,2020,WR,6.793749809265137,-1.3375005722045898
00-0028087,D.Lewis,2020,RB,3.700000047683716,-1.374999761581421
00-0032775,D.Robinson,2020,WR,6.724999904632568,-1.4062504768371582
00-0033357,T.Hill,2020,QB,9.78874969482422,-1.462500572204588
00-0034073,R.Dwelley,2020,TE,3.09375,-1.4749999046325684
00-0026035,D.Amendola,2020,WR,6.650000095367432,-1.481250286102295
00-0034378,I.Smith,2020,RB,3.581249952316284,-1.4937498569488525
00-0036425,D.Dallas,2020,RB,3.5562498569488525,-1.5187499523162842
00-0032741,P.Barber,2020,RB,3.4375,-1.6374998092651367
00-0023682,R.Fitzpatrick,2020,QB,9.608750343322754,-1.6424999237060547
00-0033869,M.Trubisky,2020,QB,9.606249809265137,-1.6450004577636719
00-0034301,D.Williams,2020,RB,3.40625,-1.6687498092651367
00-0034765,T.Smith,2020,WR,6.443749904632568,-1.6875004768371582
00-0035298,S.Miller,2020,WR,6.40625,-1.7250003814697266
00-0033896,A.Shaheen,2020,TE,2.8125,-1.7562499046325684
00-0027966,M.Ingram,2020,RB,3.3062498569488525,-1.7687499523162842
00-0034270,T.Conklin,2020,TE,2.775000095367432,-1.7937498092651363
00-0036269,L.Perine,2020,RB,3.28125,-1.7937498092651367
00-0035329,D.Parham,2020,TE,2.7437498569488525,-1.8250000476837158
00-0022921,L.Fitzgerald,2020,WR,6.306250095367432,-1.825000286102295
00-0028002,R.Cobb,2020,WR,6.256249904632568,-1.8750004768371582
00-0033025,J.Richard,2020,RB,3.1937499046325684,-1.8812499046325684
00-0033466,I.McKenzie,2020,WR,6.223750114440918,-1.9075002670288086
00-0033439,P.Brown,2020,TE,2.6437501907348637,-1.9249997138977046
00-0034676,J.Washington,2020,WR,6.199999809265137,-1.9312505722045898
00-0032054,B.Perriman,2020,WR,6.193749904632568,-1.9375004768371582
00-0032214,T.Kroft,2020,TE,2.6187498569488525,-1.9500000476837158
00-0036252,M.Pittman,2020,WR,6.181250095367432,-1.950000286102295
00-0034521,A.Lazard,2020,WR,6.112500190734863,-2.0187501907348633
00-0034365,I.Thomas,2020,TE,2.53125,-2.0374999046325684
00-0034419,B.Berrios,2020,WR,6.081250190734863,-2.0500001907348633
00-0032128,C.Conley,2020,WR,6.068749904632568,-2.062500476837158
00-0035414,J.Guyton,2020,WR,6.068749904632568,-2.062500476837158
00-0031051,J.Brown,2020,WR,6.050000190734863,-2.0812501907348633
00-0032135,J.James,2020,TE,2.431250095367432,-2.1374998092651363
00-0024243,M.Lewis,2020,TE,2.418750047683716,-2.1499998569488525
00-0036422,A.Trautman,2020,TE,2.3812499046325684,-2.1875
00-0033879,O.Howard,2020,TE,2.3499999046325684,-2.21875
00-0031598,N.Boyle,2020,TE,2.331249952316284,-2.237499952316284
00-0030663,W.Snead,2020,WR,5.887499809265137,-2.24375057220459
00-0033955,J.McNichols,2020,RB,2.7437498569488525,-2.331249952316284
00-0030404,C.Thompson,2020,RB,2.6624999046325684,-2.4124999046325684
00-0033308,M.Breida,2020,RB,2.625,-2.4499998092651367
00-0036412,K.Hamler,2020,WR,5.631249904632568,-2.500000476837158
00-0034981,F.Moreau,2020,TE,2.0625,-2.5062499046325684
00-0029141,A.Morris,2020,RB,2.543750047683716,-2.531249761581421
00-0036265,A.Dillon,2020,RB,2.518749952316284,-2.5562498569488525
00-0034366,K.Coutee,2020,WR,5.5625,-2.5687503814697266
00-0022127,J.Witten,2020,TE,1.993749976158142,-2.5749999284744263
00-0034439,R.Izzo,2020,TE,1.931250095367432,-2.6374998092651363
00-0031325,S.Watkins,2020,WR,5.462500095367432,-2.668750286102295
00-0032791,J.Grant,2020,WR,5.456250190734863,-2.6750001907348633
00-0036387,J.Reagor,2020,WR,5.449999809265137,-2.68125057220459
00-0027973,A.Dalton,2020,QB,8.556249618530273,-2.695000648498535
00-0031235,O.Beckham,2020,WR,5.426249980926514,-2.705000400543213
00-0027891,G.Tate,2020,WR,5.40749979019165,-2.723750591278076
00-0032394,N.Vannett,2020,TE,1.84375,-2.7249999046325684
00-0035671,J.Sternberger,2020,TE,1.837499976158142,-2.7312499284744263
00-0034988,K.Smith,2020,TE,1.825000047683716,-2.7437498569488525
00-0034104,C.Sims,2020,WR,5.387499809265137,-2.74375057220459
00-0036423,A.Okwuegbunam,2020,TE,1.818750023841858,-2.7499998807907104
00-0034838,R.Freeman,2020,RB,2.3187499046325684,-2.7562499046325684
00-0033077,D.Prescott,2020,QB,8.477499961853027,-2.7737503051757812
00-0036212,T.Tagovailoa,2020,QB,8.4662504196167,-2.7849998474121094
00-0034457,J.Adams,2020,RB,2.2874999046325684,-2.7874999046325684
00-0035957,R.Smith,2020,RB,2.28125,-2.7937498092651367
00-0031285,D.Freeman,2020,RB,2.25,-2.8249998092651367
00-0034869,S.Darnold,2020,QB,8.376250267028809,-2.875
00-0036357,H.Ruggs,2020,WR,5.256249904632568,-2.875000476837158
00-0032765,M.Thomas,2020,WR,5.243750095367432,-2.887500286102295
00-0035148,D.Thompson,2020,RB,2.075000047683716,-2.999999761581421
00-0030470,V.McDonald,2020,TE,1.5562500953674316,-3.0124998092651367
00-0035594,T.Homer,2020,RB,2.049999952316284,-3.0249998569488525
00-0031558,M.Williams,2020,TE,1.5125000476837158,-3.0562498569488525
00-0035719,D.Samuel,2020,WR,5.043750286102295,-3.0875000953674316
00-0032141,G.Swaim,2020,TE,1.4562499523162842,-3.112499952316284
00-0033258,D.Daniels,2020,TE,1.4500000476837158,-3.1187498569488525
00-0035806,J.Hasty,2020,RB,1.943750023841858,-3.131249785423279
00-0032134,C.Uzomah,2020,TE,1.4187500476837158,-3.1499998569488525
00-0032780,J.Howard,2020,RB,1.918750047683716,-3.156249761581421
00-0035457,T.Johnson,2020,WR,4.96875,-3.1625003814697266
00-0032062,B.Bell,2020,TE,1.3875000476837158,-3.1812498569488525
00-0034393,T.Fumagalli,2020,TE,1.375,-3.1937499046325684
00-0032104,A.Abdullah,2020,RB,1.875,-3.1999998092651367
00-0031585,M.Pruitt,2020,TE,1.368749976158142,-3.1999999284744263
00-0033854,D.Ogunbowale,2020,RB,1.868749976158142,-3.2062498331069946
00-0027029,L.McCoy,2020,RB,1.7625000476837158,-3.312499761581421
00-0028097,L.Smith,2020,TE,1.21875,-3.3499999046325684
00-0035624,N.Harry,2020,WR,4.743750095367432,-3.387500286102295
00-0030216,J.Hill,2020,TE,1.162500023841858,-3.4062498807907104
00-0032725,S.Anderson,2020,TE,1.162500023841858,-3.4062498807907104
00-0032404,T.Ervin,2020,RB,1.6312499046325684,-3.4437499046325684
00-0035350,P.Williams,2020,WR,4.675000190734863,-3.4562501907348633
00-0030108,R.Griffin,2020,TE,1.100000023841858,-3.4687498807907104
00-0036245,M.Perry,2020,RB,1.5437500476837158,-3.531249761581421
00-0036450,K.Vaughn,2020,RB,1.4562499523162842,-3.6187498569488525
00-0036336,A.McFarland,2020,RB,1.4187500476837158,-3.656249761581421
00-0028142,V.Green,2020,TE,0.875,-3.6937499046325684
00-0035342,P.Laird,2020,RB,1.375,-3.6999998092651367
00-0035291,T.Williams,2020,RB,1.3562500476837158,-3.718749761581421
00-0028042,L.Stocker,2020,TE,0.8312499523162842,-3.737499952316284
00-0036188,A.Williams,2020,RB,1.3312499523162842,-3.7437498569488525
00-0032426,A.Collins,2020,RB,1.3187499046325684,-3.7562499046325684
00-0033725,C.Clement,2020,RB,1.3125,-3.7624998092651367
00-0035628,D.Johnson,2020,RB,1.3125,-3.7624998092651367
00-0034597,R.Nall,2020,RB,1.2937499284744265,-3.7812498807907104
00-0035703,M.Boykin,2020,WR,4.349999904632568,-3.781250476837158
00-0036194,D.Asiasi,2020,TE,0.7437499761581421,-3.8249999284744263
00-0033164,T.Pope,2020,RB,1.2375000715255735,-3.837499737739563
00-0030155,D.Harris,2020,TE,0.71875,-3.8499999046325684
00-0034286,R.James,2020,WR,4.275000095367432,-3.856250286102295
00-0031484,C.Manhertz,2020,TE,0.699999988079071,-3.8687499165534973
00-0034319,D.Yelder,2020,TE,0.6625000238418579,-3.9062498807907104
00-0036456,D.Dafney,2020,TE,0.6625000238418579,-3.9062498807907104
00-0033338,C.Carter,2020,TE,0.643750011920929,-3.9249998927116394
00-0034192,N.Keizer,2020,TE,0.643750011920929,-3.9249998927116394
00-0036277,Q.Cephus,2020,WR,4.181250095367432,-3.950000286102295
00-0030443,L.Toilolo,2020,TE,0.6000000238418579,-3.9687498807907104
00-0033556,T.Cohen,2020,RB,1.09375,-3.9812498092651367
00-0033319,N.Mullens,2020,QB,7.267499923706055,-3.983750343322754
00-0033246,J.Mundt,2020,TE,0.581250011920929,-3.9874998927116394
00-0032940,D.Washington,2020,RB,1.068750023841858,-4.006249785423279
00-0033925,D.Foreman,2020,RB,1.0625,-4.012499809265137
00-0033932,K.Golladay,2020,WR,4.112500190734863,-4.018750190734863
00-0034578,R.Bonnafon,2020,RB,1.0437500476837158,-4.031249761581421
00-0034331,J.Samuels,2020,RB,1.024999976158142,-4.049999833106995
00-0032209,T.Yeldon,2020,RB,1.0124999284744265,-4.0624998807907104
00-0036297,D.Evans,2020,RB,1.006250023841858,-4.068749785423279
00-0036040,J.Johnson,2020,TE,0.4937500059604645,-4.074999898672104
00-0033720,C.Thompson,2020,TE,0.481249988079071,-4.087499916553497
00-0034844,S.Barkley,2020,RB,0.9625000357627868,-4.11249977350235
00-0033627,J.Croom,2020,TE,0.4562500119209289,-4.112499892711639
00-0034420,J.Thomas,2020,TE,0.4562500119209289,-4.112499892711639
00-0034613,T.Hudson,2020,TE,0.4437500238418579,-4.1249998807907104
00-0034208,M.Boone,2020,RB,0.931249976158142,-4.143749833106995
00-0036429,C.Woerner,2020,TE,0.4125000238418579,-4.1562498807907104
00-0035660,K.Warring,2020,TE,0.40625,-4.162499904632568
00-0034788,J.Graham,2020,TE,0.34375,-4.224999904632568
00-0036145,L.Cager,2020,TE,0.34375,-4.224999904632568
00-0036008,H.Bryant,2020,TE,0.3375000059604645,-4.231249898672104
00-0034370,D.Hamilton,2020,WR,3.893749952316284,-4.237500429153442
00-0035184,D.Ozigbo,2020,RB,0.831250011920929,-4.243749797344208
00-0032098,D.Brown,2020,TE,0.3187499940395355,-4.249999910593033
00-0034975,J.Hill,2020,RB,0.8125,-4.262499809265137
00-0032393,C.Prosise,2020,RB,0.7937500476837158,-4.281249761581421
00-0032058,T.Coleman,2020,RB,0.793749988079071,-4.281249821186066
00-0033576,E.Saubert,2020,TE,0.2874999940395355,-4.281249910593033
00-0036225,D.Keene,2020,TE,0.2874999940395355,-4.281249910593033
00-0036096,J.Taylor,2020,RB,0.7749999761581421,-4.299999833106995
00-0034928,S.Sims,2020,WR,3.831249952316284,-4.300000429153442
00-0035039,S.Carlson,2020,TE,0.2562499940395355,-4.312499910593033
00-0035823,B.Ellefson,2020,TE,0.25,-4.318749904632568
00-0036255,D.Mims,2020,WR,3.793750047683716,-4.337500333786011
00-0036244,C.Parkinson,2020,TE,0.2249999940395355,-4.343749910593033
00-0033094,M.Hall,2020,WR,3.768749952316284,-4.362500429153442
00-0030107,T.Riddick,2020,RB,0.668749988079071,-4.406249821186066
00-0033564,J.Butt,2020,TE,0.15625,-4.412499904632568
00-0029119,D.Carrier,2020,TE,0.1500000059604644,-4.418749898672104
00-0036433,T.Stevens,2020,TE,0.1500000059604644,-4.418749898672104
00-0036389,J.Hurts,2020,QB,6.821249961853027,-4.430000305175781
00-0030089,L.Willson,2020,TE,0.1375000029802322,-4.431249901652336
00-0033658,B.Jarwin,2020,TE,0.1375000029802322,-4.431249901652336
00-0036332,J.Deguara,2020,TE,0.1375000029802322,-4.431249901652336
00-0036254,C.Johnson,2020,WR,3.700000047683716,-4.431250333786011
00-0033112,T.Hemingway,2020,TE,0.125,-4.443749904632568
00-0033528,J.Sprinkle,2020,TE,0.1000000014901161,-4.468749903142452
00-0035102,B.Dillon,2020,TE,0.1000000014901161,-4.468749903142452
00-0035259,T.Wesco,2020,TE,0.09375,-4.474999904632568
00-0036233,D.Peoples-Jones,2020,WR,3.650000095367432,-4.481250286102295
00-0036208,A.Pierce,2020,RB,0.5874999761581421,-4.487499833106995
00-0035539,I.Nauta,2020,TE,0.0812499970197677,-4.487499907612801
00-0034169,M.Baugh,2020,TE,0.0750000029802322,-4.493749901652336
00-0032009,A.Humphries,2020,WR,3.612499952316284,-4.518750429153442
00-0033951,M.Mack,2020,RB,0.5375000238418579,-4.537499785423279
00-0028074,A.Sherman,2020,RB,0.518750011920929,-4.556249797344208
00-0035924,J.Ward,2020,RB,0.5062500238418579,-4.568749785423279
00-0031690,E.Tomlinson,2020,TE,0.0,-4.568749904632568
00-0032986,J.Holtz,2020,TE,0.0,-4.568749904632568
00-0033080,S.DeValve,2020,TE,0.0,-4.568749904632568
00-0033421,A.Auclair,2020,TE,0.0,-4.568749904632568
00-0033611,R.Seals-Jones,2020,TE,0.0,-4.568749904632568
00-0033798,M.Schreck,2020,TE,0.0,-4.568749904632568
00-0034193,K.Rader,2020,TE,0.0,-4.568749904632568
00-0036005,N.Togiai,2020,TE,0.0,-4.568749904632568
00-0036250,T.Davis,2020,TE,0.0,-4.568749904632568
00-0034164,T.Cannon,2020,RB,0.4937500059604645,-4.581249803304672
00-0033296,A.Armah,2020,RB,0.481249988079071,-4.593749821186066
00-0034449,B.Howell,2020,RB,0.481249988079071,-4.593749821186066
00-0027150,J.Edelman,2020,WR,3.5137500762939453,-4.617500305175781
00-0033471,I.Ford,2020,WR,3.4749999046325684,-4.656250476837158
00-0034253,D.Hilliard,2020,RB,0.375,-4.699999809265137
00-0035527,A.Isabella,2020,WR,3.4250001907348637,-4.706250190734863
00-0032813,E.Penny,2020,RB,0.34375,-4.731249809265137
00-0029567,N.Foles,2020,QB,6.511250019073486,-4.740000247955322
00-0036364,L.Bowden,2020,WR,3.348750114440918,-4.782500267028809
00-0032975,J.Williams,2020,RB,0.2874999940395355,-4.787499815225601
00-0035208,O.Zaccheaus,2020,WR,3.3374998569488525,-4.793750524520874
00-0036331,D.Duvernay,2020,WR,3.3187501430511475,-4.812500238418579
00-0035187,A.Walter,2020,RB,0.25,-4.824999809265137
00-0034750,R.Penny,2020,RB,0.2125000059604644,-4.862499803304672
00-0034309,C.Beebe,2020,WR,3.2562499046325684,-4.875000476837158
00-0034432,B.Scarbrough,2020,RB,0.1937499940395355,-4.881249815225601
00-0036278,J.Huntley,2020,RB,0.1812500059604644,-4.893749803304672
00-0034418,C.Wilson,2020,WR,3.226250171661377,-4.90500020980835
00-0029615,L.Miller,2020,RB,0.1624999940395355,-4.912499815225601
00-0035912,L.Bellamy,2020,RB,0.1624999940395355,-4.912499815225601
00-0036069,S.Phillips,2020,RB,0.1624999940395355,-4.912499815225601
00-0036139,R.Dowdle,2020,RB,0.1500000059604644,-4.924999803304672
00-0032577,D.Foster,2020,RB,0.1187499985098838,-4.956249810755253
00-0035567,C.Reynolds,2020,RB,0.1062500029802322,-4.9687498062849045
00-0032450,D.Washington,2020,RB,0.09375,-4.981249809265137
00-0035860,T.Jones,2020,RB,0.0812499970197677,-4.993749812245369
00-0031209,S.Perry,2020,RB,0.0562499985098838,-5.018749810755253
00-0034995,D.Williams,2020,RB,0.050000000745058,-5.024999808520079
00-0035215,D.Harty,2020,WR,3.106250047683716,-5.025000333786011
00-0035551,T.Brooks-James,2020,RB,0.025000000372529,-5.049999808892608
00-0035273,Q.Ollison,2020,RB,0.018750000745058,-5.056249808520079
00-0028063,T.Jones,2020,RB,0.0,-5.074999809265137
00-0030465,K.Barner,2020,RB,0.0,-5.074999809265137
00-0036000,A.Killins,2020,RB,0.0,-5.074999809265137
00-0036142,I.Wright,2020,WR,3.018749952316284,-5.112500429153442
00-0036415,V.Jefferson,2020,WR,2.931250095367432,-5.200000286102295
00-0033840,C.Hansen,2020,WR,2.9125001430511475,-5.218750238418579
00-0028411,D.Inman,2020,WR,2.893749952316284,-5.237500429153442
00-0026189,D.Jackson,2020,WR,2.799999952316284,-5.331250429153442
00-0029632,M.Sanu,2020,WR,2.75,-5.381250381469727
00-0036219,M.Callaway,2020,WR,2.643749952316284,-5.487500429153442
00-0034297,B.Pringle,2020,WR,2.5625,-5.568750381469727
00-0036247,F.Swain,2020,WR,2.556250095367432,-5.575000286102295
00-0036427,T.Johnson,2020,WR,2.556250095367432,-5.575000286102295
00-0032980,M.Johnson,2020,WR,2.46875,-5.662500381469727
00-0033555,M.Hollins,2020,WR,2.3500001430511475,-5.781250238418579
00-0033891,Z.Jones,2020,WR,2.2849998474121094,-5.846250534057617
00-0036365,B.Edwards,2020,WR,2.268749952316284,-5.862500429153442
00-0035006,O.Johnson,2020,WR,2.181250095367432,-5.950000286102295
00-0034407,R.McCloud,2020,WR,2.137500047683716,-5.993750333786011
00-0035510,J.Smith,2020,WR,2.106250047683716,-6.025000333786011
00-0035287,K.Johnson,2020,WR,2.018749952316284,-6.112500429153442
00-0030085,K.Stills,2020,WR,1.962499976158142,-6.1687504053115845
00-0033572,J.Agnew,2020,WR,1.950000047683716,-6.181250333786011
00-0033114,M.Thomas,2020,WR,1.893749952316284,-6.237500429153442
00-0034652,C.Batson,2020,WR,1.875,-6.256250381469727
00-0033591,N.Brown,2020,WR,1.8625000715255735,-6.268750309944153
00-0034646,B.Powell,2020,WR,1.850000023841858,-6.281250357627869
00-0034686,A.Tate,2020,WR,1.8125,-6.318750381469727
00-0034854,K.Hodge,2020,WR,1.8125,-6.318750381469727
00-0036398,J.Hightower,2020,WR,1.8000000715255735,-6.331250309944153
00-0032464,K.Raymond,2020,WR,1.712499976158142,-6.4187504053115845
00-0034132,C.Blake,2020,WR,1.693750023841858,-6.437500357627869
00-0028237,C.Hogan,2020,WR,1.6124999523162842,-6.518750429153442
00-0035645,G.Olszewski,2020,WR,1.5937498807907104,-6.537500500679016
00-0034279,E.St. Brown,2020,WR,1.5875000953674316,-6.543750286102295
00-0032543,A.Erickson,2020,WR,1.5374999046325684,-6.593750476837158
00-0036271,Q.Watkins,2020,WR,1.475000023841858,-6.656250357627869
00-0029137,A.Jeffery,2020,WR,1.46875,-6.662500381469727
00-0032951,L.Treadwell,2020,WR,1.4312500953674316,-6.700000286102295
00-0027902,D.Bryant,2020,WR,1.4187500476837158,-6.712500333786011
00-0035848,D.Harris,2020,WR,1.40625,-6.725000381469727
00-0023436,A.Smith,2020,QB,4.473750114440918,-6.777500152587891
00-0033367,C.Board,2020,WR,1.337499976158142,-6.7937504053115845
00-0033292,T.Taylor,2020,WR,1.162500023841858,-6.968750357627869
00-0035480,M.Taylor,2020,WR,1.15625,-6.975000381469727
00-0035232,D.Haskins,2020,QB,4.260000228881836,-6.991250038146973
00-0034860,D.Pettis,2020,WR,1.100000023841858,-7.031250357627869
00-0034426,J.Wims,2020,WR,1.0625,-7.068750381469727
00-0034386,J.Watson,2020,WR,1.024999976158142,-7.1062504053115845
00-0035869,A.Mack,2020,WR,1.006250023841858,-7.125000357627869
00-0032200,T.Montgomery,2020,WR,0.9874999523162842,-7.143750429153442
00-0035639,P.Campbell,2020,WR,0.918749988079071,-7.2125003933906555
00-0035246,J.Arcega-Whiteside,2020,WR,0.90625,-7.225000381469727
00-0031345,J.Garoppolo,2020,QB,4.021250247955322,-7.230000019073486
00-0036382,K.Hill,2020,WR,0.893750011920929,-7.237500369548798
00-0035406,L.Humphrey,2020,WR,0.8499999642372131,-7.281250417232513
00-0031319,D.Spencer,2020,WR,0.84375,-7.287500381469727
00-0033006,J.Mickens,2020,WR,0.800000011920929,-7.331250369548798
00-0034052,B.Zylstra,2020,WR,0.7875000238418579,-7.343750357627869
00-0036439,T.Cleveland,2020,WR,0.768750011920929,-7.362500369548798
00-0033111,P.Cooper,2020,WR,0.7687499523162842,-7.362500429153442
00-0033382,A.Carr,2020,WR,0.7312500476837158,-7.400000333786011
00-0034081,S.Mitchell,2020,WR,0.6875,-7.443750381469727
00-0036110,J.Bradley,2020,WR,0.6875,-7.443750381469727
00-0030520,M.Glennon,2020,QB,3.786249876022339,-7.46500039100647
00-0034273,D.Ratley,2020,WR,0.643750011920929,-7.487500369548798
00-0034054,R.Cracraft,2020,WR,0.6312500238418579,-7.500000357627869
00-0034487,T.Sherfield,2020,WR,0.625,-7.506250381469727
00-0034348,C.Sutton,2020,WR,0.6000000238418579,-7.531250357627869
00-0035181,D.Shepherd,2020,WR,0.5999999642372131,-7.531250417232513
00-0035021,A.Dulin,2020,WR,0.5874999761581421,-7.5437504053115845
00-0031787,J.Kumerow,2020,WR,0.574999988079071,-7.5562503933906555
00-0036377,J.Reed,2020,WR,0.5562500357627869,-7.57500034570694
00-0036182,N.Westbrook-Ikhine,2020,WR,0.518750011920929,-7.612500369548798
00-0035590,R.Ridley,2020,WR,0.4937500059604645,-7.637500375509262
00-0027691,A.Roberts,2020,WR,0.4437499940395355,-7.687500387430191
00-0031166,S.Roberts,2020,WR,0.4437499940395355,-7.687500387430191
00-0025396,T.Ginn,2020,WR,0.4375,-7.693750381469727
00-0030525,T.Austin,2020,WR,0.4375,-7.693750381469727
00-0036100,I.Zuber,2020,WR,0.4375,-7.693750381469727
00-0033859,J.Malone,2020,WR,0.4250000119209289,-7.706250369548798
00-0035313,T.Godwin,2020,WR,0.40625,-7.725000381469727
00-0034510,R.Foster,2020,WR,0.356249988079071,-7.7750003933906555
00-0034653,D.Burnett,2020,WR,0.3062500059604645,-7.825000375509262
00-0026158,J.Flacco,2020,QB,3.4225001335144043,-7.828750133514404
00-0034395,D.Fountain,2020,WR,0.2687500119209289,-7.862500369548798
00-0034772,A.Callaway,2020,WR,0.25,-7.881250381469727
00-0033460,J.Ross,2020,WR,0.2312500029802322,-7.900000378489494
00-0036340,A.Gandy-Golden,2020,WR,0.21875,-7.912500381469727
00-0035022,P.Hart,2020,WR,0.2000000029802322,-7.931250378489494
00-0030670,B.Fowler,2020,WR,0.1937499940395355,-7.937500387430191
00-0031339,D.Moncrief,2020,WR,0.1812500059604644,-7.950000375509262
00-0032881,T.Lewis,2020,WR,0.1812500059604644,-7.950000375509262
00-0034267,J.Scott,2020,WR,0.1624999940395355,-7.968750387430191
00-0036133,J.Proche,2020,WR,0.1500000059604644,-7.981250375509262
00-0033936,C.Beathard,2020,QB,3.2674999237060547,-7.983750343322754
00-0034317,K.Kirkwood,2020,WR,0.1437499970197677,-7.987500384449959
00-0034631,V.Smith,2020,WR,0.1437499970197677,-7.987500384449959
00-0033386,C.Hollister,2020,WR,0.1375000029802322,-7.993750378489494
00-0033481,M.Kemp,2020,WR,0.1312499940395355,-8.000000387430191
00-0033474,G.Dieter,2020,WR,0.125,-8.006250381469727
00-0031763,D.Carter,2020,WR,0.1124999970197677,-8.018750384449959
00-0035341,T.Irwin,2020,WR,0.09375,-8.037500381469727
00-0033839,D.Westbrook,2020,WR,0.0874999985098838,-8.043750382959843
00-0033266,J.Natson,2020,WR,0.018750000745058,-8.112500380724669
00-0032778,T.Sharpe,2020,WR,0.0,-8.131250381469727
00-0033215,C.Grayson,2020,WR,0.0,-8.131250381469727
00-0033911,T.Taylor,2020,WR,0.0,-8.131250381469727
00-0034207,J.Badet,2020,WR,0.0,-8.131250381469727
00-0034660,R.Gafford,2020,WR,0.0,-8.131250381469727
00-0035529,H.Butler,2020,WR,0.0,-8.131250381469727
00-0032434,B.Allen,2020,QB,3.1062498092651367,-8.145000457763672
00-0035864,K.Hinton,2020,WR,-0.1737499982118606,-8.305000379681587
00-0034577,K.Allen,2020,QB,2.8125,-8.438750267028809
00-0032436,J.Driskel,2020,QB,1.8799999952316284,-9.37125027179718
00-0036312,J.Luton,2020,QB,1.7662498950958252,-9.485000371932983
00-0032268,M.Mariota,2020,QB,1.6150000095367432,-9.636250257492065
00-0026197,C.Henne,2020,QB,1.4824999570846558,-9.768750309944153
00-0033119,J.Brissett,2020,QB,1.2862499952316284,-9.96500027179718
00-0035652,R.Finley,2020,QB,1.1974999904632568,-10.053750276565552
00-0034771,M.Rudolph,2020,QB,1.1475000381469729,-10.103750228881836
00-0027688,C.McCoy,2020,QB,1.1375000476837158,-10.113750219345093
00-0027948,B.Gabbert,2020,QB,0.9575000405311584,-10.29375022649765
00-0031395,G.Gilbert,2020,QB,0.9075000286102296,-10.343750238418579
00-0035264,J.Stidham,2020,QB,0.8087499737739563,-10.442500293254852
00-0034899,J.Wolford,2020,QB,0.8025000095367432,-10.448750257492065
00-0026544,C.Daniel,2020,QB,0.7599999904632568,-10.491250276565552
00-0031800,T.Heinicke,2020,QB,0.7300000190734863,-10.521250247955322
00-0034955,B.Rypien,2020,QB,0.706250011920929,-10.54500025510788
00-0035146,T.McSorley,2020,QB,0.581250011920929,-10.67000025510788
00-0030533,M.Barkley,2020,QB,0.5800000429153442,-10.671250224113464
00-0028118,T.Taylor,2020,QB,0.5637500286102295,-10.687500238418579
00-0033275,P.Walker,2020,QB,0.5325000286102295,-10.718750238418579
00-0035752,C.Streveler,2020,QB,0.4812500178813934,-10.770000249147415
00-0036384,B.DiNucci,2020,QB,0.4350000023841858,-10.816250264644623
00-0035993,T.Huntley,2020,QB,0.1812499910593032,-11.070000275969505
00-0029665,R.Griffin,2020,QB,0.1612499952316284,-11.09000027179718
00-0031503,J.Winston,2020,QB,0.1500000059604644,-11.101250261068344
00-0033949,J.Dobbs,2020,QB,0.1299999952316284,-11.12125027179718
00-0026625,B.Hoyer,2020,QB,0.125,-11.126250267028809
00-0033958,N.Peterman,2020,QB,0.1187499985098838,-11.132500268518925
00-0028986,C.Keenum,2020,QB,0.1150000020861625,-11.136250264942646
00-0035040,D.Blough,2020,QB,0.1099999994039535,-11.141250267624855
00-0034438,L.Woodside,2020,QB,0.0799999982118606,-11.171250268816948
00-0030565,G.Smith,2020,QB,0.0700000002980232,-11.181250266730785
00-0031288,A.McCarron,2020,QB,0.050000000745058,-11.20125026628375
00-0030151,T.Bray,2020,QB,0.0450000017881393,-11.20625026524067
00-0035161,J.Lovett,2020,QB,0.0375000014901161,-11.213750265538692
00-0035282,E.Stick,2020,QB,-0.0024999999441206,-11.25375026697293
00-0022787,M.Schaub,2020,QB,-0.025000000372529,-11.276250267401338
00-0034177,T.Boyle,2020,QB,-0.0562500022351741,-11.307500269263983
00-0032792,N.Sudfeld,2020,QB,-0.0949999988079071,-11.346250265836716
00-0028149,,2020,,0.0750000029802322,
00-0029892,,2020,,5.099999904632568,
00-0030968,,2020,,1.100000023841858,
00-0031595,,2020,,0.5375000238418579,
00-0032918,,2020,,1.59375,
00-0032956,,2020,,0.2312500029802322,
00-0033376,,2020,,1.087499976158142,
00-0034171,,2020,,0.1749999970197677,
00-0035099,,2020,,0.4937499761581421,
00-0035125,,2020,,1.837499976158142,
00-0035304,,2020,,0.1000000014901161,
00-0035310,,2020,,0.1812500059604644,
00-0035726,,2020,,1.09375,
00-0035908,,2020,,1.2625000476837158,
00-0036187,,2020,,0.6000000238418579,
00-0033280,C.McCaffrey,2019,RB,27.717647776884192,23.288235832663144
00-0032765,M.Thomas,2019,WR,22.03529447667739,14.847059362074909
00-0033293,A.Jones,2019,RB,18.517646340762862,14.088234396541814
00-0033045,E.Elliott,2019,RB,18.33529483570772,13.905882891486673
00-0033699,A.Ekeler,2019,RB,18.294117647058822,13.864705702837774
00-0032764,D.Henry,2019,RB,17.329412123736212,12.900000179515164
00-0033893,D.Cook,2019,RB,17.19999964096967,12.77058769674862
00-0034796,L.Jackson,2019,QB,24.45176427504596,11.688235114602486
00-0033856,L.Fournette,2019,RB,15.258823170381431,10.829411226160383
00-0034791,N.Chubb,2019,RB,15.123529770795036,10.694117826573988
00-0030506,T.Kelce,2019,TE,14.95882370892693,10.5
00-0033906,A.Kamara,2019,RB,14.618823780732995,10.189411836511947
00-0034844,S.Barkley,2019,RB,14.358823888442096,9.929411944221048
00-0027966,M.Ingram,2019,RB,14.264705882352942,9.835293938131894
00-0033594,C.Carson,2019,RB,13.6823533002068,9.252941355985753
00-0033921,C.Godwin,2019,WR,16.241176829618567,9.052941715016086
00-0027944,J.Jones,2019,WR,16.123529770795038,8.935294656192557
00-0033897,J.Mixon,2019,RB,13.258823170381431,8.829411226160383
00-0033908,C.Kupp,2019,WR,15.911764705882351,8.72352959127987
00-0033288,G.Kittle,2019,TE,13.088235294117649,8.629411585190718
00-0030564,D.Hopkins,2019,WR,15.796471090877755,8.608235976275274
00-0031610,D.Waller,2019,TE,13.0,8.54117629107307
00-0032241,T.Gurley,2019,RB,12.905881993910846,8.476470049689798
00-0035243,M.Sanders,2019,RB,12.864705702837776,8.435293758616728
00-0033118,K.Drake,2019,RB,12.764705882352942,8.335293938131894
00-0030061,Z.Ertz,2019,TE,12.6823533002068,8.22352959127987
00-0030496,L.Bell,2019,RB,12.647058823529411,8.217646879308363
00-0030279,K.Allen,2019,WR,15.382352941176473,8.19411782657399
00-0027150,J.Edelman,2019,WR,15.075294045840993,7.887058931238511
00-0031428,A.Robinson,2019,WR,14.994117288028493,7.805882173426011
00-0034753,M.Andrews,2019,TE,12.18823511460248,7.729411405675549
00-0031062,J.White,2019,RB,11.89411746754366,7.464705523322612
00-0033932,K.Golladay,2019,WR,14.588235294117649,7.400000179515167
00-0031544,A.Cooper,2019,WR,14.5,7.311764885397518
00-0031547,D.Parker,2019,WR,14.482352761661303,7.294117647058822
00-0034109,P.Lindsay,2019,RB,11.629411585190716,7.1999996409696685
00-0031285,D.Freeman,2019,RB,11.623529770795036,7.194117826573988
00-0033077,D.Prescott,2019,QB,19.869411692899817,7.105882532456343
00-0035700,J.Jacobs,2019,RB,11.27058859432445,6.841176650103401
00-0032392,A.Hooper,2019,TE,11.27647040872013,6.817646699793199
00-0031382,J.Landry,2019,WR,13.96470552332261,6.776470408720129
00-0032211,T.Lockett,2019,WR,13.835293938131894,6.647058823529412
00-0029263,R.Wilson,2019,QB,19.32941212373621,6.565882963292735
00-0030431,R.Woods,2019,WR,13.700000538545495,6.511765423943014
00-0031408,M.Evans,2019,WR,13.68823511460248,6.499999999999997
00-0034827,D.Moore,2019,WR,13.558823529411764,6.370588414809283
00-0033951,M.Mack,2019,RB,10.664706061868106,6.235294117647058
00-0032144,M.Gordon,2019,RB,10.635294297162224,6.205882352941176
00-0033537,D.Watson,2019,QB,18.88117711684283,6.117647956399358
00-0034777,D.Chark,2019,WR,13.282353120691637,6.094118006089155
00-0033009,T.Boyd,2019,WR,13.111764346852022,5.92352923224954
00-0034348,C.Sutton,2019,WR,13.083529304055606,5.895294189453124
00-0031051,J.Brown,2019,WR,12.930587768554688,5.742352653952206
00-0035685,D.Montgomery,2019,RB,10.023529052734377,5.594117108513329
00-0035676,A.Brown,2019,WR,12.77058859432445,5.582353479721967
00-0031235,O.Beckham,2019,WR,12.699999640969668,5.511764526367187
00-0031687,R.Mostert,2019,RB,9.835293938131894,5.405881993910846
00-0027061,J.Cook,2019,TE,9.852941176470589,5.3941174675436585
00-0034816,R.Jones,2019,RB,9.782353120691637,5.352941176470589
00-0031381,D.Adams,2019,WR,12.511764526367188,5.323529411764706
00-0034764,M.Gallup,2019,WR,12.511764526367188,5.323529411764706
00-0031588,S.Diggs,2019,WR,12.476470049689798,5.288234935087316
00-0033556,T.Cohen,2019,RB,9.641176111557904,5.211764167336856
00-0031503,J.Winston,2019,QB,17.96235387465533,5.198824714211858
00-0033110,T.Higbee,2019,TE,9.435293758616728,4.976470049689798
00-0030513,L.Murray,2019,RB,9.247058644014244,4.817646699793196
00-0032257,D.Johnson,2019,RB,9.058823529411764,4.6294115851907165
00-0031045,C.Hyde,2019,RB,9.011764526367188,4.5823525821461395
00-0034845,S.Michel,2019,RB,8.976470947265625,4.547059003044577
00-0031941,J.Crowder,2019,WR,11.629411585190716,4.441176470588235
00-0034837,C.Ridley,2019,WR,11.588235294117649,4.400000179515167
00-0033090,H.Henry,2019,TE,8.835293938131894,4.376470229204964
00-0035250,D.Singletary,2019,RB,8.699999640969668,4.2705876967486205
00-0029293,M.Jones,2019,WR,11.405881993910846,4.217646879308364
00-0025394,A.Peterson,2019,RB,8.647058823529411,4.217646879308363
00-0034857,J.Allen,2019,QB,16.974117503446692,4.210588343003218
00-0033948,J.Williams,2019,RB,8.605882532456341,4.1764705882352935
00-0033553,J.Conner,2019,RB,8.558823529411764,4.1294115851907165
00-0033873,P.Mahomes,2019,QB,16.884706384995404,4.12117722455193
00-0035659,T.McLaurin,2019,WR,11.288234935087315,4.099999820484833
00-0035228,K.Murray,2019,QB,16.822353587431067,4.058824426987593
00-0034351,D.Goedert,2019,TE,8.511764526367188,4.052940817440257
00-0027685,E.Sanders,2019,WR,11.194117826573988,4.005882711971506
00-0035719,D.Samuel,2019,WR,11.123529770795036,3.9352946561925544
00-0034838,R.Freeman,2019,RB,8.364705702837776,3.9352937586167283
00-0032187,D.Johnson,2019,RB,8.329412123736214,3.9000001795151658
00-0033040,T.Hill,2019,WR,11.07647076775046,3.8882356531479774
00-0030874,D.Williams,2019,RB,8.300000359030332,3.8705884148092835
00-0035640,D.Metcalf,2019,WR,11.005882711971507,3.8176475973690254
00-0022127,J.Witten,2019,TE,8.22941140567555,3.7705876967486205
00-0029000,C.Beasley,2019,WR,10.870588414809284,3.6823533002068016
00-0023459,A.Rodgers,2019,QB,16.375294404871322,3.6117652444278487
00-0034829,M.Gesicki,2019,TE,8.0,3.5411762910730697
00-0032058,T.Coleman,2019,RB,7.96470552332261,3.5352935791015616
00-0032950,C.Wentz,2019,QB,16.227059757008274,3.4635305965648
00-0022921,L.Fitzgerald,2019,WR,10.5,3.311764885397518
00-0026143,M.Ryan,2019,QB,15.725882137522978,2.9623529770795045
00-0033282,C.Samuel,2019,WR,10.099999820484834,2.9117647058823524
00-0025418,G.Olsen,2019,TE,7.276470408720129,2.8176466997931984
00-0035535,D.Slayton,2019,WR,10.0,2.811764885397518
00-0019596,T.Brady,2019,QB,15.51058780445772,2.7470586440142455
00-0032940,D.Washington,2019,RB,7.170588325051701,2.7411763808306526
00-0034775,C.Kirk,2019,WR,9.829411226160389,2.6411761115579067
00-0027029,L.McCoy,2019,RB,6.976470498477712,2.5470585542566644
00-0035216,D.Johnson,2019,WR,9.711765064912685,2.523529950310203
00-0034367,N.Hines,2019,RB,6.935294207404642,2.5058822631835938
00-0034367,N.Miller-Hines,2019,RB,6.935294207404642,2.5058822631835938
00-0032741,P.Barber,2019,RB,6.852941176470588,2.42352923224954
00-0032688,R.Chosen,2019,WR,9.547059003044575,2.3588238884420933
00-0033536,M.Williams,2019,WR,9.488235473632812,2.3000003590303306
00-0027981,K.Rudolph,2019,TE,6.688235114602482,2.2294114056755516
00-0032780,J.Howard,2019,RB,6.552941266228171,2.1235293220071227
00-0030181,J.Doyle,2019,TE,6.576470767750459,2.117647058823529
00-0035644,N.Fant,2019,TE,6.529411764705882,2.070588055778952
00-0033839,D.Westbrook,2019,WR,9.217646879308363,2.0294117647058814
00-0032128,C.Conley,2019,WR,9.205882352941176,2.017647238338694
00-0029738,D.Fells,2019,TE,6.476470498477712,2.017646789550782
00-0033881,E.Engram,2019,TE,6.435294207404642,1.9764704984777115
00-0028002,R.Cobb,2019,WR,9.111764346852022,1.9235292322495399
00-0030549,T.Eifert,2019,TE,6.270588145536535,1.8117644366096046
00-0033106,J.Goff,2019,QB,14.560000251321233,1.796471090877759
00-0031345,J.Garoppolo,2019,QB,14.548234827378216,1.7847056669347428
00-0027891,G.Tate,2019,WR,8.952940996955423,1.7647058823529411
00-0031280,D.Carr,2019,QB,14.491764741785389,1.7282355813419148
00-0034331,J.Samuels,2019,RB,6.141176560345818,1.7117646161247704
00-0033858,J.Smith,2019,TE,6.1588233498966,1.6999996409696694
00-0033308,M.Breida,2019,RB,6.076470318962546,1.6470583747414977
00-0029604,K.Cousins,2019,QB,14.37764695111443,1.6141177906709565
00-0033357,T.Hill,2019,TE,6.011764526367188,1.5529408174402581
00-0033923,K.Hunt,2019,RB,5.964705972110524,1.535294027889476
00-0030288,R.Burkhead,2019,RB,5.947058733771829,1.5176467895507812
00-0027696,J.Graham,2019,TE,5.923529232249541,1.4647055233226105
00-0023682,R.Fitzpatrick,2019,QB,14.203528909122245,1.4399997486787708
00-0035662,M.Brown,2019,WR,8.611764346852022,1.4235292322495399
00-0034414,B.Scott,2019,RB,5.817646699793198,1.3882347555721504
00-0030108,R.Griffin,2019,TE,5.764705882352941,1.3058821734260109
00-0032160,T.Williams,2019,WR,8.41764741785386,1.2294123032513786
00-0032385,S.Shepard,2019,WR,8.341176650103401,1.1529415355009194
00-0023500,F.Gore,2019,RB,5.58235258214614,1.1529406379250924
00-0022942,P.Rivers,2019,QB,13.852941176470589,1.089412016027115
00-0034855,B.Mayfield,2019,QB,13.848235186408548,1.0847060259650743
00-0026035,D.Amendola,2019,WR,8.268235150505514,1.0800000359030326
00-0030404,C.Thompson,2019,RB,5.505882263183594,1.0764703189625457
00-0033387,J.Hollister,2019,TE,5.5235295015222885,1.0647057925953582
00-0034184,G.Edwards,2019,RB,5.447058733771829,1.0176467895507812
00-0031325,S.Watkins,2019,WR,8.147058823529411,0.9588237089269294
00-0032054,B.Perriman,2019,WR,8.123529770795036,0.9352946561925544
00-0031273,C.Brate,2019,TE,5.358823439654182,0.8999997307272514
00-0033895,G.Everett,2019,TE,5.282353120691636,0.8235294117647056
00-0034364,J.Akins,2019,TE,5.282353120691636,0.8235294117647056
00-0035261,T.Pollard,2019,RB,5.247058644014246,0.8176466997931984
00-0033251,Z.Pascal,2019,WR,7.95882370892693,0.7705885943244484
00-0035289,G.Minshew,2019,QB,13.484706205480238,0.7211770450367645
00-0033127,W.Fuller,2019,WR,7.882352941176471,0.6941178265739891
00-0034676,J.Washington,2019,WR,7.852941176470588,0.664706061868106
00-0034983,H.Renfrow,2019,WR,7.852941176470588,0.664706061868106
00-0031387,E.Ebron,2019,TE,5.088235294117647,0.6294115851907165
00-0033658,B.Jarwin,2019,TE,5.029411764705882,0.570588055778952
00-0034349,K.Johnson,2019,RB,5.0,0.570588055778952
00-0032602,J.McKissic,2019,RB,4.929411944221048,0.5
00-0033879,O.Howard,2019,TE,4.935294207404642,0.4764704984777115
00-0020531,D.Brees,2019,QB,13.221177045036764,0.45764788459329075
00-0030470,V.McDonald,2019,TE,4.911764705882353,0.452940996955423
00-0033025,J.Richard,2019,RB,4.870588414809284,0.4411764705882364
00-0034681,C.Edmonds,2019,RB,4.870588414809284,0.4411764705882364
00-0029701,R.Tannehill,2019,QB,13.18705929026884,0.423530129825366
00-0034794,J.Sanders,2019,K,0.4176470532136805,0.4176470532136805
00-0034353,A.Miller,2019,WR,7.5,0.3117648853975181
00-0035229,T.Hockenson,2019,TE,4.747058644014246,0.2882349350873161
00-0035689,D.Knox,2019,TE,4.688235114602482,0.22941140567555163
00-0034970,I.Smith,2019,TE,4.652941086713006,0.19411737778607563
00-0029608,T.Hilton,2019,WR,7.358823439654182,0.17058832505169974
00-0029632,M.Sanu,2019,WR,7.299999910242417,0.11176479563993524
00-0035140,M.Hardman,2019,WR,7.264705882352941,0.07647076775045925
00-0034830,H.Hurst,2019,TE,4.5235295015222885,0.06470579259535825
00-0033119,J.Brissett,2019,QB,12.804705451516543,0.04117629107306975
00-0029137,A.Jeffery,2019,WR,7.188235114602482,0.0
00-0033854,D.Ogunbowale,2019,RB,4.429411944221048,0.0
00-0034750,R.Penny,2019,RB,4.429411944221048,0.0
00-0034988,K.Smith,2019,TE,4.45882370892693,0.0
00-0035710,D.Jones,2019,QB,12.763529160443474,0.0
00-0031598,N.Boyle,2019,TE,4.417646969065947,-0.04117673986098325
00-0034159,W.Dissly,2019,TE,4.347058913286994,-0.11176479563993613
00-0033787,J.Elliott,2019,K,-0.1176470588235294,-0.1176470588235294
00-0030085,K.Stills,2019,WR,7.064705792595358,-0.12352932200712363
00-0031236,B.Cooks,2019,WR,6.911764705882353,-0.2764704087201286
00-0030456,G.Bernard,2019,RB,4.0235295015222885,-0.4058824426987595
00-0034972,A.Mattison,2019,RB,4.0235295015222885,-0.4058824426987595
00-0033871,C.Davis,2019,WR,6.770588145536535,-0.417646969065947
00-0035342,P.Laird,2019,RB,4.011764526367188,-0.4176474178538596
00-0034981,F.Moreau,2019,TE,4.0235295015222885,-0.43529420740464175
00-0034301,D.Williams,2019,RB,3.988235473632813,-0.44117647058823506
00-0030035,A.Thielen,2019,WR,6.729411854463465,-0.45882326013901675
00-0033567,B.Hill,2019,RB,3.952940996955423,-0.476470947265625
00-0033857,J.Smith-Schuster,2019,WR,6.6588233498966,-0.5294117647058822
00-0028087,D.Lewis,2019,RB,3.900000179515165,-0.5294117647058831
00-0030216,J.Hill,2019,TE,3.858823439654182,-0.6000002692727482
00-0032134,C.Uzomah,2019,TE,3.717647103702321,-0.7411766052246094
00-0034928,S.Sims,2019,WR,6.441176470588236,-0.7470586440142455
00-0027973,A.Dalton,2019,QB,11.9800002154182,-0.7835289450252745
00-0033869,M.Trubisky,2019,QB,11.930588666130514,-0.8329404943129592
00-0035537,T.Johnson,2019,RB,3.5411765154670265,-0.8882354287540215
00-0031806,M.Brown,2019,RB,3.4764704984777115,-0.9529414457433365
00-0033611,R.Seals-Jones,2019,TE,3.464705972110524,-0.9941177368164062
00-0035217,B.Snell,2019,RB,3.405882442698759,-1.023529501522289
00-0034358,D.Guice,2019,RB,3.376470677992877,-1.0529412662281712
00-0034521,A.Lazard,2019,WR,6.047059003044577,-1.1411761115579049
00-0033528,J.Sprinkle,2019,TE,3.299999910242417,-1.1588237986845131
00-0034686,A.Tate,2019,WR,5.970588235294118,-1.2176468793083641
00-0032775,D.Robinson,2019,WR,5.935294207404642,-1.2529409071978401
00-0024389,De.Walker,2019,TE,3.2058823529411766,-1.2529413559857536
00-0034400,J.Wilkins,2019,RB,3.176470588235294,-1.252941355985754
00-0032208,P.Dorsett,2019,WR,5.929411944221048,-1.2588231703814339
00-0034411,R.Gage,2019,WR,5.929411944221048,-1.2588231703814339
00-0032543,A.Erickson,2019,WR,5.896470462574678,-1.2917646520278039
00-0034799,K.Ballage,2019,RB,3.04705877865062,-1.3823531655704282
00-0035268,R.Armstead,2019,RB,3.0117645263671875,-1.4176474178538605
00-0033307,K.Bourne,2019,WR,5.752941355985754,-1.4352937586167283
00-0029239,B.Bolden,2019,RB,2.9941177368164062,-1.4352942074046418
00-0034208,M.Boone,2019,RB,2.9411764705882355,-1.4882354736328125
00-0034975,J.Hill,2019,RB,2.911764705882353,-1.5176472383386952
00-0030155,D.Harris,2019,TE,2.9352942074046418,-1.5235295015222885
00-0030663,W.Snead,2019,WR,5.5941175573012405,-1.5941175573012414
00-0033950,W.Gallman,2019,RB,2.8352941625258503,-1.5941177816951977
00-0033460,J.Ross,2019,WR,5.588235294117647,-1.5999998204848351
00-0034869,S.Darnold,2019,QB,11.12705903894761,-1.6364701214958632
00-0028112,C.Clay,2019,TE,2.805882397819968,-1.6529413111069622
00-0031549,N.Agholor,2019,WR,5.529411764705882,-1.6588233498965996
00-0034115,J.Wilson,2019,RB,2.758823619169348,-1.6705883250517002
00-0035350,P.Williams,2019,WR,5.3411766501034,-1.8470584644990815
00-0031228,T.Gabriel,2019,WR,5.311764885397518,-1.8764702292049638
00-0034432,B.Scarbrough,2019,RB,2.5411765154670265,-1.8882354287540215
00-0030669,A.Wilson,2019,WR,5.258823619169347,-1.9294114954331345
00-0032104,A.Abdullah,2019,RB,2.429411719827091,-2.000000224393957
00-0031951,J.O'Shaughnessy,2019,TE,2.429411719827091,-2.0294119890998394
00-0031558,M.Williams,2019,TE,2.423529456643497,-2.035294252283433
00-0032975,J.Williams,2019,RB,2.376470677992877,-2.052941266228171
00-0029587,R.Ellison,2019,TE,2.394117691937615,-2.0647060169893154
00-0033455,A.Firkser,2019,TE,2.376470677992877,-2.0823530309340534
00-0032009,A.Humphries,2019,WR,5.088235294117647,-2.099999820484835
00-0025396,T.Ginn,2019,WR,5.052941266228171,-2.135293848374311
00-0035624,N.Harry,2019,TE,2.3176471485811123,-2.141176560345818
00-0031260,L.Thomas,2019,TE,2.3117646610035614,-2.147059047923369
00-0027874,D.Thomas,2019,WR,5.017646789550781,-2.1705883250517006
00-0034253,D.Hilliard,2019,RB,2.2411763808306526,-2.1882355633903954
00-0034272,M.Valdes-Scantling,2019,WR,4.947058733771829,-2.2411763808306526
00-0030821,A.Hurns,2019,WR,4.917646969065947,-2.270588145536535
00-0034378,I.Smith,2019,RB,2.1352940727682674,-2.2941178714527806
00-0024243,M.Lewis,2019,TE,2.152941086713005,-2.3058826222139253
00-0034577,K.Allen,2019,QB,10.439999748678767,-2.3235294117647065
00-0030578,C.Patterson,2019,RB,2.094117557301241,-2.335294386919807
00-0034073,R.Dwelley,2019,TE,2.123529322007123,-2.335294386919807
00-0034365,I.Thomas,2019,TE,2.094117557301241,-2.3647061516256893
00-0032778,T.Sharpe,2019,WR,4.817647148581112,-2.37058796602137
00-0022943,B.Watson,2019,TE,2.017647013944738,-2.4411766949821923
00-0028064,B.Powell,2019,RB,1.9529412213493795,-2.4764707228716683
00-0032394,N.Vannett,2019,TE,1.9764704984777115,-2.4823532104492188
00-0034011,D.Arnold,2019,TE,1.9235294566434973,-2.5352942522834327
00-0035006,O.Johnson,2019,WR,4.647058823529412,-2.5411762910730697
00-0035148,D.Thompson,2019,RB,1.8882352043600643,-2.5411767398609837
00-0029119,D.Carrier,2019,TE,1.911764705882353,-2.547059003044577
00-0033681,K.Cole,2019,WR,4.6294115851907165,-2.5588235294117654
00-0031744,M.LaCosse,2019,TE,1.8882352043600643,-2.570588504566866
00-0035311,M.Gaskin,2019,RB,1.847058801090016,-2.582353143131032
00-0034440,J.Jackson,2019,RB,1.83529416252585,-2.594117781695198
00-0032227,J.Heuerman,2019,TE,1.847058801090016,-2.611764907836914
00-0035273,Q.Ollison,2019,RB,1.805882397819968,-2.62352954640108
00-0032135,J.James,2019,TE,1.7764706331140854,-2.682353075812845
00-0032209,T.Yeldon,2019,RB,1.7470588684082031,-2.682353075812845
00-0034788,J.Graham,2019,TE,1.7588236191693474,-2.700000089757583
00-0032117,N.O'Leary,2019,TE,1.758823506972369,-2.7000002019545613
00-0034578,R.Bonnafon,2019,RB,1.7235293668859146,-2.7058825773351334
00-0032393,C.Prosise,2019,RB,1.6941177143770103,-2.7352942298440377
00-0032626,G.Allison,2019,WR,4.435294207404642,-2.75294090719784
00-0035594,T.Homer,2019,RB,1.6470588235294117,-2.7823531206916363
00-0024221,V.Davis,2019,TE,1.66470583747415,-2.79411787145278
00-0029664,J.Gordon,2019,WR,4.335293938131893,-2.8529411764705888
00-0033080,S.DeValve,2019,TE,1.5294117647058822,-2.929411944221048
00-0033757,R.Tonyan,2019,TE,1.5294117647058822,-2.929411944221048
00-0031868,D.Byrd,2019,WR,4.229411854463465,-2.9588232601390168
00-0026498,M.Stafford,2019,QB,9.797646915211397,-2.965882245232077
00-0034765,T.Smith,2019,WR,4.200000089757583,-2.988235024844899
00-0035025,H.Hentges,2019,TE,1.429411719827091,-3.029411989099839
00-0032782,W.Smallwood,2019,RB,1.3823529411764706,-3.0470590030445774
00-0032599,J.Perkins,2019,TE,1.3941176919376148,-3.0647060169893154
00-0034439,R.Izzo,2019,TE,1.3764705657958984,-3.082353143131032
00-0035664,D.Henderson,2019,RB,1.3176470363841335,-3.1117649078369145
00-0028142,V.Green,2019,TE,1.3411764257094438,-3.1176472832174866
00-0035562,J.Horsted,2019,TE,1.33529416252585,-3.1235295464010804
00-0030710,T.Burton,2019,TE,1.3176470363841335,-3.1411766725427968
00-0031585,M.Pruitt,2019,TE,1.2352941176470589,-3.2235295912798714
00-0035297,K.Harmon,2019,WR,3.9376472024356617,-3.25058791216682
00-0033838,T.Edmunds,2019,RB,1.1764705882352942,-3.2529413559857536
00-0032098,D.Brown,2019,TE,1.1882353389964384,-3.2705883699304916
00-0031344,C.Latimer,2019,WR,3.882352941176471,-3.305882173426011
00-0032141,G.Swaim,2019,TE,1.1470588235294117,-3.3117648853975186
00-0035308,T.Sweeney,2019,TE,1.141176560345818,-3.3176471485811123
00-0032214,T.Kroft,2019,TE,1.1235293220071232,-3.335294386919807
00-0033896,A.Shaheen,2019,TE,1.0823529187370748,-3.376470790189855
00-0031257,P.Richardson,2019,WR,3.794117647058824,-3.394117467543658
00-0032661,B.Braunecker,2019,TE,1.0529411540311926,-3.4058825548957374
00-0030465,K.Barner,2019,RB,1.007058760699104,-3.422353183521944
00-0023564,D.Sproles,2019,RB,1.0,-3.429411944221048
00-0034370,D.Hamilton,2019,WR,3.7470586440142464,-3.4411764705882355
00-0033217,M.Alie-Cox,2019,TE,1.017647013944738,-3.4411766949821923
00-0033466,I.McKenzie,2019,WR,3.723529366885914,-3.4647057477165677
00-0035489,W.Hills,2019,RB,0.9529412213493796,-3.4764707228716683
00-0032986,J.Holtz,2019,TE,0.9470588459688074,-3.511764862958123
00-0035039,S.Carlson,2019,TE,0.9470588459688074,-3.511764862958123
00-0030089,L.Willson,2019,TE,0.9352940952076632,-3.5235296137192673
00-0034393,T.Fumagalli,2019,TE,0.9294117759255802,-3.52941193300135
00-0035628,D.Johnson,2019,RB,0.8941176919376149,-3.535294252283433
00-0033943,J.Reynolds,2019,WR,3.641176560345818,-3.547058554256664
00-0034960,J.Meyers,2019,WR,3.641176335951861,-3.5470587786506207
00-0033885,D.Njoku,2019,TE,0.8882352604585535,-3.570588448468377
00-0032062,B.Bell,2019,TE,0.8647058711332434,-3.5941178377936867
00-0035596,K.Whyte,2019,RB,0.8294117871452781,-3.60000015707577
00-0034270,T.Conklin,2019,TE,0.8117647171020508,-3.6470589918248795
00-0031166,S.Roberts,2019,WR,3.535294027889476,-3.652941086713006
00-0033733,G.Ward,2019,WR,3.5235295015222885,-3.6647056130801934
00-0034798,D.Smythe,2019,TE,0.7941176470588235,-3.664706061868107
00-0028042,L.Stocker,2019,TE,0.7823529523961684,-3.6764707565307617
00-0032813,E.Penny,2019,RB,0.7529411876902861,-3.6764707565307617
00-0033589,D.Moore,2019,WR,3.5058822631835938,-3.682352851418888
00-0028097,L.Smith,2019,TE,0.7705882577335134,-3.688235451193417
00-0032972,D.Booker,2019,RB,0.741176493027631,-3.688235451193417
00-0030414,S.Ware,2019,RB,0.7235293668859145,-3.7058825773351334
00-0032063,M.Davis,2019,RB,0.7000000336590935,-3.7294119105619545
00-0031577,J.Allen,2019,RB,0.6764705882352942,-3.7529413559857536
00-0033164,T.Pope,2019,RB,0.6705882128547219,-3.758823731366326
00-0032540,T.Carson,2019,RB,0.6235294342041016,-3.8058825100169464
00-0029572,J.Wright,2019,WR,3.3470589132869946,-3.8411762013154873
00-0032980,M.Johnson,2019,WR,3.3352941625258503,-3.8529409520766316
00-0033296,A.Armah,2019,RB,0.5705882240744198,-3.8588237201466282
00-0025399,M.Lynch,2019,RB,0.5529411540311926,-3.876470790189855
00-0032256,C.Walford,2019,TE,0.570588280172909,-3.8882354287540215
00-0033338,C.Carter,2019,TE,0.5470588347491097,-3.9117648741778206
00-0033111,P.Cooper,2019,WR,3.264705882352941,-3.9235292322495408
00-0035013,J.Hilliman,2019,RB,0.4823529299567727,-3.9470590142642754
00-0035184,D.Ozigbo,2019,RB,0.4705882352941176,-3.9588237089269303
00-0032450,D.Washington,2019,RB,0.4470588179195628,-3.982353126301485
00-0027985,L.Kendricks,2019,TE,0.4705882352941176,-3.9882354736328125
00-0034319,D.Yelder,2019,TE,0.4705882352941176,-3.9882354736328125
00-0035631,D.Sample,2019,TE,0.4705882352941176,-3.9882354736328125
00-0031299,J.Matthews,2019,TE,0.4294117478763355,-4.029411961050595
00-0032319,R.Travis,2019,TE,0.4176470532136805,-4.04117665571325
00-0035259,T.Wesco,2019,TE,0.4058823305017808,-4.05294137842515
00-0033246,J.Mundt,2019,TE,0.3882353165570427,-4.070588392369888
00-0034366,K.Coutee,2019,WR,3.105882308062385,-4.082352806540097
00-0028063,T.Jones,2019,RB,0.3470588291392606,-4.082353115081787
00-0032055,D.Funchess,2019,TE,0.3647058711332433,-4.094117837793687
00-0028074,A.Sherman,2019,RB,0.299999994390151,-4.129411949830897
00-0034339,T.Quinn,2019,WR,3.04705877865062,-4.141176335951862
00-0032417,P.Perkins,2019,RB,0.2823529523961684,-4.1470589918248795
00-0029854,C.Anderson,2019,RB,0.252941187690286,-4.176470756530762
00-0033789,T.Logan,2019,RB,0.252941187690286,-4.176470756530762
00-0033439,P.Brown,2019,TE,0.2764705770155963,-4.182353131911334
00-0034613,T.Hudson,2019,TE,0.2705882577335133,-4.188235451193417
00-0032404,T.Ervin,2019,RB,0.2411764649783863,-4.188235479242662
00-0035249,J.Oliver,2019,TE,0.2647058823529412,-4.194117826573989
00-0035703,M.Boykin,2019,WR,2.988235249238856,-4.199999865363626
00-0034631,V.Smith,2019,WR,2.982352986055262,-4.20588212854722
00-0031665,Z.Zenner,2019,RB,0.2176470616284538,-4.211764882592594
00-0033576,E.Saubert,2019,TE,0.2411764649783863,-4.217647243948544
00-0034735,C.McElroy,2019,TE,0.2352941176470588,-4.223529591279871
00-0031590,J.Ajayi,2019,RB,0.1764705882352941,-4.252941355985754
00-0035539,I.Nauta,2019,TE,0.194117644253899,-4.264706064673032
00-0034654,D.Dawkins,2019,RB,0.1529411848853616,-4.2764707593356865
00-0031167,S.Simonson,2019,TE,0.1823529355666216,-4.276470773360309
00-0030443,L.Toilolo,2019,TE,0.1764705882352941,-4.282353120691636
00-0033891,Z.Jones,2019,WR,2.876470677992877,-4.3117644366096055
00-0033696,S.Culkin,2019,TE,0.1294117675108068,-4.329411941416123
00-0033471,I.Ford,2019,WR,2.8529411764705883,-4.335293938131894
00-0033526,S.Perine,2019,RB,0.0941176484612857,-4.335294295759763
00-0031484,C.Manhertz,2019,TE,0.1235294061548569,-4.335294302772073
00-0033421,A.Auclair,2019,TE,0.1235294061548569,-4.335294302772073
00-0031209,S.Perry,2019,RB,0.0823529397740083,-4.34705900444704
00-0032139,B.Koyack,2019,TE,0.1117647044798907,-4.34705900444704
00-0034420,J.Thomas,2019,TE,0.105882350136252,-4.3529413587906784
00-0034766,C.Herndon,2019,TE,0.1000000028049244,-4.358823706122005
00-0034457,J.Adams,2019,RB,0.0705882380990421,-4.358823706122006
00-0035657,D.Harris,2019,RB,0.0705882380990421,-4.358823706122006
00-0030300,J.Brown,2019,WR,2.823529411764706,-4.364705702837776
00-0034383,D.Schultz,2019,TE,0.0941176484612857,-4.364706060465645
00-0034995,D.Williams,2019,RB,0.0647058837554034,-4.364706060465645
00-0032791,J.Grant,2019,WR,2.8176471485811123,-4.37058796602137
00-0033742,T.Swoopes,2019,TE,0.088235294117647,-4.3705884148092835
00-0034449,B.Howell,2019,RB,0.0588235294117647,-4.3705884148092835
00-0035553,C.Jones,2019,TE,0.088235294117647,-4.3705884148092835
00-0032377,J.Ferguson,2019,RB,0.052941175068126,-4.376470769152922
00-0033258,D.Daniels,2019,TE,0.0823529397740083,-4.376470769152922
00-0034808,J.Kelly,2019,RB,0.052941175068126,-4.376470769152922
00-0035222,Z.Gentry,2019,TE,0.0823529397740083,-4.376470769152922
00-0035275,J.Scarlett,2019,RB,0.052941175068126,-4.376470769152922
00-0032355,C.Rogers,2019,WR,2.805882397819968,-4.382352716782513
00-0034597,R.Nall,2019,RB,0.0470588242306428,-4.382353119990405
00-0031035,X.Grimble,2019,TE,0.0764705854303696,-4.382353123496561
00-0035551,T.Brooks-James,2019,RB,0.0411764733931597,-4.388235470827889
00-0031690,E.Tomlinson,2019,TE,0.0647058837554034,-4.394117825171527
00-0034201,D.Turner,2019,RB,0.035294119049521,-4.394117825171527
00-0030525,T.Austin,2019,WR,2.788235159481273,-4.399999955121209
00-0029141,A.Morris,2019,RB,0.0235294121153214,-4.405882532105727
00-0035671,J.Sternberger,2019,TE,0.0,-4.45882370892693
00-0030670,B.Fowler,2019,WR,2.723529366885914,-4.464705747716568
00-0035287,K.Johnson,2019,WR,2.7058823529411766,-4.482352761661305
00-0034867,M.Turner,2019,WR,2.676470588235294,-4.5117645263671875
00-0034386,J.Watson,2019,WR,2.523529277128332,-4.66470583747415
00-0034426,J.Wims,2019,WR,2.5058824875775505,-4.682352627024931
00-0035298,S.Miller,2019,WR,2.3882352043600643,-4.799999910242418
00-0031787,J.Kumerow,2019,WR,2.3470589132869946,-4.841176201315488
00-0033094,M.Hall,2019,WR,2.341176425709444,-4.847058688893037
00-0035624,N.Harry,2019,WR,2.3176471485811123,-4.87058796602137
00-0031570,J.Hardy,2019,WR,2.264705882352941,-4.923529232249541
00-0030068,M.Goodwin,2019,WR,2.2411766052246094,-4.9470585093778725
00-0035639,P.Campbell,2019,WR,2.2411763808306526,-4.947058733771829
00-0034273,D.Ratley,2019,WR,2.235294117647059,-4.952940996955423
00-0033375,T.Patrick,2019,WR,2.223529366885914,-4.964705747716568
00-0026189,D.Jackson,2019,WR,2.1705883250517,-5.017646789550781
00-0035527,A.Isabella,2019,WR,2.082353030934053,-5.105882083668429
00-0034297,B.Pringle,2019,WR,2.0588235294117645,-5.129411585190717
00-0032945,D.Williams,2019,WR,2.035294027889476,-5.152941086713006
00-0034860,D.Pettis,2019,WR,2.031764759736902,-5.156470354865579
00-0032951,L.Treadwell,2019,WR,1.964705972110524,-5.223529142491958
00-0035246,J.Arcega-Whiteside,2019,WR,1.9352942074046413,-5.252940907197841
00-0032200,T.Montgomery,2019,WR,1.8999999551212088,-5.288235159481273
00-0032423,T.Davis,2019,WR,1.7882352716782517,-5.39999984292423
00-0028411,D.Inman,2019,WR,1.7705882577335132,-5.417646856868968
00-0032464,K.Raymond,2019,WR,1.7352941176470589,-5.452940996955423
00-0034286,R.James,2019,WR,1.670588212854722,-5.51764690174776
00-0031763,D.Carter,2019,WR,1.6000000448787914,-5.588235069723691
00-0035208,O.Zaccheaus,2019,WR,1.5588235294117647,-5.629411585190717
00-0035120,K.Doss,2019,WR,1.429411719827091,-5.758823394775391
00-0033555,M.Hollins,2019,WR,1.3235294117647058,-5.864705702837776
00-0031934,D.Smith,2019,WR,1.3117646610035616,-5.8764704535989205
00-0034406,D.Cain,2019,WR,1.258823506972369,-5.929411607630113
00-0034132,C.Blake,2019,WR,1.182352851418888,-6.005882263183594
00-0034052,B.Zylstra,2019,WR,1.094117669498219,-6.094117445104263
00-0034419,B.Berrios,2019,WR,1.0294117647058822,-6.1588233498966
00-0035215,D.Harty,2019,WR,1.0294117647058822,-6.1588233498966
00-0035401,D.Willis,2019,WR,1.0117647507611442,-6.176470363841338
00-0034772,A.Callaway,2019,WR,0.994117624619428,-6.194117489983054
00-0027793,A.Brown,2019,WR,0.9470588459688074,-6.241176268633675
00-0032977,R.Higgins,2019,WR,0.9117647058823528,-6.2764704087201295
00-0028237,C.Hogan,2019,WR,0.8647058711332434,-6.323529243469238
00-0034747,M.Ateman,2019,WR,0.8588235518511604,-6.329411562751321
00-0034660,R.Gafford,2019,WR,0.8588234957526711,-6.329411618849811
00-0034771,M.Rudolph,2019,QB,6.400000179515166,-6.363528980928308
00-0033572,J.Agnew,2019,WR,0.8058823417214787,-6.382352772881003
00-0032112,J.Nelson,2019,WR,0.8000000224393957,-6.388235092163086
00-0035590,R.Ridley,2019,WR,0.758823506972369,-6.429411607630113
00-0031189,T.Jones,2019,WR,0.7529411876902861,-6.435293926912196
00-0034510,R.Foster,2019,WR,0.7235294229844037,-6.464705691618078
00-0034487,T.Sherfield,2019,WR,0.7058823529411765,-6.482352761661305
00-0034854,K.Hodge,2019,WR,0.6823529636158663,-6.505882150986616
00-0033705,A.Patton,2019,WR,0.6823529075173771,-6.505882207085104
00-0033562,R.Switzer,2019,WR,0.6294117534861845,-6.558823361116297
00-0032728,Te.Jones,2019,WR,0.5941176694982192,-6.594117445104263
00-0034418,C.Wilson,2019,WR,0.5647059047923368,-6.623529209810145
00-0031511,D.White,2019,WR,0.5352941400864545,-6.652940974516027
00-0029269,T.Benjamin,2019,WR,0.5294117647058824,-6.6588233498966
00-0034309,C.Beebe,2019,WR,0.5294117647058824,-6.6588233498966
00-0034593,C.Lacy,2019,WR,0.5294117647058824,-6.6588233498966
00-0028986,C.Keenum,2019,QB,6.087059020996094,-6.67647013944738
00-0035548,V.Bryant,2019,WR,0.5,-6.688235114602482
00-0031319,D.Spencer,2019,WR,0.4529411652508904,-6.7352939493515915
00-0033357,T.Hill,2019,QB,6.011764526367188,-6.751764634076285
00-0031953,G.Davis,2019,WR,0.4000000112196978,-6.788235103382784
00-0034653,D.Burnett,2019,WR,0.4000000112196978,-6.788235103382784
00-0035104,A.Hollins,2019,WR,0.3882352885077981,-6.799999826094684
00-0033434,B.Wilson,2019,WR,0.3823529411764705,-6.805882173426012
00-0035432,J.Moore,2019,WR,0.3705882465138155,-6.817646868088667
00-0026986,M.Crabtree,2019,WR,0.3647058711332433,-6.823529243469238
00-0026293,M.Slater,2019,WR,0.3529411764705882,-6.835293938131894
00-0032935,J.Holton,2019,WR,0.3529411764705882,-6.835293938131894
00-0031339,D.Moncrief,2019,WR,0.3411764818079331,-6.847058632794549
00-0032795,C.Core,2019,WR,0.3411764818079331,-6.847058632794549
00-0027691,A.Roberts,2019,WR,0.3352941064273609,-6.8529410081751205
00-0034081,S.Mitchell,2019,WR,0.3352941064273609,-6.8529410081751205
00-0030147,R.Shepard,2019,WR,0.3235294117647059,-6.864705702837776
00-0031068,R.Grant,2019,WR,0.3176470644333783,-6.870588050169103
00-0035645,G.Olszewski,2019,WR,0.3176470644333783,-6.870588050169103
00-0034922,I.Hyman,2019,WR,0.3176470363841337,-6.870588078218348
00-0032398,C.Moore,2019,WR,0.299999994390151,-6.888235120212331
00-0033367,C.Board,2019,WR,0.299999994390151,-6.888235120212331
00-0031431,M.Lee,2019,WR,0.2882352997274959,-6.899999814874986
00-0035399,S.Morgan,2019,WR,0.2823529523961684,-6.905882162206313
00-0034104,C.Sims,2019,WR,0.2764705770155963,-6.911764537586886
00-0034256,D.Scott,2019,WR,0.2764705770155963,-6.911764537586886
00-0033994,F.Brown,2019,WR,0.2411764649783863,-6.947058649624095
00-0029319,J.Bellamy,2019,WR,0.2352941176470588,-6.952940996955423
00-0031972,D.Jennings,2019,WR,0.2176470476038315,-6.97058806699865
00-0033530,R.Davis,2019,WR,0.2176470476038315,-6.97058806699865
00-0035021,A.Dulin,2019,WR,0.2176470476038315,-6.97058806699865
00-0035374,M.Walker,2019,WR,0.2058823529411764,-6.982352761661305
00-0033114,M.Thomas,2019,WR,0.2000000056098489,-6.988235108992633
00-0033386,C.Hollister,2019,WR,0.194117644253899,-6.994117470348582
00-0034034,R.Davis,2019,WR,0.1529411708607393,-7.035293943741743
00-0035510,J.Smith,2019,WR,0.1294117675108068,-7.058823347091675
00-0031060,D.Thomas,2019,WR,0.1235294201794792,-7.064705694423003
00-0035597,J.Ursua,2019,WR,0.1235294061548569,-7.064705708447625
00-0033382,A.Carr,2019,WR,0.1117647044798907,-7.0764704101225915
00-0028114,D.Harris,2019,WR,0.1000000028049244,-7.088235111797557
00-0034267,J.Scott,2019,WR,0.0941176484612857,-7.0941174661411965
00-0033604,K.Hogan,2019,WR,0.0823529397740083,-7.105882174828474
00-0033215,C.Grayson,2019,WR,0.0764705854303696,-7.111764529172112
00-0034705,J.Franklin,2019,WR,0.0647058837554034,-7.123529230847079
00-0035181,D.Shepherd,2019,WR,0.0647058837554034,-7.123529230847079
00-0033911,T.Taylor,2019,WR,0.0,-7.188235114602482
00-0033933,C.Williams,2019,WR,0.0,-7.188235114602482
00-0035406,L.Humphrey,2019,WR,0.0,-7.188235114602482
00-0035414,J.Guyton,2019,WR,0.0,-7.188235114602482
00-0035592,T.Fulgham,2019,WR,0.0,-7.188235114602482
00-0031023,Q.Enunwa,2019,WR,-0.0823529397740083,-7.27058805437649
00-0031237,T.Bridgewater,2019,QB,5.321176416733685,-7.4423527437097885
00-0032268,M.Mariota,2019,QB,5.001176273121553,-7.762352887321921
00-0026158,J.Flacco,2019,QB,4.992941463694853,-7.7705876967486205
00-0035232,D.Haskins,2019,QB,4.511764526367188,-8.251764634076284
00-0035704,D.Lock,2019,QB,4.0,-8.763529160443474
00-0032436,J.Driskel,2019,QB,3.4176469690659466,-9.345882191377527
00-0035040,D.Blough,2019,QB,3.256470624138327,-9.507058536305147
00-0022803,E.Manning,2019,QB,3.1988235922420727,-9.5647055682014
00-0035577,D.Hodges,2019,QB,3.018823511460248,-9.744705648983226
00-0025708,M.Moore,2019,QB,2.485882254207836,-10.277646906235638
00-0029567,N.Foles,2019,QB,2.220000098733341,-10.543529061710133
00-0022787,M.Schaub,2019,QB,1.9352939830106848,-10.82823517743279
00-0032434,B.Allen,2019,QB,1.911764705882353,-10.85176445456112
00-0026544,C.Daniel,2019,QB,1.5294117647058822,-11.234117395737591
00-0035652,R.Finley,2019,QB,1.4505882263183594,-11.312940934125114
00-0026625,B.Hoyer,2019,QB,1.2399999955121208,-11.523529164931354
00-0034343,J.Rosen,2019,QB,1.0576470318962543,-11.70588212854722
00-0031288,A.McCarron,2019,QB,0.994117624619428,-11.769411535824046
00-0027939,C.Newton,2019,QB,0.9811764885397518,-11.782352671903721
00-0029665,R.Griffin,2019,QB,0.8882353165570427,-11.875293843886432
00-0022924,B.Roethlisberger,2019,QB,0.7494117512422449,-12.014117409201228
00-0034412,L.Falk,2019,QB,0.5082353143131032,-12.255293846130371
00-0031589,B.Hundley,2019,QB,0.3564705848693847,-12.407058575574089
00-0028118,T.Taylor,2019,QB,0.3541176459368537,-12.40941151450662
00-0030533,M.Barkley,2019,QB,0.3505882375380572,-12.412940922905417
00-0027688,C.McCoy,2019,QB,0.2517647182240206,-12.511764442219453
00-0030520,M.Glennon,2019,QB,0.2494117512422449,-12.514117409201228
00-0035251,W.Grier,2019,QB,0.0776470548966351,-12.685882105546838
00-0021206,J.McCown,2019,QB,0.0447058817919562,-12.718823278651518
00-0029857,R.Griffin,2019,QB,0.0364705885157865,-12.727058571927687
00-0032156,T.Siemian,2019,QB,0.0070588233716347,-12.756470337071839
00-0035146,T.McSorley,2019,QB,0.0058823530288303,-12.757646807414643
00-0029623,A.Tanney,2019,QB,0.0023529411238782,-12.761176219319596
00-0031076,D.Fales,2019,QB,0.0,-12.763529160443474
00-0034177,T.Boyle,2019,QB,-0.0058823525905609,-12.769411513034035
00-0031395,G.Gilbert,2019,QB,-0.0176470595247605,-12.781176219968234
00-0033319,N.Mullens,2019,QB,-0.0176470595247605,-12.781176219968234
00-0031407,B.Bortles,2019,QB,-0.0458823512582217,-12.809411511701695
00-0032245,S.Mannion,2019,QB,-0.085882355185116,-12.84941151562859
00-0035264,J.Stidham,2019,QB,-0.0964705944061279,-12.859999754849602
00-0027925,,2019,,0.0176470595247605,
00-0028581,,2019,,0.5764705994549919,
00-0029492,,2019,,0.0,
00-0029892,,2019,,2.9764704984777115,
00-0029931,,2019,,0.6823529636158663,
00-0030741,,2019,,0.1411764761980842,
00-0030968,,2019,,0.1823529495912439,
00-0031595,,2019,,0.0,
00-0032794,,2019,,1.0,
00-0032897,,2019,,0.7764705770155963,
00-0032918,,2019,,2.3294116749483,
00-0032956,,2019,,0.9000000112196979,
00-0033374,,2019,,0.105882350136252,
00-0033376,,2019,,1.099999932681813,
00-0034433,,2019,,0.3352941064273609,
00-0034679,,2019,,2.4705882352941178,
00-0034959,,2019,,1.4435294656192554,
00-0035099,,2019,,0.5529411540311926,
00-0035125,,2019,,1.0647059047923368,
00-0035726,,2019,,0.088235294117647,
00-0034844,S.Barkley,2018,RB,24.112499237060547,18.706249237060547
00-0033280,C.McCaffrey,2018,RB,24.09375,18.6875
00-0032241,T.Gurley,2018,RB,23.256250381469727,17.850000381469727
00-0033906,A.Kamara,2018,RB,22.137500762939453,16.731250762939453
00-0033045,E.Elliott,2018,RB,20.568750381469727,15.162500381469727
00-0033873,P.Mahomes,2018,QB,26.0674991607666,15.07249927520752
00-0030506,T.Kelce,2018,TE,18.412500381469727,14.537500381469727
00-0030061,Z.Ertz,2018,TE,17.518749237060547,13.643749237060547
00-0033040,T.Hill,2018,WR,20.875,13.487500190734863
00-0030564,D.Hopkins,2018,WR,20.84375,13.456250190734863
00-0031381,D.Adams,2018,WR,20.600000381469727,13.21250057220459
00-0027944,J.Jones,2018,WR,20.368749618530277,12.98124980926514
00-0027793,A.Brown,2018,WR,20.231250762939453,12.843750953674316
00-0032765,M.Thomas,2018,WR,19.71875,12.331250190734863
00-0033288,G.Kittle,2018,TE,16.16874885559082,12.29374885559082
00-0033553,J.Conner,2018,RB,17.5,12.09375
00-0031062,J.White,2018,RB,17.287500381469727,11.881250381469727
00-0030035,A.Thielen,2018,WR,19.206249237060547,11.81874942779541
00-0032144,M.Gordon,2018,RB,17.21875,11.8125
00-0026143,M.Ryan,2018,QB,22.184999465942383,11.1899995803833
00-0033857,J.Smith-Schuster,2018,WR,18.556249618530277,11.16874980926514
00-0031408,M.Evans,2018,WR,17.774999618530273,10.387499809265137
00-0022924,B.Roethlisberger,2018,QB,21.366249084472656,10.371249198913574
00-0031387,E.Ebron,2018,TE,13.887499809265137,10.012499809265137
00-0032187,D.Johnson,2018,RB,15.412500381469728,10.006250381469728
00-0033897,J.Mixon,2018,RB,15.212499618530272,9.806249618530272
00-0033537,D.Watson,2018,QB,20.731250762939453,9.736250877380371
00-0029668,A.Luck,2018,QB,20.49499893188477,9.499999046325687
00-0031588,S.Diggs,2018,WR,16.643749237060547,9.25624942779541
00-0033556,T.Cohen,2018,RB,14.62125015258789,9.21500015258789
00-0030431,R.Woods,2018,WR,16.600000381469727,9.21250057220459
00-0033923,K.Hunt,2018,RB,14.387499809265137,8.981249809265137
00-0030279,K.Allen,2018,WR,16.256250381469727,8.86875057220459
00-0023459,A.Rodgers,2018,QB,19.5362491607666,8.54124927520752
00-0033106,J.Goff,2018,QB,19.520000457763672,8.52500057220459
00-0034109,P.Lindsay,2018,RB,13.925000190734863,8.518750190734863
00-0027061,J.Cook,2018,TE,12.100000381469728,8.225000381469728
00-0020531,D.Brees,2018,QB,19.061250686645508,8.066250801086426
00-0031236,B.Cooks,2018,WR,15.199999809265137,7.8125
00-0029263,R.Wilson,2018,QB,18.71374893188477,7.718749046325687
00-0029608,T.Hilton,2018,WR,14.9375,7.550000190734863
00-0033118,K.Drake,2018,RB,12.887499809265137,7.481249809265137
00-0033594,C.Carson,2018,RB,12.587499618530272,7.181249618530272
00-0032764,D.Henry,2018,RB,12.585000038146973,7.178750038146973
00-0031235,O.Beckham,2018,WR,14.521249771118164,7.133749961853027
00-0033077,D.Prescott,2018,QB,17.868749618530273,6.873749732971191
00-0022942,P.Rivers,2018,QB,17.813749313354492,6.81874942779541
00-0034791,N.Chubb,2018,RB,12.15625,6.75
00-0029604,K.Cousins,2018,QB,17.69499969482422,6.699999809265137
00-0032058,T.Coleman,2018,RB,12.100000381469728,6.693750381469728
00-0027939,C.Newton,2018,QB,17.662500381469727,6.6675004959106445
00-0019596,T.Brady,2018,QB,17.581249237060547,6.586249351501465
00-0032211,T.Lockett,2018,WR,13.899999618530272,6.512499809265135
00-0033009,T.Boyd,2018,WR,13.818750381469728,6.431250572204592
00-0025394,A.Peterson,2018,RB,11.8125,6.40625
00-0032392,A.Hooper,2018,TE,10.1875,6.3125
00-0031382,J.Landry,2018,WR,13.56999969482422,6.182499885559084
00-0031544,A.Cooper,2018,WR,13.46875,6.081250190734863
00-0032780,J.Howard,2018,RB,11.25,5.84375
00-0033951,M.Mack,2018,RB,11.131250381469728,5.725000381469728
00-0027981,K.Rudolph,2018,TE,9.462499618530272,5.587499618530272
00-0027150,J.Edelman,2018,WR,12.963749885559082,5.576250076293945
00-0033932,K.Golladay,2018,WR,12.94374942779541,5.556249618530273
00-0034837,C.Ridley,2018,WR,12.925000190734863,5.537500381469727
00-0033869,M.Trubisky,2018,QB,16.438749313354492,5.44374942779541
00-0032209,T.Yeldon,2018,RB,10.818750381469728,5.412500381469728
00-0029615,L.Miller,2018,RB,10.787500381469728,5.381250381469728
00-0030710,T.Burton,2018,TE,9.193750381469728,5.318750381469728
00-0033293,A.Jones,2018,RB,10.712499618530272,5.306249618530272
00-0033699,A.Ekeler,2018,RB,10.550000190734863,5.143750190734863
00-0033885,D.Njoku,2018,TE,8.993749618530273,5.118749618530273
00-0027685,E.Sanders,2018,WR,12.388750076293944,5.001250267028807
00-0033308,M.Breida,2018,RB,10.15625,4.75
00-0034367,N.Hines,2018,RB,10.056249618530272,4.649999618530272
00-0034367,N.Miller-Hines,2018,RB,10.056249618530272,4.649999618530272
00-0028087,D.Lewis,2018,RB,10.043749809265137,4.637499809265137
00-0030470,V.McDonald,2018,TE,8.3125,4.4375
00-0032009,A.Humphries,2018,WR,11.793749809265137,4.40625
00-0033025,J.Richard,2018,RB,9.787500381469728,4.381250381469728
00-0027656,R.Gronkowski,2018,TE,8.199999809265137,4.324999809265137
00-0027696,J.Graham,2018,TE,8.162500381469727,4.287500381469727
00-0022921,L.Fitzgerald,2018,WR,11.604999542236328,4.217499732971191
00-0029137,A.Jeffery,2018,WR,11.581250190734863,4.193750381469727
00-0033921,C.Godwin,2018,WR,11.574999809265137,4.1875
00-0033893,D.Cook,2018,RB,9.5,4.09375
00-0033871,C.Davis,2018,WR,11.475000381469728,4.087500572204592
00-0027891,G.Tate,2018,WR,11.431249618530272,4.043749809265135
00-0032385,S.Shepard,2018,WR,11.40625,4.018750190734863
00-0033881,E.Engram,2018,TE,7.893750190734863,4.018750190734863
00-0029632,M.Sanu,2018,WR,11.399999618530272,4.012499809265135
00-0034855,B.Mayfield,2018,QB,15.006250381469728,4.011250495910646
00-0022803,E.Manning,2018,QB,14.997499465942385,4.002499580383303
00-0032741,P.Barber,2018,RB,9.393750190734863,3.9875001907348633
00-0033839,D.Westbrook,2018,WR,11.34375,3.9562501907348633
00-0033536,M.Williams,2018,WR,11.262499809265137,3.875
00-0032055,D.Funchess,2018,TE,7.681250095367432,3.8062500953674316
00-0033879,O.Howard,2018,TE,7.53125,3.65625
00-0030472,J.Reed,2018,TE,7.487500190734863,3.6125001907348633
00-0027966,M.Ingram,2018,RB,8.90625,3.5
00-0030656,I.Crowell,2018,RB,8.793749809265137,3.3874998092651367
00-0034349,K.Johnson,2018,RB,8.712499618530273,3.3062496185302734
00-0034845,S.Michel,2018,RB,8.693750381469727,3.2875003814697266
00-0034766,C.Herndon,2018,TE,7.075000286102295,3.200000286102295
00-0032063,M.Davis,2018,RB,8.550000190734863,3.1437501907348633
00-0031549,N.Agholor,2018,WR,10.337499618530272,2.949999809265135
00-0033891,Z.Jones,2018,WR,10.324999809265137,2.9375
00-0032257,D.Johnson,2018,RB,8.25,2.84375
00-0030513,L.Murray,2018,RB,8.243749618530273,2.8374996185302734
00-0034753,M.Andrews,2018,TE,6.699999809265137,2.8249998092651367
00-0032134,C.Uzomah,2018,TE,6.556250095367432,2.6812500953674316
00-0031280,D.Carr,2018,QB,13.547500610351562,2.5525007247924805
00-0034827,D.Moore,2018,WR,9.9375,2.5500001907348633
00-0027029,L.McCoy,2018,RB,7.949999809265137,2.5437498092651367
00-0028986,C.Keenum,2018,QB,13.431249618530272,2.4362497329711896
00-0026176,J.Nelson,2018,WR,9.793749809265137,2.40625
00-0027874,D.Thomas,2018,WR,9.793749809265137,2.40625
00-0032688,R.Chosen,2018,WR,9.774999618530272,2.387499809265135
00-0026498,M.Stafford,2018,QB,13.261250495910645,2.2662506103515625
00-0031428,A.Robinson,2018,WR,9.581250190734863,2.1937503814697266
00-0033856,L.Fournette,2018,RB,7.525000095367432,2.1187500953674316
00-0031228,T.Gabriel,2018,WR,9.493749618530272,2.106249809265135
00-0029613,D.Martin,2018,RB,7.493750095367432,2.0875000953674316
00-0026189,D.Jackson,2018,WR,9.456250190734863,2.0687503814697266
00-0029000,C.Beasley,2018,WR,9.387499809265137,2.0
00-0027942,A.Green,2018,WR,9.33750057220459,1.9500007629394531
00-0034857,J.Allen,2018,QB,12.928750038146973,1.9337501525878906
00-0031273,C.Brate,2018,TE,5.806250095367432,1.9312500953674316
00-0032782,W.Smallwood,2018,RB,7.337500095367432,1.9312500953674316
00-0030107,T.Riddick,2018,RB,7.28125,1.875
00-0034351,D.Goedert,2018,TE,5.649999618530273,1.7749996185302734
00-0033948,J.Williams,2018,RB,7.150000095367432,1.7437500953674316
00-0031051,J.Brown,2018,WR,8.993749618530273,1.6062498092651367
00-0022943,B.Watson,2018,TE,5.4375,1.5625
00-0033895,G.Everett,2018,TE,5.412499904632568,1.5374999046325684
00-0028434,D.Baldwin,2018,WR,8.862500190734863,1.4750003814697266
00-0032135,J.James,2018,TE,5.268750190734863,1.3937501907348633
00-0032426,A.Collins,2018,RB,6.787499904632568,1.3812499046325684
00-0033282,C.Samuel,2018,WR,8.675000190734863,1.2875003814697266
00-0029664,J.Gordon,2018,WR,8.668749809265137,1.28125
00-0031503,J.Winston,2018,QB,12.236249923706056,1.2412500381469744
00-0032160,T.Williams,2018,WR,8.612500190734863,1.2250003814697266
00-0034365,I.Thomas,2018,TE,5.081250190734863,1.2062501907348633
00-0034348,C.Sutton,2018,WR,8.518750190734863,1.1312503814697266
00-0025418,G.Olsen,2018,TE,5.006249904632568,1.1312499046325684
00-0032950,C.Wentz,2018,QB,12.103750228881836,1.108750343322754
00-0033908,C.Kupp,2018,WR,8.443750381469727,1.0562505722045898
00-0030085,K.Stills,2018,WR,8.401249885559082,1.0137500762939453
00-0030663,W.Snead,2018,WR,8.399999618530273,1.0124998092651367
00-0023500,F.Gore,2018,RB,6.412499904632568,1.0062499046325684
00-0034838,R.Freeman,2018,RB,6.331250190734863,0.9250001907348633
00-0026986,M.Crabtree,2018,WR,8.293749809265137,0.90625
00-0034772,A.Callaway,2018,WR,8.268750190734863,0.8812503814697266
00-0024221,V.Davis,2018,TE,4.731250286102295,0.8562502861022949
00-0033658,B.Jarwin,2018,TE,4.731249809265137,0.8562498092651367
00-0021547,A.Gates,2018,TE,4.706249713897705,0.8312497138977051
00-0031339,D.Moncrief,2018,WR,8.175000190734863,0.7875003814697266
00-0033611,R.Seals-Jones,2018,TE,4.643750190734863,0.7687501907348633
00-0030874,D.Williams,2018,RB,6.162499904632568,0.7562499046325684
00-0030578,C.Patterson,2018,RB,6.15625,0.75
00-0031045,C.Hyde,2018,RB,6.150000095367432,0.7437500953674316
00-0032394,N.Vannett,2018,TE,4.618750095367432,0.7437500953674316
00-0034378,I.Smith,2018,RB,6.106249809265137,0.6999998092651367
00-0031075,A.Blue,2018,RB,6.081250190734863,0.6750001907348633
00-0030456,G.Bernard,2018,RB,5.993750095367432,0.5875000953674316
00-0026035,D.Amendola,2018,WR,7.963749885559082,0.5762500762939453
00-0032227,J.Heuerman,2018,TE,4.443749904632568,0.5687499046325684
00-0031577,J.Allen,2018,RB,5.849999904632568,0.44374990463256836
00-0034775,C.Kirk,2018,WR,7.71875,0.3312501907348633
00-0030404,C.Thompson,2018,RB,5.724999904632568,0.31874990463256836
00-0023853,M.Prater,2018,K,0.270000010728836,0.270000010728836
00-0031136,C.Boswell,2018,K,0.2549999952316284,0.2549999952316284
00-0034420,J.Thomas,2018,TE,4.09375,0.21875
00-0034184,G.Edwards,2018,RB,5.612500190734863,0.20625019073486328
00-0033110,T.Higbee,2018,TE,4.074999809265137,0.19999980926513672
00-0034331,J.Samuels,2018,RB,5.59375,0.1875
00-0034353,A.Miller,2018,WR,7.513750076293945,0.1262502670288086
00-0033858,J.Smith,2018,TE,3.987499952316284,0.11249995231628418
00-0032972,D.Booker,2018,RB,5.487500190734863,0.08125019073486328
00-0025580,M.Crosby,2018,K,0.0,0.0
00-0025944,S.Hauschka,2018,K,0.0,0.0
00-0027325,L.Blount,2018,RB,5.40625,0.0
00-0031299,J.Matthews,2018,TE,3.875,0.0
00-0032268,M.Mariota,2018,QB,10.994999885559082,0.0
00-0032977,R.Higgins,2018,WR,7.387499809265137,0.0
00-0033295,E.McGuire,2018,RB,5.368750095367432,-0.03749990463256836
00-0032355,C.Rogers,2018,WR,7.318749904632568,-0.06874990463256836
00-0027973,A.Dalton,2018,QB,10.908750534057615,-0.08624935150146662
00-0030181,J.Doyle,2018,TE,3.78125,-0.09375
00-0029587,R.Ellison,2018,TE,3.762500047683716,-0.11249995231628418
00-0029293,M.Jones,2018,WR,7.237500190734863,-0.14999961853027344
00-0031407,B.Bortles,2018,QB,10.826250076293944,-0.1687498092651385
00-0031325,S.Watkins,2018,WR,7.193749904632568,-0.19374990463256836
00-0028083,J.Rodgers,2018,RB,5.1875,-0.21875
00-0033307,K.Bourne,2018,WR,7.168749809265137,-0.21875
00-0034457,J.Adams,2018,RB,5.118750095367432,-0.28749990463256836
00-0033725,C.Clement,2018,RB,5.068749904632568,-0.33750009536743164
00-0032141,G.Swaim,2018,TE,3.512500047683716,-0.3624999523162842
00-0031744,M.LaCosse,2018,TE,3.4375,-0.4375
00-0034272,M.Valdes-Scantling,2018,WR,6.9375,-0.4499998092651367
00-0025399,M.Lynch,2018,RB,4.9375,-0.46875
00-0030108,R.Griffin,2018,TE,3.40625,-0.46875
00-0030414,S.Ware,2018,RB,4.9375,-0.46875
00-0034869,S.Darnold,2018,QB,10.506250381469728,-0.4887495040893537
00-0030443,L.Toilolo,2018,TE,3.331249952316284,-0.5437500476837158
00-0032760,J.Doctson,2018,WR,6.824999809265137,-0.5625
00-0023682,R.Fitzpatrick,2018,QB,10.364999771118164,-0.630000114440918
00-0031166,S.Roberts,2018,WR,6.681250095367432,-0.7062497138977051
00-0033127,W.Fuller,2018,WR,6.643750190734863,-0.7437496185302734
00-0028237,C.Hogan,2018,WR,6.637499809265137,-0.75
00-0033627,J.Croom,2018,TE,3.118750095367432,-0.7562499046325679
00-0027531,C.Ivory,2018,RB,4.625,-0.78125
00-0033455,A.Firkser,2018,TE,2.96875,-0.90625
00-0034860,D.Pettis,2018,WR,6.46875,-0.9187498092651367
00-0030155,D.Harris,2018,TE,2.900000095367432,-0.9749999046325679
00-0028142,V.Green,2018,TE,2.875,-1.0
00-0034750,R.Penny,2018,RB,4.400000095367432,-1.0062499046325684
00-0031951,J.O'Shaughnessy,2018,TE,2.837500095367432,-1.037499904632568
00-0027675,E.Dickson,2018,TE,2.825000047683716,-1.0499999523162842
00-0033589,D.Moore,2018,WR,6.3125,-1.0749998092651367
00-0034765,T.Smith,2018,WR,6.293749809265137,-1.09375
00-0031598,N.Boyle,2018,TE,2.768749952316284,-1.1062500476837158
00-0033943,J.Reynolds,2018,WR,6.25,-1.1374998092651367
00-0034796,L.Jackson,2018,QB,9.8462495803833,-1.1487503051757812
00-0029141,A.Morris,2018,RB,4.256249904632568,-1.1500000953674316
00-0028042,L.Stocker,2018,TE,2.71875,-1.15625
00-0029854,C.Anderson,2018,RB,4.212500095367432,-1.1937499046325684
00-0034510,R.Foster,2018,WR,6.193749904632568,-1.1937499046325684
00-0027985,L.Kendricks,2018,TE,2.625,-1.25
00-0034764,M.Gallup,2018,WR,6.106249809265137,-1.28125
00-0029572,J.Wright,2018,WR,6.099999904632568,-1.2874999046325684
00-0029738,D.Fells,2018,TE,2.543750047683716,-1.3312499523162842
00-0030669,A.Wilson,2018,WR,6.048749923706055,-1.338749885559082
00-0030216,J.Hill,2018,TE,2.53125,-1.34375
00-0034829,M.Gesicki,2018,TE,2.512500047683716,-1.3624999523162842
00-0034364,J.Akins,2018,TE,2.46875,-1.40625
00-0030549,T.Eifert,2018,TE,2.431250095367432,-1.443749904632568
00-0034681,C.Edmonds,2018,RB,3.943750143051148,-1.462499856948852
00-0028112,C.Clay,2018,TE,2.337500095367432,-1.537499904632568
00-0031102,K.Bibbs,2018,RB,3.8625001907348633,-1.5437498092651367
00-0031558,M.Williams,2018,TE,2.3187499046325684,-1.5562500953674316
00-0033559,M.Roberts,2018,TE,2.3125,-1.5625
00-0034440,J.Jackson,2018,RB,3.818749904632568,-1.587500095367432
00-0023564,D.Sproles,2018,RB,3.8125,-1.59375
00-0028064,B.Powell,2018,RB,3.768749952316284,-1.6375000476837158
00-0034159,W.Dissly,2018,TE,2.2249999046325684,-1.6500000953674316
00-0034400,J.Wilkins,2018,RB,3.756249904632568,-1.650000095367432
00-0028097,L.Smith,2018,TE,2.206249952316284,-1.6687500476837158
00-0034830,H.Hurst,2018,TE,2.206249952316284,-1.6687500476837158
00-0032128,C.Conley,2018,WR,5.712500095367432,-1.674999713897705
00-0030854,E.Swoope,2018,TE,2.168750047683716,-1.7062499523162842
00-0033357,T.Hill,2018,TE,2.0974998474121094,-1.7775001525878906
00-0034011,D.Arnold,2018,TE,2.0625,-1.8125
00-0033681,K.Cole,2018,WR,5.568749904632568,-1.8187499046325684
00-0031665,Z.Zenner,2018,RB,3.5687499046325684,-1.8375000953674316
00-0033217,M.Alie-Cox,2018,TE,2.018749952316284,-1.8562500476837158
00-0033911,T.Taylor,2018,WR,5.474999904632568,-1.9124999046325684
00-0033953,J.Leggett,2018,TE,1.962499976158142,-1.912500023841858
00-0030068,M.Goodwin,2018,WR,5.462500095367432,-1.924999713897705
00-0031023,Q.Enunwa,2018,WR,5.431250095367432,-1.956249713897705
00-0028002,R.Cobb,2018,WR,5.393750190734863,-1.9937496185302734
00-0032411,K.Dixon,2018,RB,3.400000095367432,-2.006249904632568
00-0029701,R.Tannehill,2018,QB,8.9350004196167,-2.059999465942383
00-0033460,J.Ross,2018,WR,5.306250095367432,-2.081249713897705
00-0031941,J.Crowder,2018,WR,5.175000190734863,-2.2124996185302734
00-0028903,G.Celek,2018,TE,1.625,-2.25
00-0031418,A.Seferian-Jenkins,2018,TE,1.625,-2.25
00-0032208,P.Dorsett,2018,WR,5.118750095367432,-2.268749713897705
00-0030288,R.Burkhead,2018,RB,3.106250047683716,-2.299999952316284
00-0031585,M.Pruitt,2018,TE,1.5749999284744265,-2.3000000715255737
00-0034164,T.Cannon,2018,RB,3.043750047683716,-2.362499952316284
00-0027215,L.Paulsen,2018,TE,1.506250023841858,-2.368749976158142
00-0023436,A.Smith,2018,QB,8.625,-2.369999885559082
00-0029159,J.Kearse,2018,WR,5.006249904632568,-2.3812499046325684
00-0031167,S.Simonson,2018,TE,1.475000023841858,-2.399999976158142
00-0034383,D.Schultz,2018,TE,1.475000023841858,-2.399999976158142
00-0026158,J.Flacco,2018,QB,8.568750381469727,-2.4262495040893555
00-0032117,N.O'Leary,2018,TE,1.412500023841858,-2.462499976158142
00-0030089,L.Willson,2018,TE,1.3562499284744265,-2.5187500715255737
00-0031260,L.Thomas,2018,TE,1.2687500715255735,-2.6062499284744263
00-0028411,D.Inman,2018,WR,4.775000095367432,-2.612499713897705
00-0033950,W.Gallman,2018,RB,2.78125,-2.625
00-0034115,J.Wilson,2018,RB,2.775000095367432,-2.631249904632568
00-0029119,D.Carrier,2018,TE,1.2312500476837158,-2.643749952316284
00-0028093,N.Paul,2018,TE,1.21875,-2.65625
00-0031590,J.Ajayi,2018,RB,2.712500095367432,-2.693749904632568
00-0032775,D.Robinson,2018,WR,4.675000190734863,-2.7124996185302734
00-0033080,S.DeValve,2018,TE,1.1500000953674316,-2.7249999046325684
00-0031068,R.Grant,2018,WR,4.650000095367432,-2.737499713897705
00-0033896,A.Shaheen,2018,TE,1.1124999523162842,-2.762500047683716
00-0033757,R.Tonyan,2018,TE,1.1062499284744265,-2.7687500715255737
00-0032200,T.Montgomery,2018,WR,4.550000190734863,-2.8374996185302734
00-0033564,J.Butt,2018,TE,1.03125,-2.84375
00-0027873,J.Gresham,2018,TE,1.024999976158142,-2.850000023841858
00-0032791,J.Grant,2018,WR,4.518750190734863,-2.8687496185302734
00-0031610,D.Waller,2018,TE,0.975000023841858,-2.899999976158142
00-0031690,E.Tomlinson,2018,TE,0.9500000476837158,-2.924999952316284
00-0033528,J.Sprinkle,2018,TE,0.9437499642372132,-2.931250035762787
00-0032778,T.Sharpe,2018,WR,4.450000286102295,-2.937499523162842
00-0032951,L.Treadwell,2018,WR,4.449999809265137,-2.9375
00-0031806,M.Brown,2018,RB,2.462500095367432,-2.943749904632568
00-0032062,B.Bell,2018,TE,0.918749988079071,-2.956250011920929
00-0031035,X.Grimble,2018,TE,0.912500023841858,-2.962499976158142
00-0031687,R.Mostert,2018,RB,2.4124999046325684,-2.9937500953674316
00-0031959,M.Murphy,2018,RB,2.4124999046325684,-2.9937500953674316
00-0028116,A.Robinson,2018,WR,4.381249904632568,-3.0062499046325684
00-0031609,A.Derby,2018,TE,0.8624999523162842,-3.012500047683716
00-0033562,R.Switzer,2018,WR,4.337500095367432,-3.049999713897705
00-0034799,K.Ballage,2018,RB,2.356250047683716,-3.049999952316284
00-0031484,C.Manhertz,2018,TE,0.824999988079071,-3.050000011920929
00-0031359,K.Benjamin,2018,WR,4.3125,-3.0749998092651367
00-0034270,T.Conklin,2018,TE,0.7937500476837158,-3.081249952316284
00-0032634,D.Grinnage,2018,TE,0.7562500238418579,-3.118749976158142
00-0033421,A.Auclair,2018,TE,0.737500011920929,-3.137499988079071
00-0032599,J.Perkins,2018,TE,0.731249988079071,-3.143750011920929
00-0034798,D.Smythe,2018,TE,0.6875,-3.1875
00-0031788,M.Lengel,2018,TE,0.668749988079071,-3.206250011920929
00-0032120,N.Sterling,2018,TE,0.668749988079071,-3.206250011920929
00-0033251,Z.Pascal,2018,WR,4.175000190734863,-3.2124996185302734
00-0034370,D.Hamilton,2018,WR,4.143750190734863,-3.2437496185302734
00-0033576,E.Saubert,2018,TE,0.612500011920929,-3.262499988079071
00-0033319,N.Mullens,2018,QB,7.71750020980835,-3.2774996757507324
00-0031900,R.Smith,2018,RB,2.106250047683716,-3.299999952316284
00-0024389,De.Walker,2018,TE,0.574999988079071,-3.300000011920929
00-0033387,J.Hollister,2018,TE,0.574999988079071,-3.300000011920929
00-0032430,D.Morgan,2018,TE,0.5375000238418579,-3.337499976158142
00-0032089,B.Parker,2018,TE,0.518750011920929,-3.356249988079071
00-0032214,T.Kroft,2018,TE,0.4749999940395355,-3.4000000059604645
00-0033054,R.Gathers,2018,TE,0.46875,-3.40625
00-0029091,B.Sowell,2018,TE,0.449999988079071,-3.425000011920929
00-0032661,B.Braunecker,2018,TE,0.449999988079071,-3.425000011920929
00-0030780,R.Hewitt,2018,TE,0.4437499940395355,-3.4312500059604645
00-0024243,M.Lewis,2018,TE,0.4312500059604645,-3.4437499940395355
00-0027139,J.Phillips,2018,TE,0.4250000119209289,-3.449999988079071
00-0034366,K.Coutee,2018,WR,3.918750047683716,-3.468749761581421
00-0032626,G.Allison,2018,WR,3.893749952316284,-3.4937498569488525
00-0032054,B.Perriman,2018,WR,3.887500047683716,-3.499999761581421
00-0029689,D.Allen,2018,TE,0.356249988079071,-3.518750011920929
00-0034532,J.Franks,2018,TE,0.356249988079071,-3.518750011920929
00-0030821,A.Hurns,2018,WR,3.84375,-3.5437498092651367
00-0029414,O.Charles,2018,TE,0.3312500119209289,-3.543749988079071
00-0029239,B.Bolden,2018,RB,1.837499976158142,-3.568750023841858
00-0031547,D.Parker,2018,WR,3.806250095367432,-3.5812497138977046
00-0030300,J.Brown,2018,WR,3.787499904632568,-3.599999904632569
00-0033375,T.Patrick,2018,WR,3.762500047683716,-3.624999761581421
00-0031326,B.Ellington,2018,WR,3.724999904632568,-3.662499904632569
00-0033696,S.Culkin,2018,TE,0.2125000059604644,-3.6624999940395355
00-0034073,R.Dwelley,2018,TE,0.2125000059604644,-3.6624999940395355
00-0033742,T.Swoopes,2018,TE,0.2062499970197677,-3.6687500029802322
00-0032362,M.Harris,2018,WR,3.712499856948853,-3.6749999523162837
00-0032508,H.Valles,2018,TE,0.1937499940395355,-3.6812500059604645
00-0031257,P.Richardson,2018,WR,3.693749904632568,-3.693749904632569
00-0030422,D.Sims,2018,TE,0.1812500059604644,-3.6937499940395355
00-0032745,A.Cross,2018,TE,0.1812500059604644,-3.6937499940395355
00-0026345,P.Garcon,2018,WR,3.662499904632568,-3.724999904632569
00-0034101,M.Flanagan,2018,TE,0.1500000059604644,-3.7249999940395355
00-0031384,R.Rodgers,2018,TE,0.1062500029802322,-3.7687499970197678
00-0031922,K.Lee,2018,TE,0.09375,-3.78125
00-0033246,J.Mundt,2018,TE,0.09375,-3.78125
00-0031462,J.Cunningham,2018,TE,0.0,-3.875
00-0032562,C.Wick,2018,TE,0.0,-3.875
00-0033258,D.Daniels,2018,TE,0.0,-3.875
00-0033292,T.Taylor,2018,WR,3.46875,-3.9187498092651367
00-0028074,A.Sherman,2018,RB,1.4875000715255735,-3.9187499284744263
00-0034343,J.Rosen,2018,QB,7.057499885559082,-3.9375
00-0033373,T.Mizzell,2018,RB,1.462499976158142,-3.943750023841858
00-0033466,I.McKenzie,2018,WR,3.40625,-3.9812498092651367
00-0034279,E.St. Brown,2018,WR,3.393749952316284,-3.9937498569488525
00-0028825,T.Pryor,2018,WR,3.3187499046325684,-4.068749904632568
00-0025396,T.Ginn,2018,WR,3.28125,-4.106249809265137
00-0034816,R.Jones,2018,RB,1.2937500476837158,-4.112499952316284
00-0031731,C.Grant,2018,RB,1.2312500476837158,-4.174999952316284
00-0027996,T.Smith,2018,WR,3.125,-4.262499809265137
00-0031189,T.Jones,2018,WR,3.125,-4.262499809265137
00-0034253,D.Hilliard,2018,RB,1.09375,-4.3125
00-0031599,C.Artis-Payne,2018,RB,1.087499976158142,-4.318750023841858
00-0034301,D.Williams,2018,RB,1.006250023841858,-4.399999976158142
00-0033567,B.Hill,2018,RB,0.975000023841858,-4.431249976158142
00-0032813,E.Penny,2018,RB,0.96875,-4.4375
00-0032450,D.Washington,2018,RB,0.962499976158142,-4.443750023841858
00-0033296,A.Armah,2018,RB,0.9375,-4.46875
00-0028011,S.Ridley,2018,RB,0.925000011920929,-4.481249988079071
00-0032398,C.Moore,2018,WR,2.893749952316284,-4.4937498569488525
00-0034487,T.Sherfield,2018,WR,2.875,-4.512499809265137
00-0031373,M.Bryant,2018,WR,2.868750095367432,-4.518749713897705
00-0034317,K.Kirkwood,2018,WR,2.868750095367432,-4.518749713897705
00-0031285,D.Freeman,2018,RB,0.8812500238418579,-4.524999976158142
00-0034509,K.Ford,2018,RB,0.8125,-4.59375
00-0031763,D.Carter,2018,WR,2.768749952316284,-4.6187498569488525
00-0034808,J.Kelly,2018,RB,0.7562500238418579,-4.649999976158142
00-0034676,J.Washington,2018,WR,2.7312498092651367,-4.65625
00-0030668,C.West,2018,RB,0.7250000238418579,-4.681249976158142
00-0032940,D.Washington,2018,RB,0.7125000357627869,-4.693749964237213
00-0033789,T.Logan,2018,RB,0.6812499761581421,-4.725000023841858
00-0033925,D.Foreman,2018,RB,0.668749988079071,-4.737500011920929
00-0030670,B.Fowler,2018,WR,2.618750095367432,-4.768749713897705
00-0033933,C.Williams,2018,WR,2.5625,-4.824999809265137
00-0030147,R.Shepard,2018,WR,2.549999952316284,-4.8374998569488525
00-0029269,T.Benjamin,2018,WR,2.543750047683716,-4.843749761581421
00-0034565,D.Newsome,2018,RB,0.550000011920929,-4.856249988079071
00-0030465,K.Barner,2018,RB,0.5249999761581421,-4.881250023841858
00-0032964,B.Marshall,2018,RB,0.4937499761581421,-4.912500023841858
00-0030525,T.Austin,2018,WR,2.46875,-4.918749809265137
00-0031570,J.Hardy,2018,WR,2.456249952316284,-4.9312498569488525
00-0032543,A.Erickson,2018,WR,2.431250095367432,-4.956249713897705
00-0034221,R.Thomas,2018,RB,0.4437500238418579,-4.962499976158142
00-0034208,M.Boone,2018,RB,0.4250000119209289,-4.981249988079071
00-0033526,S.Perine,2018,RB,0.418749988079071,-4.987500011920929
00-0032404,T.Ervin,2018,RB,0.40625,-5.0
00-0034621,S.Wilson,2018,RB,0.4000000059604645,-5.0062499940395355
00-0027691,A.Roberts,2018,WR,2.368750095367432,-5.018749713897705
00-0032104,A.Abdullah,2018,RB,0.3687500059604645,-5.0374999940395355
00-0027681,B.LaFell,2018,WR,2.34375,-5.043749809265137
00-0032795,C.Core,2018,WR,2.3125,-5.074999809265137
00-0032393,C.Prosise,2018,RB,0.3062499761581421,-5.100000023841858
00-0034747,M.Ateman,2018,WR,2.275000095367432,-5.112499713897705
00-0031344,C.Latimer,2018,WR,2.25,-5.137499809265137
00-0030433,M.Gillislee,2018,RB,0.262499988079071,-5.143750011920929
00-0034201,D.Turner,2018,RB,0.2562500238418579,-5.149999976158142
00-0031301,J.Hill,2018,RB,0.2562499940395355,-5.1500000059604645
00-0029795,B.Cunningham,2018,RB,0.2437500059604644,-5.1624999940395355
00-0034427,Da.Williams,2018,RB,0.2250000089406967,-5.181249991059303
00-0026213,J.Charles,2018,RB,0.2125000059604644,-5.1937499940395355
00-0029205,T.Cadet,2018,RB,0.2000000029802322,-5.206249997019768
00-0031569,J.Langford,2018,RB,0.15625,-5.25
00-0034286,R.James,2018,WR,2.125,-5.262499809265137
00-0029319,J.Bellamy,2018,WR,2.106250047683716,-5.281249761581421
00-0033760,J.Davis,2018,RB,0.1187499985098838,-5.287500001490116
00-0026153,J.Stewart,2018,RB,0.1062500029802322,-5.299999997019768
00-0030711,D.Fluellen,2018,RB,0.1000000014901161,-5.306249998509884
00-0033049,D.Jackson,2018,RB,0.1000000014901161,-5.306249998509884
00-0032593,B.Wilds,2018,RB,0.09375,-5.3125
00-0029388,D.Thompson,2018,WR,2.0687499046325684,-5.318749904632568
00-0032975,J.Williams,2018,RB,0.0687500014901161,-5.337499998509884
00-0030432,C.Michael,2018,RB,0.0562499985098838,-5.350000001490116
00-0032371,R.Kelley,2018,RB,0.050000000745058,-5.356249999254942
00-0032602,J.McKissic,2018,RB,0.050000000745058,-5.356249999254942
00-0033955,J.McNichols,2018,RB,0.025000000372529,-5.381249999627471
00-0029273,R.Turbin,2018,RB,0.018750000745058,-5.387499999254942
00-0028063,T.Jones,2018,RB,0.0,-5.40625
00-0033581,D.Henderson,2018,RB,-0.0062500000931322,-5.412500000093132
00-0033094,M.Hall,2018,WR,1.931250095367432,-5.456249713897705
00-0033382,A.Carr,2018,WR,1.918750047683716,-5.468749761581421
00-0024334,B.Marshall,2018,WR,1.912500023841858,-5.474999785423279
00-0034777,D.Chark,2018,WR,1.837499976158142,-5.549999833106995
00-0028263,A.Holmes,2018,WR,1.825000047683716,-5.562499761581421
00-0031972,D.Jennings,2018,WR,1.7587499618530271,-5.628749847412109
00-0029638,M.Floyd,2018,WR,1.75,-5.637499809265137
00-0034273,D.Ratley,2018,WR,1.712499976158142,-5.674999833106995
00-0032436,J.Driskel,2018,QB,5.319999694824219,-5.675000190734863
00-0032707,A.Jones,2018,WR,1.5625,-5.824999809265137
00-0031912,C.Meredith,2018,WR,1.5250000953674316,-5.862499713897705
00-0031787,J.Kumerow,2018,WR,1.5187500715255735,-5.868749737739563
00-0034646,B.Powell,2018,WR,1.5187499523162842,-5.8687498569488525
00-0034653,D.Burnett,2018,WR,1.5187499523162842,-5.8687498569488525
00-0034339,T.Quinn,2018,WR,1.40625,-5.981249809265137
00-0032980,M.Johnson,2018,WR,1.375,-6.012499809265137
00-0031782,E.Rogers,2018,WR,1.34375,-6.043749809265137
00-0034631,V.Smith,2018,WR,1.256250023841858,-6.131249785423279
00-0029567,N.Foles,2018,QB,4.795000076293945,-6.199999809265137
00-0033060,L.Carroo,2018,WR,1.1749999523162842,-6.2124998569488525
00-0030516,B.Butler,2018,WR,1.125,-6.262499809265137
00-0033936,C.Beathard,2018,QB,4.686249732971191,-6.308750152587891
00-0028114,D.Harris,2018,WR,1.0750000476837158,-6.312499761581421
00-0034652,C.Batson,2018,WR,1.0187499523162842,-6.3687498569488525
00-0032881,T.Lewis,2018,WR,1.0,-6.387499809265137
00-0032112,J.Nelson,2018,WR,0.8374999761581421,-6.549999833106995
00-0031545,K.White,2018,WR,0.824999988079071,-6.562499821186066
00-0032966,C.Coleman,2018,WR,0.7875000238418579,-6.599999785423279
00-0031060,D.Thomas,2018,WR,0.78125,-6.606249809265137
00-0034411,R.Gage,2018,WR,0.768750011920929,-6.618749797344208
00-0028497,K.Aiken,2018,WR,0.7062499523162842,-6.6812498569488525
00-0033591,N.Brown,2018,WR,0.6499999761581421,-6.737499833106995
00-0029682,B.Osweiler,2018,QB,4.24875020980835,-6.746249675750732
00-0032170,R.Greene,2018,WR,0.625,-6.762499809265137
00-0033434,B.Wilson,2018,WR,0.5750000476837158,-6.812499761581421
00-0034258,D.Willies,2018,WR,0.5687500238418579,-6.818749785423279
00-0034407,R.McCloud,2018,WR,0.5625,-6.824999809265137
00-0034499,J.Davis,2018,WR,0.5,-6.887499809265137
00-0034309,C.Beebe,2018,WR,0.4937499761581421,-6.893749833106995
00-0034686,A.Tate,2018,WR,0.46875,-6.918749809265137
00-0029580,R.Matthews,2018,WR,0.4625000059604645,-6.924999803304672
00-0034426,J.Wims,2018,WR,0.449999988079071,-6.937499821186066
00-0034489,J.Tolliver,2018,WR,0.418749988079071,-6.968749821186066
00-0033573,S.Gibson,2018,WR,0.3625000119209289,-7.024999797344208
00-0034054,R.Cracraft,2018,WR,0.3375000059604645,-7.049999803304672
00-0030521,J.Hunter,2018,WR,0.3187499940395355,-7.068749815225601
00-0029640,B.Quick,2018,WR,0.3000000119209289,-7.087499797344208
00-0032959,C.Peake,2018,WR,0.28125,-7.106249809265137
00-0034867,M.Turner,2018,WR,0.25,-7.137499809265137
00-0030542,T.Williams,2018,WR,0.2375000119209289,-7.149999797344208
00-0029848,N.Williams,2018,WR,0.2312500029802322,-7.1562498062849045
00-0034854,K.Hodge,2018,WR,0.2312500029802322,-7.1562498062849045
00-0034268,J.Moore,2018,WR,0.21875,-7.168749809265137
00-0034052,B.Zylstra,2018,WR,0.2062499970197677,-7.181249812245369
00-0033474,G.Dieter,2018,WR,0.2000000029802322,-7.1874998062849045
00-0028091,J.Kerley,2018,WR,0.1687500029802322,-7.2187498062849045
00-0033379,T.White,2018,WR,0.1500000059604644,-7.237499803304672
00-0032166,S.Coates,2018,WR,0.1375000029802322,-7.2499998062849045
00-0033859,J.Malone,2018,WR,0.1375000029802322,-7.2499998062849045
00-0033306,V.Bolden,2018,WR,0.125,-7.262499809265137
00-0034512,C.Phillips,2018,WR,0.1187499985098838,-7.268749810755253
00-0031868,D.Byrd,2018,WR,0.1124999970197677,-7.274999812245369
00-0033441,K.Hatcher,2018,WR,0.1124999970197677,-7.274999812245369
00-0034710,D.Kidsy,2018,WR,0.1124999970197677,-7.274999812245369
00-0033481,M.Kemp,2018,WR,0.1062500029802322,-7.2812498062849045
00-0033572,J.Agnew,2018,WR,0.1062500029802322,-7.2812498062849045
00-0034521,A.Lazard,2018,WR,0.1062500029802322,-7.2812498062849045
00-0034386,J.Watson,2018,WR,0.09375,-7.293749809265137
00-0033464,J.Chesson,2018,WR,0.0812500044703483,-7.306249804794788
00-0034560,J.Jones,2018,WR,0.0812499970197677,-7.306249812245369
00-0026983,D.Heyward-Bey,2018,WR,0.0750000029802322,-7.3124998062849045
00-0026901,M.Wallace,2018,WR,0.0,-7.387499809265137
00-0030737,F.Martino,2018,WR,0.0,-7.387499809265137
00-0031953,G.Davis,2018,WR,0.0,-7.387499809265137
00-0032935,J.Holton,2018,WR,0.0,-7.387499809265137
00-0033111,P.Cooper,2018,WR,0.0,-7.387499809265137
00-0033471,I.Ford,2018,WR,0.0,-7.387499809265137
00-0033773,R.McCarron,2018,WR,0.0,-7.387499809265137
00-0033968,S.Coley,2018,WR,0.0,-7.387499809265137
00-0034593,C.Lacy,2018,WR,0.0,-7.387499809265137
00-0029129,R.Streater,2018,WR,-0.0687500014901161,-7.456249810755253
00-0026300,J.Johnson,2018,QB,3.0999999046325684,-7.894999980926514
00-0031345,J.Garoppolo,2018,QB,3.001250028610229,-7.9937498569488525
00-0028118,T.Taylor,2018,QB,2.588749885559082,-8.40625
00-0033104,C.Kessler,2018,QB,2.416249990463257,-8.578749895095825
00-0033357,T.Hill,2018,QB,2.0974998474121094,-8.897500038146973
00-0027948,B.Gabbert,2018,QB,2.065000057220459,-8.929999828338623
00-0026544,C.Daniel,2018,QB,1.918750047683716,-9.076249837875366
00-0027688,C.McCoy,2018,QB,1.6987500190734863,-9.296249866485596
00-0034577,K.Allen,2018,QB,1.658750057220459,-9.336249828338623
00-0030533,M.Barkley,2018,QB,1.3174999952316284,-9.677499890327454
00-0021206,J.McCown,2018,QB,1.2975000143051147,-9.697499871253967
00-0031800,T.Heinicke,2018,QB,0.8687500357627869,-10.126249849796295
00-0033958,N.Peterman,2018,QB,0.8025000095367432,-10.192499876022339
00-0027854,S.Bradford,2018,QB,0.793749988079071,-10.201249897480011
00-0030520,M.Glennon,2018,QB,0.684999942779541,-10.309999942779541
00-0031237,T.Bridgewater,2018,QB,0.4512500166893005,-10.543749868869781
00-0023645,D.Anderson,2018,QB,0.40625,-10.588749885559082
00-0033899,D.Kizer,2018,QB,0.3362500071525574,-10.658749878406525
00-0032792,N.Sudfeld,2018,QB,0.2924999892711639,-10.702499896287918
00-0027796,J.Webb,2018,QB,0.2062499970197677,-10.788749888539314
00-0023662,M.Cassel,2018,QB,0.103750005364418,-10.891249880194664
00-0031395,G.Gilbert,2018,QB,0.1000000014901161,-10.894999884068966
00-0026197,C.Henne,2018,QB,0.0912500023841857,-10.903749883174896
00-0022787,M.Schaub,2018,QB,0.0687500014901161,-10.926249884068966
00-0029665,R.Griffin,2018,QB,0.0524999983608722,-10.94249988719821
00-0033949,J.Dobbs,2018,QB,0.0512499995529651,-10.943749886006117
00-0026898,M.Sanchez,2018,QB,0.0199999958276748,-10.974999889731407
00-0031288,A.McCarron,2018,QB,0.0074999993667006,-10.987499886192381
00-0032245,S.Mannion,2018,QB,0.0012499997392296,-10.993749885819852
00-0029677,B.Weeden,2018,QB,-0.0062500000931322,-11.001249885652214
00-0033597,C.Kelly,2018,QB,-0.0062500000931322,-11.001249885652214
00-0026625,B.Hoyer,2018,QB,-0.0325000025331974,-11.02749988809228
00-0033119,J.Brissett,2018,QB,-0.0387500002980232,-11.033749885857105
00-0030565,G.Smith,2018,QB,-0.0925000011920929,-11.087499886751175
00-0034369,K.Lauletta,2018,QB,-0.1375000029802322,-11.132499888539314
00-0027925,,2018,,2.6812498569488525,
00-0028581,,2018,,0.6312500238418579,
00-0029068,,2018,,0.25,
00-0029492,,2018,,0.2062499970197677,
00-0029892,,2018,,4.212500095367432,
00-0029931,,2018,,1.40625,
00-0030112,,2018,,0.6312500238418579,
00-0030741,,2018,,0.512499988079071,
00-0030968,,2018,,0.4562500119209289,
00-0031595,,2018,,0.1000000014901161,
00-0032472,,2018,,0.3625000119209289,
00-0032794,,2018,,0.0750000029802322,
00-0032897,,2018,,0.1437499970197677,
00-0032918,,2018,,1.2687499523162842,
00-0032956,,2018,,1.6062500476837158,
00-0033374,,2018,,0.2562499940395355,
00-0034679,,2018,,0.78125,
00-0032241,T.Gurley,2017,RB,24.081249237060547,18.84999942779541
00-0030496,L.Bell,2017,RB,21.462499618530277,16.23124980926514
00-0033906,A.Kamara,2017,RB,20.024999618530277,14.79374980926514
00-0033923,K.Hunt,2017,RB,18.450000762939453,13.218750953674316
00-0032144,M.Gordon,2017,RB,18.006250381469727,12.77500057220459
00-0027793,A.Brown,2017,WR,19.393749237060547,12.31874942779541
00-0030564,D.Hopkins,2017,WR,19.36250114440918,12.287501335144043
00-0027966,M.Ingram,2017,RB,17.375,12.143750190734863
00-0027029,L.McCoy,2017,RB,16.475000381469727,11.24375057220459
00-0030506,T.Kelce,2017,TE,14.59375,10.8125
00-0027656,R.Gronkowski,2017,TE,14.212499618530272,10.431249618530272
00-0030279,K.Allen,2017,WR,17.387500762939453,10.312500953674316
00-0029263,R.Wilson,2017,QB,21.7450008392334,10.180001258850098
00-0031045,C.Hyde,2017,RB,14.612500190734863,9.381250381469727
00-0022921,L.Fitzgerald,2017,WR,16.34000015258789,9.265000343322754
00-0031382,J.Landry,2017,WR,16.25,9.175000190734863
00-0033856,L.Fournette,2017,RB,14.387499809265137,9.15625
00-0032765,M.Thomas,2017,WR,16.15625,9.081250190734863
00-0033280,C.McCaffrey,2017,RB,14.287500381469728,9.056250572204592
00-0030061,Z.Ertz,2017,TE,12.649999618530272,8.868749618530272
00-0027944,J.Jones,2017,WR,15.743749618530272,8.668749809265135
00-0032055,D.Funchess,2017,TE,12.1875,8.40625
00-0032257,D.Johnson,2017,RB,13.506250381469728,8.275000572204592
00-0033040,T.Hill,2017,WR,15.324999809265137,8.25
00-0030035,A.Thielen,2017,WR,14.981249809265137,7.90625
00-0033045,E.Elliott,2017,RB,12.699999809265137,7.46875
00-0028087,D.Lewis,2017,RB,12.6875,7.456250190734863
00-0031285,D.Freeman,2017,RB,12.512499809265137,7.28125
00-0032780,J.Howard,2017,RB,12.481249809265137,7.25
00-0027939,C.Newton,2017,QB,18.717500686645508,7.152501106262207
00-0024389,De.Walker,2017,TE,10.90625,7.125
00-0027942,A.Green,2017,WR,14.175000190734863,7.100000381469727
00-0033881,E.Engram,2017,TE,10.850000381469728,7.068750381469728
00-0029293,M.Jones,2017,WR,14.068750381469728,6.993750572204592
00-0027891,G.Tate,2017,WR,14.03125,6.956250190734863
00-0019596,T.Brady,2017,QB,18.49250030517578,6.9275007247924805
00-0027696,J.Graham,2017,TE,10.6875,6.90625
00-0023436,A.Smith,2017,QB,18.448749542236328,6.883749961853027
00-0028434,D.Baldwin,2017,WR,13.956250190734863,6.881250381469727
00-0029615,L.Miller,2017,RB,12.09375,6.862500190734863
00-0031381,D.Adams,2017,WR,13.90625,6.831250190734863
00-0030181,J.Doyle,2017,TE,10.5625,6.78125
00-0031236,B.Cooks,2017,WR,13.824999809265137,6.75
00-0032950,C.Wentz,2017,QB,17.733749389648438,6.168749809265137
00-0027981,K.Rudolph,2017,TE,9.887499809265137,6.106249809265137
00-0031376,J.McKinnon,2017,RB,11.131250381469728,5.900000572204592
00-0027874,D.Thomas,2017,WR,12.868749618530272,5.793749809265135
00-0029604,K.Cousins,2017,QB,17.35124969482422,5.786250114440918
00-0029854,C.Anderson,2017,RB,10.943750381469728,5.712500572204592
00-0023500,F.Gore,2017,RB,10.850000381469728,5.618750572204592
00-0031408,M.Evans,2017,WR,12.693750381469728,5.618750572204592
00-0026498,M.Stafford,2017,QB,17.102500915527344,5.537501335144043
00-0028009,D.Murray,2017,RB,10.71875,5.487500190734863
00-0032426,A.Collins,2017,RB,10.6875,5.456250190734863
00-0032688,R.Chosen,2017,WR,12.5,5.425000190734863
00-0022127,J.Witten,2017,TE,9.1875,5.40625
00-0022942,P.Rivers,2017,QB,16.899999618530273,5.335000038146973
00-0031588,S.Diggs,2017,WR,12.387499809265137,5.3125
00-0033857,J.Smith-Schuster,2017,WR,12.356249809265137,5.28125
00-0032058,T.Coleman,2017,RB,10.481249809265137,5.25
00-0029137,A.Jeffery,2017,WR,12.24375057220459,5.168750762939453
00-0031273,C.Brate,2017,TE,8.943750381469727,5.162500381469727
00-0031577,J.Allen,2017,RB,10.381250381469728,5.150000572204592
00-0025399,M.Lynch,2017,RB,10.262499809265137,5.03125
00-0020531,D.Brees,2017,QB,16.40999984741211,4.845000267028809
00-0022943,B.Watson,2017,TE,8.574999809265137,4.793749809265137
00-0022924,B.Roethlisberger,2017,QB,16.31624984741211,4.751250267028809
00-0033077,D.Prescott,2017,QB,16.291250228881836,4.726250648498535
00-0031549,N.Agholor,2017,WR,11.71875,4.643750190734863
00-0030513,L.Murray,2017,RB,9.84375,4.612500190734863
00-0027902,D.Bryant,2017,WR,11.649999618530272,4.574999809265135
00-0027061,J.Cook,2017,TE,8.300000190734863,4.518750190734863
00-0031387,E.Ebron,2017,TE,8.274999618530273,4.493749618530273
00-0030404,C.Thompson,2017,RB,9.712499618530272,4.481249809265135
00-0030107,T.Riddick,2017,RB,9.625,4.393750190734863
00-0033106,J.Goff,2017,QB,15.953750610351562,4.388751029968262
00-0033556,T.Cohen,2017,RB,9.508749961853027,4.277500152587891
00-0030456,G.Bernard,2017,RB,9.431249618530272,4.199999809265135
00-0033090,H.Henry,2017,TE,7.931250095367432,4.150000095367432
00-0031407,B.Bortles,2017,QB,15.604999542236328,4.039999961853027
00-0032214,T.Kroft,2017,TE,7.774999618530273,3.9937496185302734
00-0033908,C.Kupp,2017,WR,11.056249618530272,3.981249809265135
00-0029159,J.Kearse,2017,WR,11.0,3.9250001907348633
00-0029608,T.Hilton,2017,WR,10.97499942779541,3.8999996185302734
00-0028064,B.Powell,2017,RB,9.074999809265137,3.84375
00-0030085,K.Stills,2017,WR,10.918749809265137,3.84375
00-0024221,V.Davis,2017,TE,7.612499713897705,3.831249713897705
00-0029632,M.Sanu,2017,WR,10.896249771118164,3.8212499618530273
00-0030656,I.Crowell,2017,RB,8.96875,3.7375001907348633
00-0033948,J.Williams,2017,RB,8.925000190734863,3.6937503814697266
00-0032392,A.Hooper,2017,TE,7.474999904632568,3.6937499046325684
00-0026986,M.Crabtree,2017,WR,10.737500190734863,3.6625003814697266
00-0033118,K.Drake,2017,RB,8.893750190734863,3.6625003814697266
00-0033897,J.Mixon,2017,RB,8.831250190734863,3.6000003814697266
00-0028112,C.Clay,2017,TE,7.300000190734863,3.5187501907348633
00-0030068,M.Goodwin,2017,WR,10.537500381469728,3.4625005722045916
00-0030860,O.Darkwa,2017,RB,8.606249809265137,3.375
00-0031941,J.Crowder,2017,WR,10.393750190734863,3.3187503814697266
00-0028986,C.Keenum,2017,QB,14.86750030517578,3.3025007247924787
00-0031590,J.Ajayi,2017,RB,8.443750381469727,3.21250057220459
00-0032764,D.Henry,2017,RB,8.4375,3.2062501907348633
00-0031062,J.White,2017,RB,8.375,3.1437501907348633
00-0030431,R.Woods,2017,WR,10.206250190734863,3.1312503814697266
00-0025396,T.Ginn,2017,WR,9.975000381469728,2.9000005722045916
00-0028002,R.Cobb,2017,WR,9.962499618530272,2.887499809265135
00-0030288,R.Burkhead,2017,RB,8.112500190734863,2.8812503814697266
00-0033288,G.Kittle,2017,TE,6.65625,2.875
00-0031544,A.Cooper,2017,WR,9.90000057220459,2.825000762939453
00-0031418,A.Seferian-Jenkins,2017,TE,6.481249809265137,2.6999998092651367
00-0026143,M.Ryan,2017,QB,14.256250381469728,2.6912508010864276
00-0029580,R.Matthews,2017,WR,9.762499809265137,2.6875
00-0032104,A.Abdullah,2017,RB,7.775000095367432,2.543750286102295
00-0033879,O.Howard,2017,TE,6.324999809265137,2.5437498092651367
00-0026901,M.Wallace,2017,WR,9.449999809265137,2.375
00-0032135,J.James,2017,TE,6.137499809265137,2.3562498092651367
00-0028118,T.Taylor,2017,QB,13.916250228881836,2.351250648498535
00-0028067,J.Thomas,2017,TE,6.112500190734863,2.3312501907348633
00-0031257,P.Richardson,2017,WR,9.393750190734863,2.3187503814697266
00-0026184,M.Forte,2017,RB,7.525000095367432,2.293750286102295
00-0031431,M.Lee,2017,WR,9.243749618530272,2.168749809265135
00-0033885,D.Njoku,2017,TE,5.918749809265137,2.1374998092651367
00-0026153,J.Stewart,2017,RB,7.325000286102295,2.093750476837158
00-0031325,S.Watkins,2017,WR,9.143750190734863,2.0687503814697266
00-0032385,S.Shepard,2017,WR,9.03125,1.9562501907348633
00-0024243,M.Lewis,2017,TE,5.487500190734863,1.7062501907348633
00-0026035,D.Amendola,2017,WR,8.681249618530273,1.6062498092651367
00-0027973,A.Dalton,2017,QB,13.168749809265137,1.603750228881836
00-0032268,M.Mariota,2017,QB,13.154999732971191,1.5900001525878906
00-0026189,D.Jackson,2017,WR,8.662500381469727,1.5875005722045898
00-0033526,S.Perine,2017,RB,6.78125,1.5500001907348633
00-0032160,T.Williams,2017,WR,8.612500190734863,1.5375003814697266
00-0026176,J.Nelson,2017,WR,8.574999809265137,1.5
00-0027325,L.Blount,2017,RB,6.724999904632568,1.4937500953674316
00-0031280,D.Carr,2017,QB,13.02750015258789,1.4625005722045898
00-0033699,A.Ekeler,2017,RB,6.681250095367432,1.450000286102295
00-0033950,W.Gallman,2017,RB,6.556250095367432,1.325000286102295
00-0033119,J.Brissett,2017,QB,12.869999885559082,1.3050003051757812
00-0021206,J.McCown,2017,QB,12.84000015258789,1.2750005722045898
00-0033308,M.Breida,2017,RB,6.46875,1.2375001907348633
00-0033681,K.Cole,2017,WR,8.300000190734863,1.2250003814697266
00-0033951,M.Mack,2017,RB,6.456250190734863,1.2250003814697266
00-0030710,T.Burton,2017,TE,4.987500190734863,1.2062501907348633
00-0031373,M.Bryant,2017,WR,8.28125,1.2062501907348633
00-0027675,E.Dickson,2017,TE,4.981249809265137,1.1999998092651367
00-0021547,A.Gates,2017,TE,4.974999904632568,1.1937499046325684
00-0031359,K.Benjamin,2017,WR,8.25624942779541,1.1812496185302734
00-0028903,G.Celek,2017,TE,4.912499904632568,1.1312499046325684
00-0029269,T.Benjamin,2017,WR,8.143750190734863,1.0687503814697266
00-0031547,D.Parker,2017,WR,8.125,1.0500001907348633
00-0027873,J.Gresham,2017,TE,4.824999809265137,1.0437498092651367
00-0031503,J.Winston,2017,QB,12.603750228881836,1.0387506484985352
00-0033080,S.DeValve,2017,TE,4.78125,1.0
00-0032009,A.Humphries,2017,WR,8.043749809265137,0.96875
00-0032602,J.McKissic,2017,RB,6.081250190734863,0.8500003814697266
00-0029708,K.Wright,2017,WR,7.900000095367432,0.8250002861022949
00-0031068,R.Grant,2017,WR,7.893750190734863,0.8187503814697266
00-0027681,B.LaFell,2017,WR,7.800000190734863,0.7250003814697266
00-0032211,T.Lockett,2017,WR,7.768749713897705,0.6937499046325684
00-0031900,R.Smith,2017,RB,5.775000095367432,0.5437502861022949
00-0033725,C.Clement,2017,RB,5.775000095367432,0.5437502861022949
00-0032972,D.Booker,2017,RB,5.712500095367432,0.4812502861022949
00-0032760,J.Doctson,2017,WR,7.487500190734863,0.41250038146972656
00-0032725,S.Anderson,2017,TE,4.074999809265137,0.2937498092651367
00-0033025,J.Richard,2017,RB,5.506249904632568,0.27500009536743164
00-0032209,T.Yeldon,2017,RB,5.481250286102295,0.2500004768371582
00-0030287,A.Ellington,2017,RB,5.462500095367432,0.23125028610229492
00-0032117,N.O'Leary,2017,TE,4.012499809265137,0.23124980926513672
00-0027690,E.Decker,2017,WR,7.268750190734863,0.19375038146972656
00-0029697,C.Fleener,2017,TE,3.96875,0.1875
00-0030669,A.Wilson,2017,WR,7.25,0.17500019073486328
00-0030578,C.Patterson,2017,RB,5.375,0.14375019073486328
00-0022803,E.Manning,2017,QB,11.707500457763672,0.1425008773803711
00-0032741,P.Barber,2017,RB,5.356249809265137,0.125
00-0027685,E.Sanders,2017,WR,7.15625,0.08125019073486328
00-0032940,D.Washington,2017,RB,5.3125,0.08125019073486328
00-0027531,C.Ivory,2017,RB,5.293749809265137,0.0625
00-0032569,W.Lutz,2017,K,0.025000000372529,0.025000000372529
00-0026158,J.Flacco,2017,QB,11.5649995803833,0.0
00-0027994,S.Vereen,2017,RB,5.231249809265137,0.0
00-0033110,T.Higbee,2017,TE,3.78125,0.0
00-0033127,W.Fuller,2017,WR,7.074999809265137,0.0
00-0030472,J.Reed,2017,TE,3.756249904632568,-0.025000095367432085
00-0029587,R.Ellison,2017,TE,3.71875,-0.0625
00-0030542,T.Williams,2017,WR,6.956250190734863,-0.11874961853027344
00-0026201,M.Bennett,2017,TE,3.662499904632568,-0.11875009536743208
00-0031299,J.Matthews,2017,TE,3.575000047683716,-0.20624995231628418
00-0028237,C.Hogan,2017,WR,6.849999904632568,-0.22499990463256836
00-0033293,A.Jones,2017,RB,5.0,-0.23124980926513672
00-0025394,A.Peterson,2017,RB,4.931250095367432,-0.2999997138977051
00-0027125,Z.Miller,2017,TE,3.4749999046325684,-0.30625009536743164
00-0031609,A.Derby,2017,TE,3.462500095367432,-0.3187499046325679
00-0030089,L.Willson,2017,TE,3.393749952316284,-0.3875000476837158
00-0033295,E.McGuire,2017,RB,4.762499809265137,-0.46875
00-0029613,D.Martin,2017,RB,4.75,-0.4812498092651367
00-0029738,D.Fells,2017,TE,3.293750047683716,-0.4874999523162842
00-0029388,D.Thompson,2017,WR,6.5625,-0.5124998092651367
00-0033895,G.Everett,2017,TE,3.2312498092651367,-0.5500001907348633
00-0033899,D.Kizer,2017,QB,10.978750228881836,-0.5862493515014648
00-0031598,N.Boyle,2017,TE,3.1437501907348637,-0.6374998092651363
00-0031390,C.Sims,2017,RB,4.587500095367432,-0.6437497138977051
00-0033611,R.Seals-Jones,2017,TE,3.1312499046325684,-0.6500000953674316
00-0030668,C.West,2017,RB,4.575000286102295,-0.6562495231628418
00-0030300,J.Brown,2017,WR,6.418749809265137,-0.65625
00-0026995,J.Maclin,2017,WR,6.375,-0.6999998092651367
00-0029141,A.Morris,2017,RB,4.512500286102295,-0.7187495231628418
00-0030821,A.Hurns,2017,WR,6.212500095367432,-0.8624997138977051
00-0030155,D.Harris,2017,TE,2.900000095367432,-0.8812499046325679
00-0033858,J.Smith,2017,TE,2.8562498092651367,-0.9250001907348633
00-0030433,M.Gillislee,2017,RB,4.300000190734863,-0.9312496185302734
00-0033292,T.Taylor,2017,WR,6.125,-0.9499998092651367
00-0030117,K.Williams,2017,RB,4.243750095367432,-0.9874997138977051
00-0033537,D.Watson,2017,QB,10.553750038146973,-1.0112495422363281
00-0026213,J.Charles,2017,RB,4.21875,-1.0124998092651367
00-0027985,L.Kendricks,2017,TE,2.768749952316284,-1.0125000476837158
00-0032112,J.Nelson,2017,WR,5.96875,-1.1062498092651367
00-0033896,A.Shaheen,2017,TE,2.668750047683716,-1.1124999523162842
00-0033893,D.Cook,2017,RB,4.087500095367432,-1.143749713897705
00-0025418,G.Olsen,2017,TE,2.6312499046325684,-1.1500000953674316
00-0033932,K.Golladay,2017,WR,5.912499904632568,-1.1624999046325684
00-0033921,C.Godwin,2017,WR,5.78125,-1.2937498092651367
00-0028142,V.Green,2017,TE,2.4437499046325684,-1.3375000953674316
00-0030422,D.Sims,2017,TE,2.4375,-1.34375
00-0032200,T.Montgomery,2017,WR,5.724999904632568,-1.3499999046325684
00-0030470,V.McDonald,2017,TE,2.424999952316284,-1.3562500476837158
00-0029000,C.Beasley,2017,WR,5.712500095367432,-1.362499713897705
00-0027996,T.Smith,2017,WR,5.668749809265137,-1.40625
00-0031166,S.Roberts,2017,WR,5.65625,-1.4187498092651367
00-0026345,P.Garcon,2017,WR,5.625,-1.4499998092651367
00-0032659,Ro.Lewis,2017,WR,5.599999904632568,-1.4749999046325684
00-0030108,R.Griffin,2017,TE,2.299999952316284,-1.4812500476837158
00-0030874,D.Williams,2017,RB,3.725000143051148,-1.5062496662139888
00-0029795,B.Cunningham,2017,RB,3.681249856948853,-1.5499999523162837
00-0026019,D.Woodhead,2017,RB,3.662500143051148,-1.5687496662139888
00-0032227,J.Heuerman,2017,TE,2.200000047683716,-1.5812499523162842
00-0031951,J.O'Shaughnessy,2017,TE,2.181250095367432,-1.599999904632568
00-0031384,R.Rodgers,2017,TE,2.125,-1.65625
00-0033925,D.Foreman,2017,RB,3.5625,-1.6687498092651367
00-0024226,J.Cutler,2017,QB,9.864999771118164,-1.6999998092651367
00-0025549,B.Celek,2017,TE,2.0,-1.78125
00-0032394,N.Vannett,2017,TE,1.899999976158142,-1.881250023841858
00-0030443,L.Toilolo,2017,TE,1.887500047683716,-1.893749952316284
00-0031044,T.Niklas,2017,TE,1.887500047683716,-1.893749952316284
00-0030216,J.Hill,2017,TE,1.856250047683716,-1.924999952316284
00-0030670,B.Fowler,2017,WR,5.125,-1.9499998092651367
00-0031228,T.Gabriel,2017,WR,5.106249809265137,-1.96875
00-0032063,M.Davis,2017,RB,3.2562499046325684,-1.9749999046325684
00-0024268,A.Fasano,2017,TE,1.7937500476837158,-1.9874999523162842
00-0031558,M.Williams,2017,TE,1.7625000476837158,-2.018749952316284
00-0031806,M.Brown,2017,RB,3.181250095367432,-2.0499997138977046
00-0031302,C.Fiedorowicz,2017,TE,1.6687500476837158,-2.112499952316284
00-0031690,E.Tomlinson,2017,TE,1.631250023841858,-2.149999976158142
00-0032098,D.Brown,2017,TE,1.6187500953674316,-2.1624999046325684
00-0032430,D.Morgan,2017,TE,1.59375,-2.1875
00-0031189,T.Jones,2017,WR,4.868750095367432,-2.206249713897705
00-0032134,C.Uzomah,2017,TE,1.5749999284744265,-2.2062500715255737
00-0029793,B.Williams,2017,TE,1.5687499046325684,-2.2125000953674316
00-0029689,D.Allen,2017,TE,1.537500023841858,-2.243749976158142
00-0031339,D.Moncrief,2017,WR,4.818749904632568,-2.2562499046325684
00-0028083,J.Rodgers,2017,RB,2.924999952316284,-2.3062498569488525
00-0032782,W.Smallwood,2017,RB,2.918750047683716,-2.312499761581421
00-0031326,B.Ellington,2017,WR,4.731249809265137,-2.34375
00-0028093,N.Paul,2017,TE,1.4249999523162842,-2.356250047683716
00-0031075,A.Blue,2017,RB,2.7874999046325684,-2.4437499046325684
00-0031235,O.Beckham,2017,WR,4.625,-2.4499998092651367
00-0031731,C.Grant,2017,RB,2.743750095367432,-2.4874997138977046
00-0030801,B.Coleman,2017,WR,4.587500095367432,-2.487499713897705
00-0032371,R.Kelley,2017,RB,2.700000047683716,-2.531249761581421
00-0031260,L.Thomas,2017,TE,1.2312500476837158,-2.549999952316284
00-0033871,C.Davis,2017,WR,4.46875,-2.6062498092651367
00-0029634,J.Hanna,2017,TE,1.1749999523162842,-2.606250047683716
00-0033043,A.Traylor,2017,TE,1.125,-2.65625
00-0033891,Z.Jones,2017,WR,4.412499904632568,-2.6624999046325684
00-0031102,K.Bibbs,2017,RB,2.543750047683716,-2.687499761581421
00-0031051,J.Brown,2017,WR,4.368750095367432,-2.706249713897705
00-0027732,M.Hoomanawanui,2017,TE,1.0750000476837158,-2.706249952316284
00-0032429,J.Adams,2017,TE,1.0750000476837158,-2.706249952316284
00-0032256,C.Walford,2017,TE,1.0625,-2.71875
00-0033594,C.Carson,2017,RB,2.481250047683716,-2.749999761581421
00-0032977,R.Higgins,2017,WR,4.287499904632568,-2.7874999046325684
00-0028097,L.Smith,2017,TE,0.975000023841858,-2.806249976158142
00-0029319,J.Bellamy,2017,WR,4.262499809265137,-2.8125
00-0029119,D.Carrier,2017,TE,0.943750023841858,-2.837499976158142
00-0032319,R.Travis,2017,TE,0.912500023841858,-2.868749976158142
00-0029205,T.Cadet,2017,RB,2.34375,-2.8874998092651367
00-0033839,D.Westbrook,2017,WR,4.181250095367432,-2.893749713897705
00-0031035,X.Grimble,2017,TE,0.887499988079071,-2.893750011920929
00-0032120,N.Sterling,2017,TE,0.887499988079071,-2.893750011920929
00-0028987,P.Supernaw,2017,TE,0.8687500357627869,-2.912499964237213
00-0028042,L.Stocker,2017,TE,0.8125,-2.96875
00-0032966,C.Coleman,2017,WR,4.09375,-2.9812498092651367
00-0028411,D.Inman,2017,WR,4.081250190734863,-2.9937496185302734
00-0030516,B.Butler,2017,WR,4.043749809265137,-3.03125
00-0032139,B.Koyack,2017,TE,0.675000011920929,-3.106249988079071
00-0032745,A.Cross,2017,TE,0.675000011920929,-3.106249988079071
00-0033079,R.Louis,2017,WR,3.918750047683716,-3.156249761581421
00-0033869,M.Trubisky,2017,QB,8.407500267028809,-3.157499313354492
00-0033528,J.Sprinkle,2017,TE,0.581250011920929,-3.199999988079071
00-0031344,C.Latimer,2017,WR,3.856250047683716,-3.218749761581421
00-0032577,D.Foster,2017,RB,2.012500047683716,-3.218749761581421
00-0032813,E.Penny,2017,RB,2.012500047683716,-3.218749761581421
00-0031897,T.Rawls,2017,RB,2.0062499046325684,-3.2249999046325684
00-0033748,Ti.Green,2017,RB,1.993750095367432,-3.2374997138977046
00-0033387,J.Hollister,2017,TE,0.543749988079071,-3.237500011920929
00-0029391,S.McGrath,2017,TE,0.5375000238418579,-3.243749976158142
00-0033559,M.Roberts,2017,TE,0.5375000238418579,-3.243749976158142
00-0030549,T.Eifert,2017,TE,0.5374999642372131,-3.243750035762787
00-0032004,W.Tye,2017,TE,0.4875000119209289,-3.293749988079071
00-0030091,T.King,2017,WR,3.7687501907348633,-3.3062496185302734
00-0031570,J.Hardy,2017,WR,3.756249904632568,-3.318749904632569
00-0029414,O.Charles,2017,TE,0.4562500119209289,-3.324999988079071
00-0032398,C.Moore,2017,WR,3.743750095367432,-3.3312497138977046
00-0032062,B.Bell,2017,TE,0.4312499761581421,-3.350000023841858
00-0031533,R.Telfer,2017,TE,0.4124999940395355,-3.3687500059604645
00-0029740,I.Momah,2017,TE,0.3499999940395355,-3.4312500059604645
00-0033258,D.Daniels,2017,TE,0.3499999940395355,-3.4312500059604645
00-0032355,C.Rogers,2017,WR,3.637500047683716,-3.437499761581421
00-0030485,E.Lacy,2017,RB,1.787500023841858,-3.443749785423279
00-0033514,E.Byrd,2017,TE,0.3187499940395355,-3.4625000059604645
00-0023459,A.Rodgers,2017,QB,8.100000381469727,-3.464999198913574
00-0031375,T.West,2017,RB,1.756250023841858,-3.474999785423279
00-0027006,K.Britt,2017,WR,3.5999999046325684,-3.4749999046325684
00-0029664,J.Gordon,2017,WR,3.59375,-3.4812498092651367
00-0032141,G.Swaim,2017,TE,0.28125,-3.5
00-0033421,A.Auclair,2017,TE,0.28125,-3.5
00-0028116,A.Robinson,2017,WR,3.5625,-3.5124998092651367
00-0030780,R.Hewitt,2017,TE,0.262499988079071,-3.518750011920929
00-0033009,T.Boyd,2017,WR,3.53125,-3.5437498092651367
00-0031484,C.Manhertz,2017,TE,0.231249988079071,-3.550000011920929
00-0033315,C.Hikutini,2017,TE,0.21875,-3.5625
00-0029878,M.Gray,2017,TE,0.2125000059604644,-3.5687499940395355
00-0029273,R.Turbin,2017,RB,1.618749976158142,-3.6124998331069946
00-0027321,J.Cumberland,2017,TE,0.1375000029802322,-3.6437499970197678
00-0032156,T.Siemian,2017,QB,7.881249904632568,-3.6837496757507324
00-0033095,G.Griffin,2017,TE,0.0874999985098838,-3.693750001490116
00-0032650,R.Malleck,2017,TE,0.0812499970197677,-3.7000000029802322
00-0027215,L.Paulsen,2017,TE,0.0,-3.78125
00-0031744,M.LaCosse,2017,TE,0.0,-3.78125
00-0031884,G.Holmes,2017,TE,0.0,-3.78125
00-0033338,C.Carter,2017,TE,0.0,-3.78125
00-0031589,B.Hundley,2017,QB,7.777499675750732,-3.7874999046325684
00-0031025,M.Campanaro,2017,WR,3.28125,-3.7937498092651367
00-0030465,K.Barner,2017,RB,1.3937499523162842,-3.8374998569488525
00-0032417,P.Perkins,2017,RB,1.350000023841858,-3.881249785423279
00-0030525,T.Austin,2017,WR,3.168750047683716,-3.906249761581421
00-0026164,C.Johnson,2017,RB,1.2937500476837158,-3.937499761581421
00-0028074,A.Sherman,2017,RB,1.2937500476837158,-3.937499761581421
00-0028825,T.Pryor,2017,WR,3.125,-3.9499998092651367
00-0023564,D.Sproles,2017,RB,1.274999976158142,-3.9562498331069946
00-0029572,J.Wright,2017,WR,3.112499952316284,-3.9624998569488525
00-0033911,T.Taylor,2017,WR,3.087500095367432,-3.9874997138977046
00-0028091,J.Kerley,2017,WR,2.981250047683716,-4.093749761581421
00-0029731,F.Whittaker,2017,RB,1.09375,-4.137499809265137
00-0031301,J.Hill,2017,RB,1.0750000476837158,-4.156249761581421
00-0032791,J.Grant,2017,WR,2.90625,-4.168749809265137
00-0032393,C.Prosise,2017,RB,1.0624998807907104,-4.168749928474426
00-0031277,B.Oliver,2017,RB,1.056249976158142,-4.174999833106995
00-0028011,S.Ridley,2017,RB,1.0499999523162842,-4.1812498569488525
00-0032626,G.Allison,2017,WR,2.893749952316284,-4.1812498569488525
00-0031599,C.Artis-Payne,2017,RB,1.0437500476837158,-4.187499761581421
00-0030147,R.Shepard,2017,WR,2.8187501430511475,-4.256249666213989
00-0031682,T.Ward,2017,RB,0.956250011920929,-4.274999797344208
00-0032935,J.Holton,2017,WR,2.799999952316284,-4.2749998569488525
00-0033555,M.Hollins,2017,WR,2.7874999046325684,-4.287499904632568
00-0033553,J.Conner,2017,RB,0.8999999761581421,-4.331249833106995
00-0028263,A.Holmes,2017,WR,2.6875,-4.387499809265137
00-0029384,B.Rainey,2017,RB,0.8125,-4.418749809265137
00-0032187,D.Johnson,2017,RB,0.8125,-4.418749809265137
00-0032404,T.Ervin,2017,RB,0.8125,-4.418749809265137
00-0033581,D.Henderson,2017,RB,0.8062499761581421,-4.424999833106995
00-0032964,B.Marshall,2017,RB,0.800000011920929,-4.431249797344208
00-0032775,D.Robinson,2017,WR,2.637500047683716,-4.437499761581421
00-0029004,L.Dunbar,2017,RB,0.7625000476837158,-4.468749761581421
00-0033307,K.Bourne,2017,WR,2.606250047683716,-4.468749761581421
00-0033069,B.Miller,2017,WR,2.581249952316284,-4.4937498569488525
00-0031060,D.Thomas,2017,WR,2.543750047683716,-4.531249761581421
00-0033838,T.Edmunds,2017,RB,0.675000011920929,-4.556249797344208
00-0032951,L.Treadwell,2017,WR,2.5,-4.574999809265137
00-0031868,D.Byrd,2017,WR,2.481250047683716,-4.593749761581421
00-0031782,E.Rogers,2017,WR,2.431250095367432,-4.643749713897705
00-0031743,A.Hunt,2017,RB,0.5874999761581421,-4.643749833106995
00-0033567,B.Hill,2017,RB,0.581250011920929,-4.649999797344208
00-0031665,Z.Zenner,2017,RB,0.5375000238418579,-4.693749785423279
00-0029239,B.Bolden,2017,RB,0.5249999761581421,-4.706249833106995
00-0033596,M.Dayes,2017,RB,0.512499988079071,-4.718749821186066
00-0032543,A.Erickson,2017,WR,2.3499999046325684,-4.724999904632568
00-0032450,D.Washington,2017,RB,0.4874999821186065,-4.74374982714653
00-0031085,J.Prosch,2017,RB,0.4437499940395355,-4.787499815225601
00-0031959,M.Murphy,2017,RB,0.4250000119209289,-4.806249797344208
00-0033413,D.Smith,2017,RB,0.356249988079071,-4.874999821186066
00-0031332,F.Toussaint,2017,RB,0.3375000059604645,-4.893749803304672
00-0032377,J.Ferguson,2017,RB,0.3187499940395355,-4.912499815225601
00-0032048,M.Brown,2017,RB,0.3125,-4.918749809265137
00-0031209,S.Perry,2017,RB,0.2687500119209289,-4.962499797344208
00-0024334,B.Marshall,2017,WR,2.087500095367432,-4.987499713897705
00-0033282,C.Samuel,2017,WR,2.056250095367432,-5.018749713897705
00-0032208,P.Dorsett,2017,WR,2.0062499046325684,-5.068749904632568
00-0031055,A.Williams,2017,RB,0.15625,-5.074999809265137
00-0033006,J.Mickens,2017,WR,1.981250047683716,-5.093749761581421
00-0028063,T.Jones,2017,RB,0.1312499940395355,-5.099999815225601
00-0030711,D.Fluellen,2017,RB,0.1312499940395355,-5.099999815225601
00-0031939,M.Jones,2017,RB,0.0875000059604644,-5.143749803304672
00-0033384,L.Daniels,2017,RB,0.0875000059604644,-5.143749803304672
00-0033304,D.Mays,2017,RB,0.0687500089406967,-5.16249980032444
00-0031687,R.Mostert,2017,RB,0.0625,-5.168749809265137
00-0021429,C.Palmer,2017,QB,6.394999980926514,-5.169999599456787
00-0031793,T.Watson,2017,RB,0.050000000745058,-5.181249808520079
00-0033760,J.Davis,2017,RB,0.0062500000931322,-5.2249998091720045
00-0027861,C.Spiller,2017,RB,0.0,-5.231249809265137
00-0026144,D.McFadden,2017,RB,-0.0125000001862645,-5.243749809451401
00-0032298,B.Hill,2017,RB,-0.0125000001862645,-5.243749809451401
00-0032881,T.Lewis,2017,WR,1.8125,-5.262499809265137
00-0032128,C.Conley,2017,WR,1.78125,-5.293749809265137
00-0028497,K.Aiken,2017,WR,1.7687499523162842,-5.3062498569488525
00-0033943,J.Reynolds,2017,WR,1.712499976158142,-5.362499833106995
00-0031697,J.Taylor,2017,WR,1.7000000476837158,-5.374999761581421
00-0027089,L.Murphy,2017,WR,1.631250023841858,-5.443749785423279
00-0033111,P.Cooper,2017,WR,1.625,-5.449999809265137
00-0032115,K.Clay,2017,WR,1.4499999284744265,-5.6249998807907104
00-0032123,T.McBride,2017,WR,1.399999976158142,-5.674999833106995
00-0029394,B.Bersin,2017,WR,1.2999999523162842,-5.7749998569488525
00-0033536,M.Williams,2017,WR,1.28125,-5.793749809265137
00-0027057,B.Tate,2017,WR,1.256250023841858,-5.818749785423279
00-0033859,J.Malone,2017,WR,1.15625,-5.918749809265137
00-0033840,C.Hansen,2017,WR,1.149999976158142,-5.924999833106995
00-0033717,T.Rudolph,2017,WR,1.131250023841858,-5.943749785423279
00-0029638,M.Floyd,2017,WR,1.1124999523162842,-5.9624998569488525
00-0032054,B.Perriman,2017,WR,1.1062500476837158,-5.968749761581421
00-0032250,K.Williams,2017,WR,1.0875000953674316,-5.987499713897705
00-0030663,W.Snead,2017,WR,1.0749999284744265,-5.9999998807907104
00-0033936,C.Beathard,2017,QB,5.550000190734863,-6.0149993896484375
00-0033916,A.Stewart,2017,WR,1.056249976158142,-6.018749833106995
00-0033572,J.Agnew,2017,WR,1.0437500476837158,-6.031249761581421
00-0033562,R.Switzer,2017,WR,1.037500023841858,-6.037499785423279
00-0032839,H.Sharp,2017,WR,1.024999976158142,-6.049999833106995
00-0032362,M.Harris,2017,WR,1.0125000476837158,-6.062499761581421
00-0031345,J.Garoppolo,2017,QB,5.493750095367432,-6.071249485015869
00-0026983,D.Heyward-Bey,2017,WR,0.993749976158142,-6.081249833106995
00-0033937,A.Darboh,2017,WR,0.943750023841858,-6.131249785423279
00-0030737,F.Martino,2017,WR,0.9124999642372132,-6.162499845027924
00-0033114,M.Thomas,2017,WR,0.893750011920929,-6.181249797344208
00-0033094,M.Hall,2017,WR,0.875,-6.199999809265137
00-0033060,L.Carroo,2017,WR,0.8687499761581421,-6.206249833106995
00-0029640,B.Quick,2017,WR,0.8500000238418579,-6.224999785423279
00-0032724,B.Treggs,2017,WR,0.84375,-6.231249809265137
00-0033855,C.Thompson,2017,WR,0.8374999761581421,-6.237499833106995
00-0032423,T.Davis,2017,WR,0.8312500715255737,-6.243749737739563
00-0032166,S.Coates,2017,WR,0.8125,-6.262499809265137
00-0031560,J.Strong,2017,WR,0.800000011920929,-6.274999797344208
00-0030521,J.Hunter,2017,WR,0.768750011920929,-6.306249797344208
00-0032475,T.McEvoy,2017,WR,0.768750011920929,-6.306249797344208
00-0029336,B.Golden,2017,WR,0.75,-6.324999809265137
00-0033434,B.Wilson,2017,WR,0.5999999642372131,-6.474999845027924
00-0033933,C.Williams,2017,WR,0.5874999761581421,-6.487499833106995
00-0030460,M.Wheaton,2017,WR,0.5062500238418579,-6.568749785423279
00-0033352,M.Clark,2017,WR,0.5062500238418579,-6.568749785423279
00-0032980,M.Johnson,2017,WR,0.46875,-6.606249809265137
00-0031021,J.Abbrederis,2017,WR,0.4624999761581421,-6.612499833106995
00-0033466,I.McKenzie,2017,WR,0.4562500119209289,-6.618749797344208
00-0033591,N.Brown,2017,WR,0.4562500119209289,-6.618749797344208
00-0031514,Q.Bray,2017,WR,0.4312500059604645,-6.643749803304672
00-0033633,T.Gentry,2017,WR,0.40625,-6.668749809265137
00-0029033,G.Whalen,2017,WR,0.3937500119209289,-6.681249797344208
00-0032188,V.Mayle,2017,WR,0.387499988079071,-6.687499821186066
00-0029848,N.Williams,2017,WR,0.375,-6.699999809265137
00-0030743,B.Reedy,2017,WR,0.3625000119209289,-6.712499797344208
00-0028702,C.Matthews,2017,WR,0.34375,-6.731249809265137
00-0033266,J.Natson,2017,WR,0.3312500119209289,-6.743749797344208
00-0033464,J.Chesson,2017,WR,0.2374999970197677,-6.837499812245369
00-0031801,J.Leslie,2017,WR,0.2249999940395355,-6.849999815225601
00-0031511,D.White,2017,WR,0.2125000059604644,-6.862499803304672
00-0032656,D.Powe,2017,WR,0.2062499970197677,-6.868749812245369
00-0031001,J.Janis,2017,WR,0.2000000029802322,-6.8749998062849045
00-0033573,S.Gibson,2017,WR,0.1937499940395355,-6.881249815225601
00-0031428,A.Robinson,2017,WR,0.1687500029802322,-6.9062498062849045
00-0031545,K.White,2017,WR,0.1624999940395355,-6.912499815225601
00-0027654,A.Benn,2017,WR,0.1375000029802322,-6.9374998062849045
00-0027691,A.Roberts,2017,WR,0.1375000029802322,-6.9374998062849045
00-0032464,K.Raymond,2017,WR,0.1312499940395355,-6.943749815225601
00-0023682,R.Fitzpatrick,2017,QB,4.619999885559082,-6.944999694824219
00-0026224,H.Douglas,2017,WR,0.1124999970197677,-6.962499812245369
00-0030290,C.Hamilton,2017,WR,0.1124999970197677,-6.962499812245369
00-0024535,E.Weems,2017,WR,0.09375,-6.981249809265137
00-0031834,L.Pinkard,2017,WR,0.09375,-6.981249809265137
00-0032937,M.McCaffrey,2017,WR,0.0874999985098838,-6.987499810755253
00-0032959,C.Peake,2017,WR,0.0812499970197677,-6.993749812245369
00-0031315,M.Hazel,2017,WR,0.0687500014901161,-7.006249807775021
00-0032705,E.Eagan,2017,WR,0.0,-7.074999809265137
00-0032795,C.Core,2017,WR,0.0,-7.074999809265137
00-0032926,K.Brent,2017,WR,0.0,-7.074999809265137
00-0033087,M.Bundy,2017,WR,0.0,-7.074999809265137
00-0033449,I.Whitney,2017,WR,0.0,-7.074999809265137
00-0033968,S.Coley,2017,WR,0.0,-7.074999809265137
00-0033460,J.Ross,2017,WR,-0.050000000745058,-7.124999810010195
00-0029682,B.Osweiler,2017,QB,4.244999885559082,-7.319999694824219
00-0026625,B.Hoyer,2017,QB,3.992500066757202,-7.572499513626099
00-0027948,B.Gabbert,2017,QB,3.8524999618530273,-7.712499618530273
00-0031064,T.Savage,2017,QB,3.1675000190734863,-8.397499561309814
00-0025430,D.Stanton,2017,QB,3.153749942779541,-8.41124963760376
00-0025708,M.Moore,2017,QB,2.583750009536743,-8.981249570846558
00-0028090,T.Yates,2017,QB,2.126250028610229,-9.438749551773071
00-0029567,N.Foles,2017,QB,2.1112499237060547,-9.453749656677246
00-0032784,K.Hogan,2017,QB,2.1112499237060547,-9.453749656677246
00-0030520,M.Glennon,2017,QB,2.1075000762939453,-9.457499504089355
00-0027854,S.Bradford,2017,QB,1.68625009059906,-9.87874948978424
00-0031568,B.Petty,2017,QB,1.5787500143051147,-9.986249566078186
00-0031076,D.Fales,2017,QB,1.212499976158142,-10.352499604225159
00-0033108,P.Lynch,2017,QB,0.925000011920929,-10.639999568462372
00-0030526,E.Manuel,2017,QB,0.8812499642372131,-10.683749616146088
00-0033873,P.Mahomes,2017,QB,0.6474999785423279,-10.917499601840973
00-0028012,R.Mallett,2017,QB,0.6212500333786011,-10.9437495470047
00-0030565,G.Smith,2017,QB,0.6049999594688416,-10.95999962091446
00-0033958,N.Peterman,2017,QB,0.5962499976158142,-10.968749582767487
00-0030524,L.Jones,2017,QB,0.5350000262260437,-11.029999554157257
00-0032792,N.Sudfeld,2017,QB,0.4724999964237213,-11.09249958395958
00-0032245,S.Mannion,2017,QB,0.324999988079071,-11.23999959230423
00-0027796,J.Webb,2017,QB,0.3000000119209289,-11.264999568462372
00-0033104,C.Kessler,2017,QB,0.1837500035762787,-11.381249576807022
00-0031288,A.McCarron,2017,QB,0.1649999916553497,-11.399999588727951
00-0023662,M.Cassel,2017,QB,0.1550000011920929,-11.409999579191208
00-0033662,C.Rush,2017,QB,0.0862499997019767,-11.478749580681324
00-0028595,S.Tolzien,2017,QB,0.0825000032782554,-11.482499577105045
00-0031800,T.Heinicke,2017,QB,0.0375000014901161,-11.527499578893185
00-0023645,D.Anderson,2017,QB,0.0300000011920928,-11.534999579191208
00-0032630,J.Callahan,2017,QB,0.0274999998509883,-11.537499580532312
00-0028957,A.Davis,2017,QB,-0.0062500000931322,-11.571249580476433
00-0026544,C.Daniel,2017,QB,-0.0125000001862645,-11.577499580569565
00-0026197,C.Henne,2017,QB,-0.03125,-11.5962495803833
00-0032431,J.Rudock,2017,QB,-0.0649999976158142,-11.629999577999115
00-0024264,K.Clemens,2017,QB,-0.0662500038743019,-11.631249584257603
00-0030151,T.Bray,2017,QB,-0.125,-11.6899995803833
00-0031237,T.Bridgewater,2017,QB,-0.1437499970197677,-11.708749577403069
00-0022999,,2017,,0.0125000001862645,
00-0026069,,2017,,3.15625,
00-0027925,,2017,,0.612500011920929,
00-0028581,,2017,,0.6000000238418579,
00-0029068,,2017,,0.2999999821186065,
00-0029492,,2017,,1.225000023841858,
00-0029892,,2017,,4.349999904632568,
00-0029931,,2017,,0.7250000238418579,
00-0030112,,2017,,1.7999999523162842,
00-0030741,,2017,,0.9124999642372132,
00-0030968,,2017,,0.4749999940395355,
00-0031595,,2017,,0.2312500029802322,
00-0031612,,2017,,0.762499988079071,
00-0032130,,2017,,0.4000000059604645,
00-0032375,,2017,,0.0812499970197677,
00-0032472,,2017,,0.53125,
00-0032740,,2017,,0.6499999761581421,
00-0032794,,2017,,0.3062500059604645,
00-0032897,,2017,,0.4937500059604645,
00-0032918,,2017,,1.318750023841858,
00-0032956,,2017,,0.918749988079071,
00-0033376,,2017,,1.0750000476837158,
00-0033796,,2017,,0.0,
00-0032187,D.Johnson,2016,RB,25.487499237060547,20.768749237060547
00-0033045,E.Elliott,2016,RB,20.337499618530277,15.618749618530277
00-0030496,L.Bell,2016,RB,19.837499618530277,15.118749618530277
00-0027029,L.McCoy,2016,RB,18.643749237060547,13.924999237060547
00-0028009,D.Murray,2016,RB,18.362499237060547,13.643749237060547
00-0031285,D.Freeman,2016,RB,17.756250381469727,13.037500381469727
00-0027793,A.Brown,2016,WR,19.206249237060547,11.149999618530273
00-0026176,J.Nelson,2016,WR,19.043750762939453,10.98750114440918
00-0031408,M.Evans,2016,WR,19.006250381469727,10.950000762939453
00-0032144,M.Gordon,2016,RB,15.66249942779541,10.94374942779541
00-0031235,O.Beckham,2016,WR,18.537500381469727,10.481250762939453
00-0027966,M.Ingram,2016,RB,15.137499809265137,10.418749809265137
00-0023459,A.Rodgers,2016,QB,23.75124931335449,10.377499580383297
00-0027325,L.Blount,2016,RB,14.556249618530272,9.837499618530272
00-0032780,J.Howard,2016,RB,14.381250381469728,9.662500381469728
00-0030506,T.Kelce,2016,TE,13.9375,9.206250190734863
00-0029608,T.Hilton,2016,WR,17.112499237060547,9.056249618530273
00-0031590,J.Ajayi,2016,RB,13.456250190734863,8.737500190734863
00-0023500,F.Gore,2016,RB,13.387499809265137,8.668749809265137
00-0026143,M.Ryan,2016,QB,21.716249465942383,8.342499732971191
00-0027981,K.Rudolph,2016,TE,13.0625,8.331250190734863
00-0030513,L.Murray,2016,RB,13.012499809265137,8.293749809265137
00-0025418,G.Olsen,2016,TE,12.956250190734863,8.225000381469727
00-0027944,J.Jones,2016,WR,16.243749618530273,8.1875
00-0030656,I.Crowell,2016,RB,12.818750381469728,8.100000381469728
00-0032765,M.Thomas,2016,WR,15.981249809265137,7.925000190734863
00-0028434,D.Baldwin,2016,WR,15.850000381469728,7.793750762939455
00-0032241,T.Gurley,2016,RB,12.387499809265137,7.668749809265137
00-0028064,B.Powell,2016,RB,12.3125,7.59375
00-0030414,S.Ware,2016,RB,12.237500190734863,7.518750190734863
00-0020531,D.Brees,2016,QB,20.770000457763672,7.3962507247924805
00-0031381,D.Adams,2016,WR,15.418749809265137,7.362500190734863
00-0031236,B.Cooks,2016,WR,15.393750190734863,7.33750057220459
00-0031045,C.Hyde,2016,RB,12.00624942779541,7.28749942779541
00-0032058,T.Coleman,2016,RB,11.943750381469728,7.225000381469728
00-0029615,L.Miller,2016,RB,11.94374942779541,7.22499942779541
00-0022921,L.Fitzgerald,2016,WR,15.237500190734863,7.18125057220459
00-0027696,J.Graham,2016,TE,11.831250190734863,7.100000381469727
00-0024389,De.Walker,2016,TE,11.756250381469728,7.025000572204592
00-0026986,M.Crabtree,2016,WR,14.956250190734863,6.90000057220459
00-0026184,M.Forte,2016,RB,11.47499942779541,6.75624942779541
00-0030061,Z.Ertz,2016,TE,11.475000381469728,6.743750572204592
00-0031382,J.Landry,2016,WR,14.581250190734863,6.52500057220459
00-0027150,J.Edelman,2016,WR,14.518750190734863,6.46250057220459
00-0031544,A.Cooper,2016,WR,14.518750190734863,6.46250057220459
00-0031301,J.Hill,2016,RB,11.018750190734863,6.300000190734863
00-0027874,D.Thomas,2016,WR,14.143750190734863,6.08750057220459
00-0031299,J.Matthews,2016,TE,10.712499618530272,5.981249809265135
00-0031375,T.West,2016,RB,10.6875,5.96875
00-0031273,C.Brate,2016,TE,10.6875,5.956250190734863
00-0027891,G.Tate,2016,WR,13.943750381469728,5.887500762939455
00-0029668,A.Luck,2016,QB,19.231250762939453,5.857501029968262
00-0027714,,2016,TE,10.556249618530272,5.824999809265135
00-0030472,J.Reed,2016,TE,10.537500381469728,5.806250572204592
00-0026201,M.Bennett,2016,TE,10.506250381469728,5.775000572204592
00-0033040,T.Hill,2016,WR,13.6875,5.631250381469727
00-0032160,T.Williams,2016,WR,13.556249618530272,5.499999999999998
00-0023564,D.Sproles,2016,RB,10.15625,5.4375
00-0030107,T.Riddick,2016,RB,10.112500190734863,5.393750190734863
00-0029604,K.Cousins,2016,QB,18.76749992370605,5.39375019073486
00-0031062,J.White,2016,RB,10.106249809265137,5.387499809265137
00-0028825,T.Pryor,2016,WR,13.34000015258789,5.283750534057617
00-0027685,E.Sanders,2016,WR,13.287500381469728,5.231250762939455
00-0029580,R.Matthews,2016,WR,13.21875,5.162500381469727
00-0022127,J.Witten,2016,TE,9.518750190734863,4.787500381469727
00-0026901,M.Wallace,2016,WR,12.675000190734863,4.61875057220459
00-0033077,D.Prescott,2016,QB,17.93000030517578,4.55625057220459
00-0031376,J.McKinnon,2016,RB,9.274999618530272,4.556249618530272
00-0026345,P.Garcon,2016,WR,12.568750381469728,4.512500762939455
00-0021547,A.Gates,2016,TE,9.237500190734863,4.506250381469727
00-0030404,C.Thompson,2016,RB,9.21875,4.5
00-0030181,J.Doyle,2016,TE,9.212499618530272,4.481249809265135
00-0026153,J.Stewart,2016,RB,9.149999618530272,4.431249618530272
00-0031428,A.Robinson,2016,WR,12.456250190734863,4.40000057220459
00-0027864,,2016,RB,9.037500381469728,4.318750381469728
00-0032257,D.Johnson,2016,RB,9.012499809265137,4.293749809265137
00-0031941,J.Crowder,2016,WR,12.34375,4.287500381469727
00-0031387,E.Ebron,2016,TE,9.012499809265137,4.28125
00-0030564,D.Hopkins,2016,WR,12.337499618530272,4.281249999999998
00-0030035,A.Thielen,2016,WR,12.324999809265137,4.268750190734863
00-0031359,K.Benjamin,2016,WR,12.318750381469728,4.262500762939455
00-0027006,K.Britt,2016,WR,12.262499809265137,4.206250190734863
00-0032972,D.Booker,2016,RB,8.918749809265137,4.199999809265137
00-0026498,M.Stafford,2016,QB,17.486249923706055,4.112500190734863
00-0031588,S.Diggs,2016,WR,12.081250190734863,4.02500057220459
00-0027155,,2016,RB,8.649999618530273,3.9312496185302734
00-0030663,W.Snead,2016,WR,11.96875,3.9125003814697266
00-0032209,T.Yeldon,2016,RB,8.606249809265137,3.8874998092651367
00-0029697,C.Fleener,2016,TE,8.581250190734863,3.8500003814697266
00-0030432,C.Michael,2016,RB,8.5625,3.84375
00-0028112,C.Clay,2016,TE,8.512499809265137,3.78125
00-0029000,C.Beasley,2016,WR,11.8125,3.7562503814697266
00-0031302,C.Fiedorowicz,2016,TE,8.368749618530273,3.6374998092651367
00-0027942,A.Green,2016,WR,11.649999618530272,3.5937499999999982
00-0031407,B.Bortles,2016,QB,16.943750381469727,3.570000648498535
00-0027681,B.LaFell,2016,WR,11.625,3.5687503814697266
00-0032371,R.Kelley,2016,RB,8.287500381469727,3.5687503814697266
00-0028198,,2016,RB,8.28125,3.5625
00-0028198,M.Asiata,2016,RB,8.28125,3.5625
00-0028118,T.Taylor,2016,QB,16.9325008392334,3.558751106262207
00-0029263,R.Wilson,2016,QB,16.87874984741211,3.505000114440918
00-0032385,S.Shepard,2016,WR,11.524999618530272,3.4687499999999982
00-0020337,,2016,WR,11.493749618530272,3.4374999999999982
00-0031280,D.Carr,2016,QB,16.780000686645508,3.4062509536743164
00-0026281,,2016,TE,8.137499809265137,3.40625
00-0033090,H.Henry,2016,TE,8.112500190734863,3.3812503814697266
00-0026189,D.Jackson,2016,WR,11.28125,3.2250003814697266
00-0031431,M.Lee,2016,WR,11.274999618530272,3.2187499999999982
00-0026289,T.Hightower,2016,RB,7.925000190734863,3.2062501907348633
00-0027902,D.Bryant,2016,WR,11.25,3.1937503814697266
00-0031912,C.Meredith,2016,WR,11.217499732971191,3.161250114440918
00-0030433,M.Gillislee,2016,RB,7.856249809265137,3.1374998092651367
00-0030456,G.Bernard,2016,RB,7.643750190734863,2.9250001907348633
00-0027973,A.Dalton,2016,QB,16.290000915527344,2.9162511825561523
00-0032268,M.Mariota,2016,QB,16.24625015258789,2.872500419616699
00-0022942,P.Rivers,2016,QB,16.18375015258789,2.810000419616699
00-0019596,T.Brady,2016,QB,16.15999984741211,2.786250114440918
00-0022084,,2016,WR,10.837499618530272,2.7812499999999982
00-0030578,C.Patterson,2016,RB,7.474999904632568,2.7562499046325684
00-0027125,Z.Miller,2016,TE,7.474999904632568,2.7437500953674316
00-0029293,M.Jones,2016,WR,10.768750190734863,2.71250057220459
00-0031503,J.Winston,2016,QB,16.006250381469727,2.632500648498535
00-0027939,C.Newton,2016,QB,15.891249656677246,2.5174999237060547
00-0033025,J.Richard,2016,RB,7.21875,2.5
00-0031023,Q.Enunwa,2016,WR,10.556249618530272,2.4999999999999982
00-0030085,K.Stills,2016,WR,10.537500381469728,2.481250762939455
00-0024221,V.Davis,2016,TE,7.143750190734863,2.4125003814697266
00-0022924,B.Roethlisberger,2016,QB,15.760000228881836,2.3862504959106445
00-0029689,D.Allen,2016,TE,7.099999904632568,2.3687500953674316
00-0027985,L.Kendricks,2016,TE,6.868750095367432,2.137500286102295
00-0025396,T.Ginn,2016,WR,10.1875,2.1312503814697266
00-0028411,D.Inman,2016,WR,10.1875,2.1312503814697266
00-0028202,S.Draughn,2016,RB,6.806249618530273,2.0874996185302734
00-0029273,R.Turbin,2016,RB,6.768750190734863,2.0500001907348633
00-0032764,D.Henry,2016,RB,6.606250286102295,1.887500286102295
00-0021429,C.Palmer,2016,QB,15.19499969482422,1.8212499618530291
00-0026158,J.Flacco,2016,QB,15.154999732971191,1.78125
00-0030108,R.Griffin,2016,TE,6.512499809265137,1.78125
00-0029854,C.Anderson,2016,RB,6.40625,1.6875
00-0024334,B.Marshall,2016,WR,9.737500190734863,1.6812505722045898
00-0032411,K.Dixon,2016,RB,6.400000095367432,1.6812500953674316
00-0031547,D.Parker,2016,WR,9.649999618530272,1.5937499999999982
00-0024242,,2016,RB,6.256249904632568,1.5374999046325684
00-0030549,T.Eifert,2016,TE,6.150000095367432,1.418750286102295
00-0027656,R.Gronkowski,2016,TE,6.0625,1.3312501907348633
00-0029632,M.Sanu,2016,WR,9.300000190734863,1.2437505722045898
00-0028091,J.Kerley,2016,WR,9.293749809265137,1.2375001907348633
00-0028002,R.Cobb,2016,WR,9.268750190734863,1.2125005722045898
00-0027531,C.Ivory,2016,RB,5.90625,1.1875
00-0030668,C.West,2016,RB,5.881249904632568,1.1624999046325684
00-0029205,T.Cadet,2016,RB,5.875,1.15625
00-0030525,T.Austin,2016,WR,9.175000190734863,1.1187505722045898
00-0030874,D.Williams,2016,RB,5.837500095367432,1.1187500953674316
00-0032004,W.Tye,2016,TE,5.84375,1.1125001907348633
00-0031665,Z.Zenner,2016,RB,5.8125,1.09375
00-0029137,A.Jeffery,2016,WR,9.13124942779541,1.0749998092651367
00-0028083,J.Rodgers,2016,RB,5.675000190734863,0.9562501907348633
00-0032135,J.James,2016,TE,5.674999713897705,0.9437499046325684
00-0027873,J.Gresham,2016,TE,5.506249904632568,0.7750000953674316
00-0032200,T.Montgomery,2016,WR,8.78125,0.7250003814697266
00-0030470,V.McDonald,2016,TE,5.443749904632568,0.7125000953674316
00-0032256,C.Walford,2016,TE,5.431250095367432,0.7000002861022949
00-0031228,T.Gabriel,2016,WR,8.75,0.6937503814697266
00-0023436,A.Smith,2016,QB,14.048749923706056,0.6750001907348651
00-0032055,D.Funchess,2016,TE,5.381249904632568,0.6500000953674316
00-0032112,J.Nelson,2016,WR,8.693750381469727,0.6375007629394531
00-0022803,E.Manning,2016,QB,14.011249542236328,0.6374998092651367
00-0029613,D.Martin,2016,RB,5.34375,0.625
00-0032940,D.Washington,2016,RB,5.324999809265137,0.6062498092651367
00-0027854,S.Bradford,2016,QB,13.86750030517578,0.49375057220458807
00-0028067,J.Thomas,2016,TE,5.131249904632568,0.40000009536743164
00-0029269,T.Benjamin,2016,WR,8.399999618530273,0.34375
00-0028903,G.Celek,2016,TE,5.0,0.2687501907348633
00-0032009,A.Humphries,2016,WR,8.3125,0.25625038146972656
00-0032417,P.Perkins,2016,RB,4.800000190734863,0.08125019073486328
00-0029822,B.McManus,2016,K,0.0375000014901161,0.0375000014901161
00-0030288,R.Burkhead,2016,RB,4.743750095367432,0.02500009536743164
00-0028237,C.Hogan,2016,WR,8.056249618530273,0.0
00-0029597,J.Tucker,2016,K,0.0,0.0
00-0030710,T.Burton,2016,TE,4.731249809265137,0.0
00-0031897,T.Rawls,2016,RB,4.71875,0.0
00-0032950,C.Wentz,2016,QB,13.373749732971191,0.0
00-0030422,D.Sims,2016,TE,4.724999904632568,-0.006249904632568359
00-0031939,M.Jones,2016,RB,4.706250190734863,-0.012499809265136719
00-0033127,W.Fuller,2016,WR,8.012499809265137,-0.04374980926513672
00-0031569,J.Langford,2016,RB,4.574999809265137,-0.14375019073486328
00-0031782,E.Rogers,2016,WR,7.875,-0.18124961853027344
00-0029731,F.Whittaker,2016,RB,4.506250381469727,-0.21249961853027344
00-0030542,T.Williams,2016,WR,7.837500095367432,-0.2187495231628418
00-0027061,J.Cook,2016,TE,4.481249809265137,-0.25
00-0032211,T.Lockett,2016,WR,7.756249904632568,-0.2999997138977051
00-0033009,T.Boyd,2016,WR,7.756249904632568,-0.2999997138977051
00-0031384,R.Rodgers,2016,TE,4.318749904632568,-0.41249990463256836
00-0031390,C.Sims,2016,RB,4.243750095367432,-0.47499990463256836
00-0030431,R.Woods,2016,WR,7.431250095367432,-0.6249995231628418
00-0032392,A.Hooper,2016,TE,4.006249904632568,-0.7249999046325684
00-0029638,M.Floyd,2016,WR,7.237500190734863,-0.8187494277954102
00-0029640,B.Quick,2016,WR,7.212500095367432,-0.8437495231628418
00-0031075,A.Blue,2016,RB,3.875,-0.84375
00-0027974,,2016,QB,12.52750015258789,-0.8462495803833008
00-0026373,,2016,RB,3.849999904632568,-0.8687500953674321
00-0032688,R.Chosen,2016,WR,7.181250095367432,-0.8749995231628418
00-0032393,C.Prosise,2016,RB,3.8125,-0.90625
00-0026267,,2016,TE,3.8125,-0.9187498092651367
00-0027791,,2016,RB,3.681250095367432,-1.037499904632568
00-0031166,S.Roberts,2016,WR,6.981249809265137,-1.0749998092651367
00-0026995,J.Maclin,2016,WR,6.84375,-1.2124996185302734
00-0028087,D.Lewis,2016,RB,3.4187498092651367,-1.3000001907348633
00-0029275,,2016,TE,3.400000095367432,-1.3312497138977046
00-0032134,C.Uzomah,2016,TE,3.400000095367432,-1.3312497138977046
00-0032156,T.Siemian,2016,QB,11.983750343322754,-1.3899993896484375
00-0032782,W.Smallwood,2016,RB,3.293750047683716,-1.4249999523162842
00-0032778,T.Sharpe,2016,WR,6.581250190734863,-1.4749994277954102
00-0029701,R.Tannehill,2016,QB,11.887499809265137,-1.4862499237060547
00-0028142,V.Green,2016,TE,3.231250047683716,-1.499999761581421
00-0030443,L.Toilolo,2016,TE,3.212500095367432,-1.5187497138977046
00-0030854,E.Swoope,2016,TE,3.168750047683716,-1.562499761581421
00-0031051,J.Brown,2016,WR,6.481249809265137,-1.5749998092651367
00-0033118,K.Drake,2016,RB,3.09375,-1.625
00-0031339,D.Moncrief,2016,WR,6.412499904632568,-1.643749713897705
00-0032450,D.Washington,2016,RB,3.043750047683716,-1.6749999523162842
00-0027265,V.Cruz,2016,WR,6.349999904632568,-1.706249713897705
00-0032054,B.Perriman,2016,WR,6.318749904632568,-1.737499713897705
00-0030821,A.Hurns,2016,WR,6.293749809265137,-1.7624998092651367
00-0032208,P.Dorsett,2016,WR,6.175000190734863,-1.8812494277954102
00-0029159,J.Kearse,2016,WR,6.125,-1.9312496185302734
00-0032128,C.Conley,2016,WR,6.0625,-1.9937496185302734
00-0030155,D.Harris,2016,TE,2.706249952316284,-2.0249998569488525
00-0030514,M.Rivera,2016,TE,2.700000047683716,-2.031249761581421
00-0030485,E.Lacy,2016,RB,2.674999952316284,-2.043750047683716
00-0024243,M.Lewis,2016,TE,2.681250095367432,-2.0499997138977046
00-0032400,M.Mitchell,2016,WR,6.006249904632568,-2.049999713897705
00-0029384,B.Rainey,2016,RB,2.5999999046325684,-2.1187500953674316
00-0032139,B.Koyack,2016,TE,2.5687499046325684,-2.1624999046325684
00-0029141,A.Morris,2016,RB,2.525000095367432,-2.193749904632568
00-0032966,C.Coleman,2016,WR,5.831250190734863,-2.22499942779541
00-0030089,L.Willson,2016,TE,2.493750095367432,-2.2374997138977046
00-0027994,S.Vereen,2016,RB,2.387500047683716,-2.331249952316284
00-0029004,L.Dunbar,2016,RB,2.331249952316284,-2.387500047683716
00-0032902,K.Farrow,2016,RB,2.325000047683716,-2.393749952316284
00-0029708,K.Wright,2016,WR,5.631249904632568,-2.424999713897705
00-0030068,M.Goodwin,2016,WR,5.631249904632568,-2.424999713897705
00-0032741,P.Barber,2016,RB,2.2562499046325684,-2.4625000953674316
00-0031731,C.Grant,2016,RB,2.243750095367432,-2.474999904632568
00-0032426,A.Collins,2016,RB,2.243750095367432,-2.474999904632568
00-0030216,J.Hill,2016,TE,2.2437498569488525,-2.487499952316284
00-0032377,J.Ferguson,2016,RB,2.2250001430511475,-2.4937498569488525
00-0028409,D.Harris,2016,RB,2.2062501907348637,-2.5124998092651363
00-0029738,D.Fells,2016,TE,2.212500095367432,-2.5187497138977046
00-0029795,B.Cunningham,2016,RB,2.200000047683716,-2.518749952316284
00-0031035,X.Grimble,2016,TE,2.174999952316284,-2.5562498569488525
00-0026182,,2016,WR,5.493750095367432,-2.562499523162842
00-0031549,N.Agholor,2016,WR,5.493750095367432,-2.562499523162842
00-0033080,S.DeValve,2016,TE,2.1687498092651367,-2.5625
00-0031418,A.Seferian-Jenkins,2016,TE,2.150000095367432,-2.5812497138977046
00-0032098,D.Brown,2016,TE,2.150000095367432,-2.5812497138977046
00-0030465,K.Barner,2016,RB,2.1312499046325684,-2.5875000953674316
00-0032429,J.Adams,2016,TE,2.137500047683716,-2.593749761581421
00-0032218,,2016,WR,5.449999809265137,-2.6062498092651367
00-0029510,J.Grimes,2016,RB,2.056250095367432,-2.662499904632568
00-0029682,B.Osweiler,2016,QB,10.611249923706056,-2.762499809265135
00-0029878,M.Gray,2016,TE,1.962500095367432,-2.7687497138977046
00-0031610,D.Waller,2016,TE,1.90625,-2.8249998092651367
00-0030287,A.Ellington,2016,RB,1.881250023841858,-2.837499976158142
00-0027918,,2016,WR,5.212500095367432,-2.843749523162842
00-0031609,A.Derby,2016,TE,1.875,-2.8562498092651367
00-0031325,S.Watkins,2016,WR,5.1875,-2.8687496185302734
00-0029683,R.Hillman,2016,RB,1.837500095367432,-2.881249904632568
00-0025549,B.Celek,2016,TE,1.84375,-2.8874998092651367
00-0030117,K.Williams,2016,RB,1.831249952316284,-2.887500047683716
00-0027675,E.Dickson,2016,TE,1.837499976158142,-2.8937498331069946
00-0030669,A.Wilson,2016,WR,5.118749618530273,-2.9375
00-0031599,C.Artis-Payne,2016,RB,1.78125,-2.9375
00-0031102,K.Bibbs,2016,RB,1.7750000953674316,-2.9437499046325684
00-0024268,A.Fasano,2016,TE,1.7687500715255735,-2.962499737739563
00-0028838,L.Donnell,2016,TE,1.7624999284744265,-2.9687498807907104
00-0026019,D.Woodhead,2016,RB,1.693750023841858,-3.024999976158142
00-0032104,A.Abdullah,2016,RB,1.6749999523162842,-3.043750047683716
00-0030860,O.Darkwa,2016,RB,1.6437499523162842,-3.075000047683716
00-0032725,S.Anderson,2016,TE,1.6437499523162842,-3.0874998569488525
00-0033110,T.Higbee,2016,TE,1.59375,-3.1374998092651367
00-0032166,S.Coates,2016,WR,4.868750095367432,-3.187499523162842
00-0030450,,2016,WR,4.862499713897705,-3.1937499046325684
00-0024217,,2016,RB,1.4812499284744265,-3.2375000715255737
00-0031057,K.Carey,2016,RB,1.443750023841858,-3.274999976158142
00-0027139,J.Phillips,2016,TE,1.4499999284744265,-3.2812498807907104
00-0032227,J.Heuerman,2016,TE,1.443750023841858,-3.287499785423279
00-0032120,N.Sterling,2016,TE,1.4375,-3.2937498092651367
00-0032117,N.O'Leary,2016,TE,1.399999976158142,-3.3312498331069946
00-0030992,C.Gillmore,2016,TE,1.318750023841858,-3.412499785423279
00-0027135,,2016,TE,1.306249976158142,-3.4249998331069946
00-0029587,R.Ellison,2016,TE,1.2999999523162842,-3.4312498569488525
00-0028040,,2016,TE,1.25,-3.4812498092651367
00-0030547,,2016,RB,1.225000023841858,-3.493749976158142
00-0026796,,2016,RB,1.2062499523162842,-3.512500047683716
00-0032214,T.Kroft,2016,TE,1.2000000476837158,-3.531249761581421
00-0028994,,2016,TE,1.193750023841858,-3.537499785423279
00-0027861,C.Spiller,2016,RB,1.1749999523162842,-3.543750047683716
00-0030801,B.Coleman,2016,WR,4.506249904632568,-3.549999713897705
00-0031682,T.Ward,2016,RB,1.0750000476837158,-3.643749952316284
00-0026957,D.Johnson,2016,TE,1.0625,-3.6687498092651367
00-0031743,A.Hunt,2016,RB,1.0499999523162842,-3.668750047683716
00-0030147,R.Shepard,2016,WR,4.375,-3.6812496185302734
00-0026855,,2016,RB,1.024999976158142,-3.693750023841858
00-0026035,D.Amendola,2016,WR,4.331249713897705,-3.7249999046325684
00-0032745,A.Cross,2016,TE,0.987500011920929,-3.7437497973442078
00-0026164,C.Johnson,2016,RB,0.96875,-3.75
00-0032048,M.Brown,2016,RB,0.9375,-3.78125
00-0032063,M.Davis,2016,RB,0.90625,-3.8125
00-0028497,K.Aiken,2016,WR,4.237500190734863,-3.81874942779541
00-0029601,,2016,TE,0.893750011920929,-3.8374997973442078
00-0026144,D.McFadden,2016,RB,0.8374999761581421,-3.881250023841858
00-0026213,J.Charles,2016,RB,0.8374999761581421,-3.881250023841858
00-0032599,J.Perkins,2016,TE,0.824999988079071,-3.9062498211860657
00-0030544,G.Escobar,2016,TE,0.8125,-3.9187498092651367
00-0032141,G.Swaim,2016,TE,0.8062499761581421,-3.9249998331069946
00-0032975,J.Williams,2016,RB,0.7749999761581421,-3.943750023841858
00-0032062,B.Bell,2016,TE,0.78125,-3.9499998092651367
00-0031332,F.Toussaint,2016,RB,0.7562500238418579,-3.962499976158142
00-0031570,J.Hardy,2016,WR,4.081250190734863,-3.97499942779541
00-0028121,J.Todman,2016,RB,0.7437499761581421,-3.975000023841858
00-0027996,T.Smith,2016,WR,4.043749809265137,-4.012499809265137
00-0028116,A.Robinson,2016,WR,4.018750190734863,-4.03749942779541
00-0032964,B.Marshall,2016,RB,0.6499999761581421,-4.068750023841858
00-0030280,K.Davis,2016,RB,0.643750011920929,-4.074999988079071
00-0031793,T.Watson,2016,RB,0.643750011920929,-4.074999988079071
00-0031598,N.Boyle,2016,TE,0.6499999761581421,-4.081249833106995
00-0028987,P.Supernaw,2016,TE,0.637499988079071,-4.093749821186066
00-0031788,M.Lengel,2016,TE,0.637499988079071,-4.093749821186066
00-0031806,M.Brown,2016,RB,0.59375,-4.125
00-0031158,G.Atkinson,2016,RB,0.5874999761581421,-4.131250023841858
00-0025394,A.Peterson,2016,RB,0.5625,-4.15625
00-0028097,L.Smith,2016,TE,0.5562499761581421,-4.174999833106995
00-0031042,J.Amaro,2016,TE,0.5562499761581421,-4.174999833106995
00-0031055,A.Williams,2016,RB,0.543749988079071,-4.175000011920929
00-0030705,J.Thompson,2016,RB,0.5374999642372131,-4.181250035762787
00-0031732,C.Hamlett,2016,TE,0.543749988079071,-4.187499821186066
00-0030391,,2016,RB,0.5062500238418579,-4.212499976158142
00-0032661,B.Braunecker,2016,TE,0.5062500238418579,-4.224999785423279
00-0031577,J.Allen,2016,RB,0.4937500059604645,-4.2249999940395355
00-0032068,M.Johnson,2016,RB,0.4749999940395355,-4.2437500059604645
00-0028063,T.Jones,2016,RB,0.46875,-4.25
00-0030758,,2016,TE,0.46875,-4.262499809265137
00-0028042,L.Stocker,2016,TE,0.4562499821186065,-4.27499982714653
00-0029740,I.Momah,2016,TE,0.4375,-4.293749809265137
00-0032593,B.Wilds,2016,RB,0.418749988079071,-4.300000011920929
00-0032804,D.Lasco,2016,RB,0.3937500119209289,-4.324999988079071
00-0027595,,2016,WR,3.71875,-4.337499618530273
00-0032394,N.Vannett,2016,TE,0.387499988079071,-4.343749821186066
00-0033164,T.Pope,2016,RB,0.3687500357627868,-4.349999964237213
00-0031118,C.Brown,2016,WR,3.700000047683716,-4.356249570846558
00-0029388,D.Thompson,2016,WR,3.681250095367432,-4.374999523162842
00-0029793,B.Williams,2016,TE,0.3499999940395355,-4.381249815225601
00-0028074,A.Sherman,2016,RB,0.3187499940395355,-4.4000000059604645
00-0032404,T.Ervin,2016,RB,0.3187499940395355,-4.4000000059604645
00-0027725,C.Harbor,2016,TE,0.3062499761581421,-4.424999833106995
00-0028093,N.Paul,2016,TE,0.293749988079071,-4.437499821186066
00-0027215,L.Paulsen,2016,TE,0.28125,-4.449999809265137
00-0029391,S.McGrath,2016,TE,0.28125,-4.449999809265137
00-0032319,R.Travis,2016,TE,0.28125,-4.449999809265137
00-0031066,L.Taliaferro,2016,RB,0.25,-4.46875
00-0032864,A.Ellis,2016,TE,0.2562499940395355,-4.474999815225601
00-0029239,B.Bolden,2016,RB,0.2437500059604644,-4.4749999940395355
00-0029626,,2016,RB,0.2374999970197677,-4.481250002980232
00-0032602,J.McKissic,2016,RB,0.2374999970197677,-4.481250002980232
00-0032562,C.Wick,2016,TE,0.2374999970197677,-4.493749812245369
00-0032577,D.Foster,2016,RB,0.2249999940395355,-4.4937500059604645
00-0029319,J.Bellamy,2016,WR,3.556250095367432,-4.499999523162842
00-0032636,,2016,RB,0.2000000029802322,-4.518749997019768
00-0031585,M.Pruitt,2016,TE,0.2062500119209289,-4.524999797344208
00-0030780,R.Hewitt,2016,TE,0.2062499970197677,-4.524999812245369
00-0030805,J.Hamm,2016,TE,0.2062499970197677,-4.524999812245369
00-0031257,P.Richardson,2016,WR,3.518749952316284,-4.537499666213989
00-0029119,D.Carrier,2016,TE,0.1875,-4.543749809265137
00-0030516,B.Butler,2016,WR,3.493750095367432,-4.562499523162842
00-0031085,J.Prosch,2016,RB,0.15625,-4.5625
00-0031533,R.Telfer,2016,TE,0.1500000059604644,-4.581249803304672
00-0032190,G.Christian,2016,TE,0.1500000059604644,-4.581249803304672
00-0032523,H.Krieger-Coble,2016,TE,0.1437499970197677,-4.587499812245369
00-0031484,C.Manhertz,2016,TE,0.125,-4.606249809265137
00-0031951,J.O'Shaughnessy,2016,TE,0.1187499985098838,-4.612499810755253
00-0026008,,2016,TE,0.1124999970197677,-4.618749812245369
00-0026932,C.Peerman,2016,RB,0.09375,-4.625
00-0030789,,2016,RB,0.09375,-4.625
00-0031746,,2016,RB,0.09375,-4.625
00-0027218,,2016,RB,0.0875000059604644,-4.6312499940395355
00-0028795,,2016,RB,0.0874999985098838,-4.631250001490116
00-0031900,R.Smith,2016,RB,0.0874999985098838,-4.631250001490116
00-0031959,M.Murphy,2016,RB,0.0812499970197677,-4.637500002980232
00-0032430,D.Morgan,2016,TE,0.0874999985098838,-4.643749810755253
00-0031768,T.Magee,2016,RB,0.0750000029802322,-4.643749997019768
00-0030282,,2016,RB,0.0749999955296516,-4.643750004470348
00-0032298,B.Hill,2016,RB,0.0687500014901161,-4.649999998509884
00-0031044,T.Niklas,2016,TE,0.0625,-4.668749809265137
00-0029612,D.Richardson,2016,RB,0.0437500029802322,-4.674999997019768
00-0028011,S.Ridley,2016,RB,0.0437499992549419,-4.675000000745058
00-0029048,J.Banyard,2016,RB,0.0437499992549419,-4.675000000745058
00-0031687,R.Mostert,2016,RB,0.0375000014901161,-4.681249998509884
00-0030348,,2016,RB,0.0125000001862645,-4.7062499998137355
00-0026298,,2016,TE,0.0,-4.731249809265137
00-0031922,K.Lee,2016,TE,0.0,-4.731249809265137
00-0032508,H.Valles,2016,TE,0.0,-4.731249809265137
00-0032515,B.Bowman,2016,TE,0.0,-4.731249809265137
00-0032844,,2016,RB,-0.025000000372529,-4.743750000372529
00-0030521,J.Hunter,2016,WR,3.306250095367432,-4.749999523162842
00-0030290,C.Hamilton,2016,WR,3.275000095367432,-4.781249523162842
00-0027691,A.Roberts,2016,WR,3.174999952316284,-4.881249666213989
00-0029129,R.Streater,2016,WR,3.0687499046325684,-4.987499713897705
00-0023682,R.Fitzpatrick,2016,QB,8.337499618530273,-5.036250114440918
00-0026739,,2016,WR,3.012500047683716,-5.043749570846558
00-0031697,J.Taylor,2016,WR,2.931250095367432,-5.124999523162842
00-0032355,C.Rogers,2016,WR,2.893749952316284,-5.162499666213989
00-0028263,A.Holmes,2016,WR,2.7874999046325684,-5.268749713897705
00-0032626,G.Allison,2016,WR,2.762500047683716,-5.293749570846558
00-0030113,C.Johnson,2016,WR,2.700000047683716,-5.356249570846558
00-0026983,D.Heyward-Bey,2016,WR,2.587500095367432,-5.468749523162842
00-0030990,J.Huff,2016,WR,2.549999952316284,-5.506249666213989
00-0027690,E.Decker,2016,WR,2.525000095367432,-5.531249523162842
00-0032694,J.Marshall,2016,WR,2.5124998092651367,-5.543749809265137
00-0031545,K.White,2016,WR,2.4124999046325684,-5.643749713897705
00-0033079,R.Louis,2016,WR,2.40625,-5.649999618530273
00-0032959,C.Peake,2016,WR,2.3499999046325684,-5.706249713897705
00-0030670,B.Fowler,2016,WR,2.34375,-5.712499618530273
00-0032795,C.Core,2016,WR,2.3125,-5.743749618530273
00-0032475,T.McEvoy,2016,WR,2.2950000762939453,-5.761249542236328
00-0031001,J.Janis,2016,WR,2.2562499046325684,-5.799999713897705
00-0026224,H.Douglas,2016,WR,2.25,-5.806249618530273
00-0030300,J.Brown,2016,WR,2.231250047683716,-5.824999570846558
00-0023496,,2016,WR,2.018749952316284,-6.037499666213989
00-0030047,M.Wilson,2016,WR,1.9375,-6.118749618530273
00-0033069,B.Miller,2016,WR,1.931249976158142,-6.124999642372131
00-0022044,,2016,WR,1.84375,-6.212499618530273
00-0032659,Ro.Lewis,2016,WR,1.7937499284744265,-6.262499690055847
00-0030737,F.Martino,2016,WR,1.7625000476837158,-6.293749570846558
00-0031268,W.Powell,2016,WR,1.7625000476837158,-6.293749570846558
00-0031560,J.Strong,2016,WR,1.693750023841858,-6.3624995946884155
00-0031854,C.Harper,2016,WR,1.6437499523162842,-6.412499666213989
00-0028052,,2016,WR,1.6375000476837158,-6.418749570846558
00-0028986,C.Keenum,2016,QB,6.946249961853027,-6.427499771118164
00-0027057,B.Tate,2016,WR,1.53125,-6.524999618530273
00-0029572,J.Wright,2016,WR,1.4812500476837158,-6.574999570846558
00-0031291,J.Wright,2016,WR,1.4375,-6.618749618530273
00-0027654,A.Benn,2016,WR,1.412500023841858,-6.6437495946884155
00-0033111,P.Cooper,2016,WR,1.4124999046325684,-6.643749713897705
00-0032841,P.Turner,2016,WR,1.350000023841858,-6.7062495946884155
00-0029336,B.Golden,2016,WR,1.2625000476837158,-6.793749570846558
00-0032398,C.Moore,2016,WR,1.21875,-6.837499618530273
00-0028050,,2016,WR,1.181249976158142,-6.874999642372131
00-0030460,M.Wheaton,2016,WR,1.068750023841858,-6.9874995946884155
00-0031600,,2016,WR,1.056249976158142,-6.999999642372131
00-0031068,R.Grant,2016,WR,1.037500023841858,-7.0187495946884155
00-0032365,D.Ayers,2016,WR,1.006250023841858,-7.0499995946884155
00-0032441,A.Burbridge,2016,WR,0.987500011920929,-7.0687496066093445
00-0032881,T.Lewis,2016,WR,0.981249988079071,-7.074999630451202
00-0031344,C.Latimer,2016,WR,0.975000023841858,-7.0812495946884155
00-0032362,M.Harris,2016,WR,0.912500023841858,-7.1437495946884155
00-0031189,T.Jones,2016,WR,0.893750011920929,-7.1624996066093445
00-0031757,L.Whitehead,2016,WR,0.875,-7.181249618530273
00-0032977,R.Higgins,2016,WR,0.8562500476837158,-7.199999570846558
00-0028249,J.Ross,2016,WR,0.856249988079071,-7.199999630451202
00-0031060,D.Thomas,2016,WR,0.8374999761581421,-7.218749642372131
00-0032543,A.Erickson,2016,WR,0.8187500238418579,-7.2374995946884155
00-0030279,K.Allen,2016,WR,0.768750011920929,-7.2874996066093445
00-0033060,L.Carroo,2016,WR,0.7437499761581421,-7.312499642372131
00-0032724,B.Treggs,2016,WR,0.731249988079071,-7.324999630451202
00-0032739,W.Williams,2016,WR,0.71875,-7.337499618530273
00-0032423,T.Davis,2016,WR,0.7124999761581421,-7.343749642372131
00-0029848,N.Williams,2016,WR,0.6812499761581421,-7.374999642372131
00-0027651,,2016,WR,0.675000011920929,-7.3812496066093445
00-0032760,J.Doctson,2016,WR,0.5374999642372131,-7.51874965429306
00-0028114,D.Harris,2016,WR,0.518750011920929,-7.5374996066093445
00-0032170,R.Greene,2016,WR,0.512499988079071,-7.543749630451202
00-0032935,J.Holton,2016,WR,0.481249988079071,-7.574999630451202
00-0031514,Q.Bray,2016,WR,0.4562500119209289,-7.5999996066093445
00-0031025,M.Campanaro,2016,WR,0.449999988079071,-7.606249630451202
00-0030091,T.King,2016,WR,0.4375,-7.618749618530273
00-0031818,B.Marquez,2016,WR,0.4312500059604645,-7.624999612569809
00-0033114,M.Thomas,2016,WR,0.418749988079071,-7.637499630451202
00-0032791,J.Grant,2016,WR,0.3812499940395355,-7.674999624490738
00-0029033,G.Whalen,2016,WR,0.262499988079071,-7.793749630451202
00-0026998,,2016,WR,0.2312500029802322,-7.824999615550041
00-0029394,B.Bersin,2016,WR,0.2312500029802322,-7.824999615550041
00-0031684,S.Wynn,2016,WR,0.2125000059604644,-7.843749612569809
00-0032064,D.Smelter,2016,WR,0.2062499970197677,-7.849999621510506
00-0030691,J.Butler,2016,WR,0.1937499940395355,-7.862499624490738
00-0031310,D.Street,2016,WR,0.1875,-7.868749618530273
00-0031934,D.Smith,2016,WR,0.1875,-7.868749618530273
00-0031868,D.Byrd,2016,WR,0.1624999940395355,-7.893749624490738
00-0032482,,2016,WR,0.15625,-7.899999618530273
00-0032951,L.Treadwell,2016,WR,0.15625,-7.899999618530273
00-0030856,T.Washington,2016,WR,0.1187499985098838,-7.93749962002039
00-0030187,R.Ross,2016,WR,0.1124999970197677,-7.943749621510506
00-0031021,J.Abbrederis,2016,WR,0.1124999970197677,-7.943749621510506
00-0032679,P.McRoberts,2016,WR,0.1000000014901161,-7.956249617040157
00-0027816,,2016,WR,0.09375,-7.962499618530273
00-0032974,J.Payton,2016,WR,0.0812499970197677,-7.974999621510506
00-0026293,M.Slater,2016,WR,0.03125,-8.024999618530273
00-0030671,I.Burse,2016,WR,0.0,-8.056249618530273
00-0031953,G.Davis,2016,WR,0.0,-8.056249618530273
00-0032012,I.Fruechte,2016,WR,0.0,-8.056249618530273
00-0032070,D.Lewis,2016,WR,0.0,-8.056249618530273
00-0032250,K.Williams,2016,WR,0.0,-8.056249618530273
00-0032464,K.Raymond,2016,WR,0.0,-8.056249618530273
00-0032801,D.Braverman,2016,WR,0.0,-8.056249618530273
00-0026625,B.Hoyer,2016,QB,4.974999904632568,-8.398749828338623
00-0033104,C.Kessler,2016,QB,4.8125,-8.561249732971191
00-0027948,B.Gabbert,2016,QB,4.606249809265137,-8.767499923706055
00-0030533,M.Barkley,2016,QB,4.489999771118164,-8.883749961853027
00-0029665,R.Griffin,2016,QB,4.152500152587891,-9.2212495803833
00-0025708,M.Moore,2016,QB,3.421249866485596,-9.952499866485596
00-0033106,J.Goff,2016,QB,3.322499990463257,-10.051249742507935
00-0021206,J.McCown,2016,QB,3.2562499046325684,-10.117499828338623
00-0024226,J.Cutler,2016,QB,2.9225001335144043,-10.451249599456787
00-0031345,J.Garoppolo,2016,QB,2.2487502098083496,-11.124999523162842
00-0030524,L.Jones,2016,QB,2.119999885559082,-11.25374984741211
00-0031568,B.Petty,2016,QB,2.0162501335144043,-11.357499599456787
00-0033108,P.Lynch,2016,QB,1.773750066757202,-11.59999966621399
00-0033119,J.Brissett,2016,QB,1.7687499523162842,-11.604999780654907
00-0029567,N.Foles,2016,QB,1.75,-11.623749732971191
00-0031064,T.Savage,2016,QB,1.1024999618530271,-12.271249771118164
00-0032784,K.Hogan,2016,QB,1.0412499904632568,-12.332499742507935
00-0023645,D.Anderson,2016,QB,1.0325000286102295,-12.341249704360962
00-0023662,M.Cassel,2016,QB,0.9787499904632568,-12.394999742507935
00-0020679,,2016,QB,0.6362499594688416,-12.73749977350235
00-0024296,,2016,QB,0.5862500071525574,-12.787499725818634
00-0025430,D.Stanton,2016,QB,0.5862500071525574,-12.787499725818634
00-0030520,M.Glennon,2016,QB,0.5625,-12.811249732971191
00-0028595,S.Tolzien,2016,QB,0.5587500333786011,-12.81499969959259
00-0030565,G.Smith,2016,QB,0.4962500035762787,-12.877499729394913
00-0032462,T.Boykin,2016,QB,0.4937500059604645,-12.879999727010727
00-0030526,E.Manuel,2016,QB,0.4650000035762787,-12.908749729394913
00-0032893,C.Cook,2016,QB,0.375,-12.998749732971191
00-0021678,,2016,QB,0.3224999904632568,-13.051249742507935
00-0033098,C.Jones,2016,QB,0.1087500005960464,-13.264999732375145
00-0030419,M.McGloin,2016,QB,0.1062500029802322,-13.26749972999096
00-0027796,J.Webb,2016,QB,0.0812499970197677,-13.292499735951424
00-0031076,D.Fales,2016,QB,0.0549999997019767,-13.318749733269215
00-0026544,C.Daniel,2016,QB,0.0399999991059303,-13.333749733865261
00-0022787,M.Schaub,2016,QB,0.0274999998509883,-13.346249733120203
00-0024264,K.Clemens,2016,QB,-0.0062500000931322,-13.379999733064324
00-0026197,C.Henne,2016,QB,-0.0125000001862645,-13.386249733157456
00-0026898,M.Sanchez,2016,QB,-0.0300000011920928,-13.403749734163284
00-0032245,S.Mannion,2016,QB,-0.0837500020861625,-13.457499735057354
00-0031589,B.Hundley,2016,QB,-0.0950000062584877,-13.468749739229679
00-0028012,R.Mallett,2016,QB,-0.0974999964237213,-13.471249729394913
00-0022999,,2016,,3.543750047683716,
00-0026069,,2016,,2.1625001430511475,
00-0026286,,2016,,0.8125,
00-0026393,,2016,,0.893750011920929,
00-0027905,,2016,,0.0125000001862645,
00-0027925,,2016,,0.3000000119209289,
00-0028581,,2016,,1.1374999284744265,
00-0029492,,2016,,3.587500095367432,
00-0029892,,2016,,4.612500190734863,
00-0029931,,2016,,0.09375,
00-0030741,,2016,,0.15625,
00-0030968,,2016,,0.34375,
00-0031595,,2016,,0.0,
00-0031612,,2016,,2.9125001430511475,
00-0031706,,2016,,0.1312499940395355,
00-0032130,,2016,,0.1687500029802322,
00-0032375,,2016,,0.0,
00-0032794,,2016,,0.418749988079071,
00-0032897,,2016,,0.793749988079071,
00-0032956,,2016,,1.1687500476837158,
00-0027793,A.Brown,2015,WR,24.387500762939453,17.343750953674316
00-0027944,J.Jones,2015,WR,23.068750381469727,16.02500057220459
00-0031285,D.Freeman,2015,RB,19.774999618530277,14.706249713897709
00-0024334,B.Marshall,2015,WR,21.200000762939453,14.156250953674316
00-0030564,D.Hopkins,2015,WR,20.693750381469727,13.65000057220459
00-0031235,O.Beckham,2015,WR,19.956249237060547,12.91249942779541
00-0027939,C.Newton,2015,QB,24.317501068115234,12.136251449584963
00-0031428,A.Robinson,2015,WR,19.0,11.956250190734863
00-0027656,R.Gronkowski,2015,TE,15.975000381469728,11.418750286102297
00-0025394,A.Peterson,2015,RB,16.293750762939453,11.225000858306885
00-0024389,De.Walker,2015,TE,15.274999618530272,10.71874952316284
00-0030472,J.Reed,2015,TE,15.262500762939451,10.70625066757202
00-0022921,L.Fitzgerald,2015,WR,17.53125,10.487500190734863
00-0026281,,2015,TE,14.831250190734863,10.275000095367432
00-0031382,J.Landry,2015,WR,17.21000099182129,10.166251182556152
00-0026019,D.Woodhead,2015,RB,15.19374942779541,10.124999523162842
00-0027942,A.Green,2015,WR,17.106250762939453,10.062500953674316
00-0031299,J.Matthews,2015,TE,14.418749809265137,9.862499713897705
00-0028434,D.Baldwin,2015,WR,16.806249618530273,9.762499809265137
00-0027874,D.Thomas,2015,WR,16.712499618530273,9.668749809265137
00-0025418,G.Olsen,2015,TE,14.212499618530272,9.65624952316284
00-0024242,,2015,RB,14.58750057220459,9.518750667572021
00-0029613,D.Martin,2015,RB,14.518750190734863,9.450000286102295
00-0029615,L.Miller,2015,RB,14.493749618530272,9.424999713897703
00-0025389,,2015,WR,16.462499618530273,9.418749809265137
00-0019596,T.Brady,2015,QB,21.543750762939453,9.362501144409181
00-0029263,R.Wilson,2015,QB,21.01625061035156,8.835000991821287
00-0031236,B.Cooks,2015,WR,15.850000381469728,8.806250572204592
00-0027690,E.Decker,2015,WR,15.793749809265137,8.75
00-0032187,D.Johnson,2015,RB,13.612500190734863,8.543750286102295
00-0026184,M.Forte,2015,RB,13.418749809265137,8.349999904632568
00-0026995,J.Maclin,2015,WR,15.199999809265137,8.15625
00-0032241,T.Gurley,2015,RB,13.024999618530272,7.956249713897703
00-0030513,L.Murray,2015,RB,12.800000190734863,7.731250286102295
00-0027966,M.Ingram,2015,RB,12.712499618530272,7.643749713897703
00-0027531,C.Ivory,2015,RB,12.668749809265137,7.599999904632568
00-0031407,B.Bortles,2015,QB,19.75749969482422,7.576250076293947
00-0030549,T.Eifert,2015,TE,11.96875,7.412499904632568
00-0026986,M.Crabtree,2015,WR,14.449999809265137,7.40625
00-0022943,B.Watson,2015,TE,11.90625,7.349999904632568
00-0026144,D.McFadden,2015,RB,12.356249809265137,7.287499904632568
00-0030506,T.Kelce,2015,TE,11.84375,7.287499904632568
00-0021429,C.Palmer,2015,QB,19.32749938964844,7.146249771118169
00-0027685,E.Sanders,2015,WR,14.149999618530272,7.106249809265135
00-0030821,A.Hurns,2015,WR,14.068750381469728,7.025000572204592
00-0023500,F.Gore,2015,RB,12.087499618530272,7.018749713897703
00-0020531,D.Brees,2015,QB,19.012500762939453,6.8312511444091815
00-0023459,A.Rodgers,2015,QB,18.82749938964844,6.646249771118169
00-0031325,S.Watkins,2015,WR,13.675000190734863,6.631250381469727
00-0028009,D.Murray,2015,RB,11.524999618530272,6.456249713897703
00-0031544,A.Cooper,2015,WR,13.368749618530272,6.324999809265135
00-0030456,G.Bernard,2015,RB,11.324999809265137,6.256249904632568
00-0031390,C.Sims,2015,RB,11.25,6.181250095367432
00-0029608,T.Hilton,2015,WR,13.212499618530272,6.168749809265135
00-0029604,K.Cousins,2015,QB,18.34000015258789,6.158750534057619
00-0031408,M.Evans,2015,WR,13.162500381469728,6.118750572204592
00-0030107,T.Riddick,2015,RB,11.1875,6.118750095367432
00-0027029,L.McCoy,2015,RB,11.168749809265137,6.099999904632568
00-0030061,Z.Ertz,2015,TE,10.643750190734863,6.087500095367432
00-0027891,G.Tate,2015,WR,13.087499618530272,6.043749809265135
00-0026498,M.Stafford,2015,QB,18.17374992370605,5.9925003051757795
00-0031051,J.Brown,2015,WR,12.96875,5.925000190734863
00-0022803,E.Manning,2015,QB,17.96125030517578,5.78000068664551
00-0022127,J.Witten,2015,TE,10.268750190734863,5.712500095367432
00-0023682,R.Fitzpatrick,2015,QB,17.825000762939453,5.6437511444091815
00-0028002,R.Cobb,2015,WR,12.681249618530272,5.637499809265135
00-0022942,P.Rivers,2015,QB,17.780000686645508,5.598751068115236
00-0031301,J.Hill,2015,RB,10.643750190734863,5.575000286102295
00-0031384,R.Rodgers,2015,TE,10.106249809265137,5.549999713897705
00-0030525,T.Austin,2015,WR,12.543749809265137,5.5
00-0029269,T.Benjamin,2015,WR,12.487500190734863,5.443750381469727
00-0027791,,2015,RB,10.393750190734863,5.325000286102295
00-0028497,K.Aiken,2015,WR,12.337499618530272,5.293749809265135
00-0027155,,2015,RB,10.306249618530272,5.237499713897703
00-0032257,D.Johnson,2015,RB,10.268750190734863,5.200000286102295
00-0026153,J.Stewart,2015,RB,10.175000190734863,5.106250286102295
00-0023564,D.Sproles,2015,RB,10.09375,5.025000095367432
00-0029683,R.Hillman,2015,RB,10.087499618530272,5.018749713897703
00-0031503,J.Winston,2015,QB,17.186250686645508,5.005001068115236
00-0025465,,2015,WR,11.9375,4.893750190734863
00-0027994,S.Vereen,2015,RB,9.899999618530272,4.831249713897703
00-0028118,T.Taylor,2015,QB,16.975000381469727,4.793750762939455
00-0031280,D.Carr,2015,QB,16.954999923706055,4.773750305175783
00-0023436,A.Smith,2015,QB,16.952499389648438,4.771249771118166
00-0021547,A.Gates,2015,TE,9.3125,4.756249904632568
00-0032209,T.Yeldon,2015,RB,9.743749618530272,4.674999713897703
00-0026345,P.Garcon,2015,WR,11.606249809265137,4.5625
00-0029262,R.Randle,2015,WR,11.568750381469728,4.525000572204592
00-0025396,T.Ginn,2015,WR,11.493749618530272,4.449999809265135
00-0030663,W.Snead,2015,WR,11.462499618530272,4.418749809265135
00-0031569,J.Langford,2015,RB,9.225000381469728,4.15625047683716
00-0031577,J.Allen,2015,RB,9.106249809265137,4.037499904632568
00-0029701,R.Tannehill,2015,QB,16.145000457763672,3.9637508392334
00-0029293,M.Jones,2015,WR,10.868749618530272,3.824999809265135
00-0031339,D.Moncrief,2015,WR,10.831250190734863,3.7875003814697266
00-0029854,C.Anderson,2015,RB,8.831250190734863,3.762500286102295
00-0029638,M.Floyd,2015,WR,10.806249618530272,3.762499809265135
00-0027150,J.Edelman,2015,WR,10.78125,3.7375001907348633
00-0030485,E.Lacy,2015,RB,8.787500381469727,3.718750476837158
00-0026267,,2015,TE,8.168749809265137,3.612499713897705
00-0031387,E.Ebron,2015,TE,8.168749809265137,3.612499713897705
00-0031373,M.Bryant,2015,WR,10.637499809265137,3.59375
00-0022084,,2015,WR,10.618749618530272,3.574999809265135
00-0030656,I.Crowell,2015,RB,8.612500190734863,3.543750286102295
00-0027981,K.Rudolph,2015,TE,8.03125,3.4749999046325684
00-0023465,,2015,TE,7.981249809265137,3.424999713897705
00-0032211,T.Lockett,2015,WR,10.462499618530272,3.418749809265135
00-0028064,B.Powell,2015,RB,8.443750381469727,3.375000476837158
00-0030668,C.West,2015,RB,8.300000190734863,3.231250286102295
00-0030279,K.Allen,2015,WR,10.21875,3.1750001907348633
00-0029697,C.Fleener,2015,TE,7.693749904632568,3.1374998092651367
00-0027973,A.Dalton,2015,QB,15.262499809265137,3.081250190734865
00-0028112,C.Clay,2015,TE,7.612500190734863,3.0562500953674316
00-0028067,J.Thomas,2015,TE,7.59375,3.0374999046325684
00-0027696,J.Graham,2015,TE,7.53125,2.9749999046325684
00-0031897,T.Rawls,2015,RB,7.974999904632568,2.90625
00-0029137,A.Jeffery,2015,WR,9.918749809265137,2.875
00-0027864,,2015,RB,7.78125,2.7125000953674316
00-0032152,,2015,RB,7.768750190734863,2.700000286102295
00-0024313,,2015,TE,7.231249809265137,2.674999713897705
00-0026201,M.Bennett,2015,TE,7.181250095367432,2.625
00-0027325,L.Blount,2015,RB,7.662499904632568,2.59375
00-0031062,J.White,2015,RB,7.662499904632568,2.59375
00-0026373,,2015,RB,7.650000095367432,2.5812501907348633
00-0030542,T.Williams,2015,WR,9.625,2.5812501907348633
00-0028087,D.Lewis,2015,RB,7.512499809265137,2.4437499046325684
00-0026143,M.Ryan,2015,QB,14.62125015258789,2.440000534057619
00-0030460,M.Wheaton,2015,WR,9.431249618530272,2.387499809265135
00-0026035,D.Amendola,2015,WR,9.396249771118164,2.3524999618530273
00-0031588,S.Diggs,2015,WR,9.331250190734863,2.2875003814697266
00-0032104,A.Abdullah,2015,RB,7.3125,2.2437500953674316
00-0031939,M.Jones,2015,RB,7.275000095367432,2.2062501907348633
00-0027125,Z.Miller,2015,TE,6.743750095367432,2.1875
00-0029275,,2015,TE,6.743750095367432,2.1875
00-0029159,J.Kearse,2015,WR,9.21875,2.1750001907348633
00-0022924,B.Roethlisberger,2015,QB,14.276249885559082,2.0950002670288104
00-0032055,D.Funchess,2015,TE,6.643750190734863,2.0875000953674316
00-0024226,J.Cutler,2015,QB,14.1537504196167,1.9725008010864276
00-0032004,W.Tye,2015,TE,6.525000095367432,1.96875
00-0030789,,2015,RB,7.002500057220459,1.9337501525878906
00-0031075,A.Blue,2015,RB,6.981249809265137,1.9124999046325684
00-0030496,L.Bell,2015,RB,6.950000286102295,1.8812503814697266
00-0032144,M.Gordon,2015,RB,6.768750190734863,1.700000286102295
00-0026164,C.Johnson,2015,RB,6.699999809265137,1.6312499046325684
00-0030992,C.Gillmore,2015,TE,6.137499809265137,1.581249713897705
00-0027218,,2015,RB,6.606249809265137,1.5374999046325684
00-0023367,,2015,WR,8.550000190734863,1.5062503814697266
00-0031941,J.Crowder,2015,WR,8.475000381469727,1.4312505722045898
00-0029000,C.Beasley,2015,WR,8.350000381469727,1.3062505722045898
00-0029580,R.Matthews,2015,WR,8.350000381469727,1.3062505722045898
00-0026213,J.Charles,2015,RB,6.318749904632568,1.25
00-0028040,,2015,TE,5.724999904632568,1.1687498092651367
00-0020337,,2015,WR,8.1875,1.1437501907348633
00-0032268,M.Mariota,2015,QB,13.188750267028809,1.007500648498537
00-0029141,A.Morris,2015,RB,6.037499904632568,0.96875
00-0027061,J.Cook,2015,TE,5.443749904632568,0.8874998092651367
00-0027996,T.Smith,2015,WR,7.831250190734863,0.7875003814697266
00-0025549,B.Celek,2015,TE,5.300000190734863,0.7437500953674316
00-0030404,C.Thompson,2015,RB,5.787499904632568,0.71875
00-0027006,K.Britt,2015,WR,7.631249904632568,0.5875000953674316
00-0024466,,2015,WR,7.5625,0.5187501907348633
00-0030470,V.McDonald,2015,TE,5.037499904632568,0.4812498092651367
00-0032256,C.Walford,2015,TE,4.931250095367432,0.375
00-0031418,A.Seferian-Jenkins,2015,TE,4.925000190734863,0.36875009536743164
00-0031237,T.Bridgewater,2015,QB,12.52750015258789,0.34625053405761896
00-0030431,R.Woods,2015,WR,7.387499809265137,0.34375
00-0026289,T.Hightower,2015,RB,5.400000095367432,0.3312501907348633
00-0024221,V.Davis,2015,TE,4.84375,0.28749990463256836
00-0029510,J.Grimes,2015,RB,5.34375,0.27500009536743164
00-0022044,,2015,WR,7.206250190734863,0.16250038146972656
00-0031376,J.McKinnon,2015,RB,5.212500095367432,0.14375019073486328
00-0030414,S.Ware,2015,RB,5.175000190734863,0.10625028610229492
00-0025399,M.Lynch,2015,RB,5.168749809265137,0.09999990463256836
00-0031045,C.Hyde,2015,RB,5.081250190734863,0.012500286102294922
00-0032218,,2015,WR,7.056250095367432,0.012500286102294922
00-0031203,C.Santos,2015,K,0.0074999998323619,0.0074999998323619
00-0028114,D.Harris,2015,WR,7.050000190734863,0.0062503814697265625
00-0025516,,2015,TE,4.556250095367432,0.0
00-0026364,,2015,WR,7.043749809265137,0.0
00-0027854,S.Bradford,2015,QB,12.181249618530272,0.0
00-0027861,C.Spiller,2015,RB,5.068749904632568,0.0
00-0031166,S.Roberts,2015,WR,7.0,-0.04374980926513672
00-0027077,,2015,WR,6.893750190734863,-0.14999961853027344
00-0028052,,2015,WR,6.871250152587891,-0.1724996566772461
00-0029738,D.Fells,2015,TE,4.381249904632568,-0.17500019073486328
00-0031273,C.Brate,2015,TE,4.362500190734863,-0.19374990463256836
00-0028202,S.Draughn,2015,RB,4.868750095367432,-0.19999980926513672
00-0024204,,2015,RB,4.856249809265137,-0.21250009536743164
00-0026796,,2015,RB,4.8125,-0.25624990463256836
00-0031381,D.Adams,2015,WR,6.71875,-0.3249998092651367
00-0023496,,2015,WR,6.706250190734863,-0.33749961853027344
00-0022811,,2015,WR,6.693749904632568,-0.34999990463256836
00-0026189,D.Jackson,2015,WR,6.675000190734863,-0.36874961853027344
00-0024268,A.Fasano,2015,TE,4.181250095367432,-0.375
00-0030287,A.Ellington,2015,RB,4.668749809265137,-0.40000009536743164
00-0030514,M.Rivera,2015,TE,4.125,-0.43125009536743164
00-0030388,,2015,RB,4.631249904632568,-0.4375
00-0031558,M.Williams,2015,TE,4.050000190734863,-0.5062499046325684
00-0029438,,2015,RB,4.518749713897705,-0.5500001907348633
00-0031118,C.Brown,2015,WR,6.46875,-0.5749998092651367
00-0028838,L.Donnell,2015,TE,3.956249952316284,-0.6000001430511475
00-0022414,,2015,WR,6.381249904632568,-0.6624999046325684
00-0030348,,2015,RB,4.40625,-0.6624999046325684
00-0027985,L.Kendricks,2015,TE,3.84375,-0.7125000953674316
00-0029239,B.Bolden,2015,RB,4.356249809265137,-0.7125000953674316
00-0028411,D.Inman,2015,WR,6.225000381469727,-0.8187494277954102
00-0023462,,2015,WR,6.224999904632568,-0.8187499046325684
00-0030547,,2015,RB,4.25,-0.8187499046325684
00-0026901,M.Wallace,2015,WR,6.181250095367432,-0.8624997138977051
00-0030108,R.Griffin,2015,TE,3.5687499046325684,-0.9875001907348633
00-0029795,B.Cunningham,2015,RB,4.0625,-1.0062499046325684
00-0029708,K.Wright,2015,WR,6.03125,-1.0124998092651367
00-0028903,G.Celek,2015,TE,3.4749999046325684,-1.0812501907348633
00-0030669,A.Wilson,2015,WR,5.918750286102295,-1.1249995231628418
00-0028237,C.Hogan,2015,WR,5.847499847412109,-1.1962499618530273
00-0031547,D.Parker,2015,WR,5.837500095367432,-1.206249713897705
00-0027651,,2015,WR,5.731249809265137,-1.3125
00-0029632,M.Sanu,2015,WR,5.71875,-1.3249998092651367
00-0031413,,2015,RB,3.700000047683716,-1.3687498569488525
00-0027681,B.LaFell,2015,WR,5.587500095367432,-1.456249713897705
00-0027902,D.Bryant,2015,WR,5.568749904632568,-1.4749999046325684
00-0030085,K.Stills,2015,WR,5.5625,-1.4812498092651367
00-0026224,H.Douglas,2015,WR,5.53125,-1.5124998092651367
00-0030801,B.Coleman,2015,WR,5.462500095367432,-1.581249713897705
00-0027873,J.Gresham,2015,TE,2.8937501907348637,-1.662499904632568
00-0023310,,2015,WR,5.293749809265137,-1.75
00-0026625,B.Hoyer,2015,QB,10.414999961853027,-1.7662496566772443
00-0030089,L.Willson,2015,TE,2.768749952316284,-1.7875001430511475
00-0030433,M.Gillislee,2015,RB,3.2249999046325684,-1.84375
00-0031391,,2015,RB,3.21875,-1.8499999046325684
00-0027675,E.Dickson,2015,TE,2.5687501430511475,-1.9874999523162842
00-0029004,L.Dunbar,2015,RB,3.075000047683716,-1.9937498569488525
00-0030047,M.Wilson,2015,WR,5.025000095367432,-2.018749713897705
00-0030216,J.Hill,2015,TE,2.5,-2.0562500953674316
00-0026158,J.Flacco,2015,QB,10.12125015258789,-2.059999465942381
00-0029572,J.Wright,2015,WR,4.943749904632568,-2.0999999046325684
00-0024243,M.Lewis,2015,TE,2.4124999046325684,-2.1437501907348633
00-0031302,C.Fiedorowicz,2015,TE,2.356250047683716,-2.200000047683716
00-0027003,,2015,RB,2.856250047683716,-2.2124998569488525
00-0029119,D.Carrier,2015,TE,2.3187501430511475,-2.237499952316284
00-0029205,T.Cadet,2015,RB,2.825000047683716,-2.2437498569488525
00-0030874,D.Williams,2015,RB,2.8187501430511475,-2.249999761581421
00-0027725,C.Harbor,2015,TE,2.306250095367432,-2.2499999999999996
00-0028017,,2015,WR,4.793749809265137,-2.25
00-0030990,J.Huff,2015,WR,4.762499809265137,-2.28125
00-0030450,,2015,WR,4.743750095367432,-2.299999713897705
00-0026225,,2015,TE,2.2562501430511475,-2.299999952316284
00-0028142,V.Green,2015,TE,2.206249952316284,-2.3500001430511475
00-0031598,N.Boyle,2015,TE,2.206249952316284,-2.3500001430511475
00-0028198,,2015,RB,2.712500095367432,-2.3562498092651363
00-0028198,M.Asiata,2015,RB,2.712500095367432,-2.3562498092651363
00-0027595,,2015,WR,4.674999713897705,-2.3687500953674316
00-0025637,,2015,RB,2.681250095367432,-2.3874998092651363
00-0030422,D.Sims,2015,TE,2.168750047683716,-2.387500047683716
00-0027732,M.Hoomanawanui,2015,TE,2.1624999046325684,-2.3937501907348633
00-0031590,J.Ajayi,2015,RB,2.668750047683716,-2.3999998569488525
00-0032058,T.Coleman,2015,RB,2.6624999046325684,-2.40625
00-0032062,B.Bell,2015,TE,2.0999999046325684,-2.4562501907348633
00-0029689,D.Allen,2015,TE,2.0625,-2.4937500953674316
00-0032214,T.Kroft,2015,TE,1.868750095367432,-2.6874999999999996
00-0029587,R.Ellison,2015,TE,1.837499976158142,-2.7187501192092896
00-0029910,T.Wright,2015,TE,1.7937499284744265,-2.7625001668930054
00-0031057,K.Carey,2015,RB,2.299999952316284,-2.768749952316284
00-0030691,J.Butler,2015,WR,4.206250190734863,-2.8374996185302734
00-0028409,D.Harris,2015,RB,2.2249999046325684,-2.84375
00-0031055,A.Williams,2015,RB,2.212500095367432,-2.8562498092651363
00-0030758,,2015,TE,1.7000000476837158,-2.856250047683716
00-0029273,R.Turbin,2015,RB,2.200000047683716,-2.8687498569488525
00-0029731,F.Whittaker,2015,RB,2.200000047683716,-2.8687498569488525
00-0030049,C.Gragg,2015,TE,1.6875,-2.8687500953674316
00-0026182,,2015,WR,4.168749809265137,-2.875
00-0031599,C.Artis-Payne,2015,RB,2.1937499046325684,-2.875
00-0031277,B.Oliver,2015,RB,2.1875,-2.8812499046325684
00-0029534,C.Helfet,2015,TE,1.625,-2.9312500953674316
00-0027758,,2015,WR,4.106249809265137,-2.9375
00-0030181,J.Doyle,2015,TE,1.5750000476837158,-2.981250047683716
00-0028097,L.Smith,2015,TE,1.5625,-2.9937500953674316
00-0027135,,2015,TE,1.5437500476837158,-3.012500047683716
00-0026983,D.Heyward-Bey,2015,WR,4.025000095367432,-3.018749713897705
00-0029104,,2015,RB,2.012500047683716,-3.0562498569488525
00-0029415,K.Martin,2015,WR,3.96875,-3.0749998092651367
00-0031682,T.Ward,2015,RB,1.987499952316284,-3.081249952316284
00-0029614,,2015,WR,3.943749904632568,-3.099999904632569
00-0027139,J.Phillips,2015,TE,1.431249976158142,-3.1250001192092896
00-0028063,T.Jones,2015,RB,1.9375,-3.1312499046325684
00-0030536,,2015,RB,1.900000095367432,-3.1687498092651363
00-0031068,R.Grant,2015,WR,3.862499952316284,-3.1812498569488525
00-0030272,,2015,TE,1.3562500476837158,-3.200000047683716
00-0032135,J.James,2015,TE,1.350000023841858,-3.2062500715255737
00-0028042,L.Stocker,2015,TE,1.318750023841858,-3.2375000715255737
00-0027069,,2015,TE,1.3187499046325684,-3.2375001907348633
00-0030432,C.Michael,2015,RB,1.806249976158142,-3.2624999284744263
00-0030155,D.Harris,2015,TE,1.274999976158142,-3.2812501192092896
00-0026996,,2015,TE,1.2312500476837158,-3.325000047683716
00-0031044,T.Niklas,2015,TE,1.2062499523162842,-3.3500001430511475
00-0032009,A.Humphries,2015,WR,3.6875,-3.3562498092651367
00-0030860,O.Darkwa,2015,RB,1.712499976158142,-3.3562499284744263
00-0031585,M.Pruitt,2015,TE,1.181249976158142,-3.3750001192092896
00-0030544,G.Escobar,2015,TE,1.149999976158142,-3.4062501192092896
00-0028263,A.Holmes,2015,WR,3.631249904632568,-3.412499904632569
00-0028043,,2015,RB,1.649999976158142,-3.4187499284744263
00-0030780,R.Hewitt,2015,TE,1.118749976158142,-3.4375001192092896
00-0031375,T.West,2015,RB,1.5749999284744265,-3.493749976158142
00-0029634,J.Hanna,2015,TE,1.0562500953674316,-3.5
00-0024813,,2015,RB,1.4874999523162842,-3.581249952316284
00-0030288,R.Burkhead,2015,RB,1.4874999523162842,-3.581249952316284
00-0031549,N.Agholor,2015,WR,3.456249952316284,-3.5874998569488525
00-0027918,,2015,WR,3.4124999046325684,-3.6312499046325684
00-0027695,,2015,TE,0.9249999523162842,-3.6312501430511475
00-0031951,J.O'Shaughnessy,2015,TE,0.918749988079071,-3.6375001072883606
00-0030521,J.Hunter,2015,WR,3.400000095367432,-3.6437497138977046
00-0031462,J.Cunningham,2015,TE,0.8687499761581421,-3.6875001192092896
00-0031023,Q.Enunwa,2015,WR,3.34375,-3.6999998092651367
00-0029319,J.Bellamy,2015,WR,3.337500095367432,-3.7062497138977046
00-0030117,K.Williams,2015,RB,1.3624999523162842,-3.706249952316284
00-0029588,,2015,RB,1.350000023841858,-3.7187498807907104
00-0030465,K.Barner,2015,RB,1.3499999046325684,-3.71875
00-0030443,L.Toilolo,2015,TE,0.8374999761581421,-3.7187501192092896
00-0032133,,2015,RB,1.337499976158142,-3.7312499284744263
00-0032112,J.Nelson,2015,WR,3.306250095367432,-3.7374997138977046
00-0027718,,2015,TE,0.8125,-3.7437500953674316
00-0027321,J.Cumberland,2015,TE,0.793749988079071,-3.7625001072883606
00-0027772,,2015,RB,1.2999999523162842,-3.768749952316284
00-0032098,D.Brown,2015,TE,0.7749999761581421,-3.7812501192092896
00-0031228,T.Gabriel,2015,WR,3.2562499046325684,-3.7874999046325684
00-0027816,,2015,WR,3.25,-3.7937498092651367
00-0027825,J.Dray,2015,TE,0.7562500238418579,-3.8000000715255737
00-0023752,,2015,TE,0.75,-3.8062500953674316
00-0031743,A.Hunt,2015,RB,1.21875,-3.8499999046325684
00-0026298,,2015,TE,0.675000011920929,-3.8812500834465027
00-0030039,,2015,RB,1.1687500476837158,-3.8999998569488525
00-0031066,L.Taliaferro,2015,RB,1.162500023841858,-3.9062498807907104
00-0021206,J.McCown,2015,QB,8.260000228881836,-3.9212493896484357
00-0026998,,2015,WR,3.1187498569488525,-3.924999952316284
00-0030280,K.Davis,2015,RB,1.100000023841858,-3.9687498807907104
00-0029668,A.Luck,2015,QB,8.177499771118164,-4.003749847412108
00-0032208,P.Dorsett,2015,WR,3.012500047683716,-4.031249761581421
00-0032063,M.Davis,2015,RB,1.037500023841858,-4.0312498807907104
00-0030710,T.Burton,2015,TE,0.5249999761581421,-4.0312501192092896
00-0030578,C.Patterson,2015,RB,1.03125,-4.037499904632568
00-0031560,J.Strong,2015,WR,3.0062499046325684,-4.037499904632568
00-0027948,B.Gabbert,2015,QB,8.108750343322754,-4.072499275207518
00-0030705,J.Thompson,2015,RB,0.993749976158142,-4.074999928474426
00-0028958,C.Harkey,2015,TE,0.4749999940395355,-4.081250101327896
00-0028007,,2015,TE,0.4562500119209289,-4.100000083446503
00-0027753,,2015,TE,0.4437500238418579,-4.112500071525574
00-0031060,D.Thomas,2015,WR,2.900000095367432,-4.143749713897705
00-0032170,R.Greene,2015,WR,2.893749952316284,-4.1499998569488525
00-0024267,,2015,WR,2.862499952316284,-4.1812498569488525
00-0022736,,2015,RB,0.875,-4.193749904632568
00-0031493,,2015,RB,0.8687499761581421,-4.199999928474426
00-0030110,,2015,TE,0.3499999940395355,-4.206250101327896
00-0031744,M.LaCosse,2015,TE,0.324999988079071,-4.231250107288361
00-0029848,N.Williams,2015,WR,2.806250095367432,-4.237499713897705
00-0029429,,2015,RB,0.8250000476837158,-4.2437498569488525
00-0030920,,2015,WR,2.799999952316284,-4.2437498569488525
00-0032117,N.O'Leary,2015,TE,0.293749988079071,-4.262500107288361
00-0030187,R.Ross,2015,WR,2.775000095367432,-4.268749713897705
00-0028011,S.Ridley,2015,RB,0.800000011920929,-4.268749892711639
00-0030855,,2015,RB,0.793749988079071,-4.274999916553497
00-0028987,P.Supernaw,2015,TE,0.262499988079071,-4.293750107288361
00-0031431,M.Lee,2015,WR,2.743750095367432,-4.299999713897705
00-0028841,,2015,RB,0.7687499523162842,-4.299999952316284
00-0031610,D.Waller,2015,TE,0.2375000119209289,-4.318750083446503
00-0029033,G.Whalen,2015,WR,2.71875,-4.324999809265137
00-0028091,J.Kerley,2015,WR,2.700000047683716,-4.343749761581421
00-0032128,C.Conley,2015,WR,2.681250095367432,-4.362499713897705
00-0031611,,2015,RB,0.699999988079071,-4.368749916553497
00-0025464,,2015,TE,0.1875,-4.368750095367432
00-0026739,,2015,WR,2.668750047683716,-4.374999761581421
00-0032200,T.Montgomery,2015,WR,2.625,-4.418749809265137
00-0031167,S.Simonson,2015,TE,0.125,-4.431250095367432
00-0031922,K.Lee,2015,TE,0.1062500029802322,-4.450000092387199
00-0031968,E.Bibbs,2015,TE,0.1062500029802322,-4.450000092387199
00-0023921,,2015,WR,2.587500095367432,-4.456249713897705
00-0030806,,2015,TE,0.1000000014901161,-4.4562500938773155
00-0032089,B.Parker,2015,TE,0.1000000014901161,-4.4562500938773155
00-0027888,,2015,RB,0.606249988079071,-4.462499916553497
00-0029755,,2015,TE,0.0874999985098838,-4.468750096857548
00-0032134,C.Uzomah,2015,TE,0.0874999985098838,-4.468750096857548
00-0026008,,2015,TE,0.0750000029802322,-4.481250092387199
00-0029878,M.Gray,2015,TE,0.0750000029802322,-4.481250092387199
00-0030832,A.Cleveland,2015,TE,0.0687500014901161,-4.4875000938773155
00-0032141,G.Swaim,2015,TE,0.0625,-4.493750095367432
00-0031665,Z.Zenner,2015,RB,0.5687500238418579,-4.4999998807907104
00-0031570,J.Hardy,2015,WR,2.525000095367432,-4.518749713897705
00-0024217,,2015,RB,0.5437500476837158,-4.5249998569488525
00-0023506,,2015,TE,0.0,-4.556250095367432
00-0026957,D.Johnson,2015,TE,-0.012500001117587,-4.568750096485019
00-0028074,A.Sherman,2015,RB,0.4624999761581421,-4.606249928474426
00-0030282,,2015,RB,0.449999988079071,-4.618749916553497
00-0029384,B.Rainey,2015,RB,0.4000000059604645,-4.668749898672104
00-0030516,B.Butler,2015,WR,2.362499952316284,-4.6812498569488525
00-0031332,F.Toussaint,2015,RB,0.3875000178813934,-4.681249886751175
00-0028083,J.Rodgers,2015,RB,0.3812499940395355,-4.687499910593033
00-0031959,M.Murphy,2015,RB,0.375,-4.693749904632568
00-0032068,M.Johnson,2015,RB,0.34375,-4.724999904632568
00-0029264,B.Pierce,2015,RB,0.3000000119209289,-4.768749892711639
00-0030670,B.Fowler,2015,WR,2.268749952316284,-4.7749998569488525
00-0030532,,2015,WR,2.262500047683716,-4.781249761581421
00-0030035,A.Thielen,2015,WR,2.2062501907348637,-4.837499618530273
00-0031085,J.Prosch,2015,RB,0.2062500119209289,-4.862499892711639
00-0031526,,2015,RB,0.1875,-4.881249904632568
00-0029682,B.Osweiler,2015,QB,7.298749923706055,-4.882499694824217
00-0028702,C.Matthews,2015,WR,2.1312499046325684,-4.912499904632568
00-0031806,M.Brown,2015,RB,0.15625,-4.912499904632568
00-0028121,J.Todman,2015,RB,0.1375000029802322,-4.931249901652336
00-0031826,J.Crockett,2015,RB,0.1312500089406967,-4.937499895691872
00-0031900,R.Smith,2015,RB,0.1312499940395355,-4.937499910593033
00-0030000,K.Thompkins,2015,WR,2.09375,-4.949999809265137
00-0031830,,2015,RB,0.1187500059604644,-4.949999898672104
00-0031768,T.Magee,2015,RB,0.1062500029802322,-4.962499901652336
00-0031731,C.Grant,2015,RB,0.0937500074505806,-4.974999897181988
00-0031531,Tr.Williams,2015,RB,0.0750000029802322,-4.993749901652336
00-0026855,,2015,RB,0.0687500014901161,-4.999999903142452
00-0030248,,2015,RB,0.0437500029802322,-5.024999901652336
00-0028053,,2015,RB,0.0125000001862645,-5.056249904446304
00-0030247,G.Winn,2015,RB,0.0062500000931322,-5.062499904539436
00-0030300,J.Brown,2015,WR,1.962499976158142,-5.081249833106995
00-0027691,A.Roberts,2015,WR,1.90625,-5.137499809265137
00-0032008,D.Dye,2015,WR,1.8874999284744265,-5.1562498807907104
00-0029626,,2015,RB,-0.1062500029802322,-5.174999907612801
00-0027089,L.Murphy,2015,WR,1.862499952316284,-5.1812498569488525
00-0026237,,2015,WR,1.84375,-5.199999809265137
00-0031326,B.Ellington,2015,WR,1.8125,-5.231249809265137
00-0031189,T.Jones,2015,WR,1.806249976158142,-5.237499833106995
00-0031459,,2015,RB,-0.1749999970197677,-5.243749901652336
00-0027974,,2015,QB,6.887500286102295,-5.293749332427977
00-0030540,A.Dobson,2015,WR,1.6937499046325684,-5.349999904632568
00-0031600,,2015,WR,1.6812500953674316,-5.362499713897705
00-0024324,,2015,WR,1.681249976158142,-5.362499833106995
00-0031934,D.Smith,2015,WR,1.65625,-5.387499809265137
00-0031972,D.Jennings,2015,WR,1.6062500476837158,-5.437499761581421
00-0030400,M.Brown,2015,WR,1.5750000476837158,-5.468749761581421
00-0022427,,2015,WR,1.4499999284744265,-5.5937498807907104
00-0031912,C.Meredith,2015,WR,1.4375,-5.606249809265137
00-0031310,D.Street,2015,WR,1.399999976158142,-5.643749833106995
00-0030274,M.White,2015,WR,1.3624999523162842,-5.6812498569488525
00-0031818,B.Marquez,2015,WR,1.3624999523162842,-5.6812498569488525
00-0030113,C.Johnson,2015,WR,1.3562500476837158,-5.687499761581421
00-0027356,,2015,WR,1.318750023841858,-5.724999785423279
00-0029640,B.Quick,2015,WR,1.2625000476837158,-5.781249761581421
00-0031021,J.Abbrederis,2015,WR,1.256250023841858,-5.787499785423279
00-0029394,B.Bersin,2015,WR,1.181249976158142,-5.862499833106995
00-0031757,L.Whitehead,2015,WR,1.1437499523162842,-5.8999998569488525
00-0028249,J.Ross,2015,WR,1.125,-5.918749809265137
00-0031344,C.Latimer,2015,WR,1.125,-5.918749809265137
00-0028442,,2015,WR,1.068750023841858,-5.974999785423279
00-0032160,T.Williams,2015,WR,1.0625,-5.981249809265137
00-0026186,,2015,WR,1.024999976158142,-6.018749833106995
00-0031025,M.Campanaro,2015,WR,1.0125000476837158,-6.031249761581421
00-0028905,,2015,WR,0.875,-6.168749809265137
00-0027057,B.Tate,2015,WR,0.8687499761581421,-6.174999833106995
00-0029567,N.Foles,2015,QB,6.005000114440918,-6.176249504089354
00-0031409,,2015,QB,5.9375,-6.243749618530272
00-0027708,,2015,WR,0.800000011920929,-6.243749797344208
00-0027005,,2015,WR,0.7749999761581421,-6.268749833106995
00-0030147,R.Shepard,2015,WR,0.737500011920929,-6.306249797344208
00-0030095,C.Fuller,2015,WR,0.7250000238418579,-6.318749785423279
00-0025410,,2015,WR,0.6437499523162842,-6.3999998569488525
00-0029388,D.Thompson,2015,WR,0.6312500238418579,-6.412499785423279
00-0031001,J.Janis,2015,WR,0.6187499761581421,-6.424999833106995
00-0032123,T.McBride,2015,WR,0.6000000238418579,-6.443749785423279
00-0010346,,2015,QB,5.710000038146973,-6.471249580383299
00-0027450,,2015,WR,0.5625,-6.481249809265137
00-0007091,,2015,QB,5.693749904632568,-6.487499713897703
00-0031320,,2015,WR,0.4562500119209289,-6.587499797344208
00-0028050,,2015,WR,0.4437499940395355,-6.599999815225601
00-0029660,T.Graham,2015,WR,0.4000000059604645,-6.643749803304672
00-0032115,K.Clay,2015,WR,0.375,-6.668749809265137
00-0028825,T.Pryor,2015,WR,0.3187499940395355,-6.724999815225601
00-0031257,P.Richardson,2015,WR,0.3125,-6.731249809265137
00-0030120,,2015,WR,0.2925000190734863,-6.75124979019165
00-0032045,A.Turzilli,2015,WR,0.28125,-6.762499809265137
00-0030068,M.Goodwin,2015,WR,0.2750000059604645,-6.768749803304672
00-0031932,,2015,WR,0.2750000059604645,-6.768749803304672
00-0031953,G.Davis,2015,WR,0.2562499940395355,-6.787499815225601
00-0031511,D.White,2015,WR,0.2374999970197677,-6.806249812245369
00-0028020,,2015,WR,0.2000000029802322,-6.8437498062849045
00-0030659,J.Krause,2015,WR,0.1937499940395355,-6.849999815225601
00-0031816,,2015,WR,0.1624999940395355,-6.881249815225601
00-0024535,E.Weems,2015,WR,0.15625,-6.887499809265137
00-0031962,M.Alford,2015,WR,0.15625,-6.887499809265137
00-0032250,K.Williams,2015,WR,0.1437499970197677,-6.899999812245369
00-0032166,S.Coates,2015,WR,0.1312499940395355,-6.912499815225601
00-0032001,,2015,WR,0.1187499985098838,-6.924999810755253
00-0029129,R.Streater,2015,WR,0.1124999970197677,-6.931249812245369
00-0031854,C.Harper,2015,WR,0.1000000014901161,-6.943749807775021
00-0029336,B.Golden,2015,WR,0.09375,-6.949999809265137
00-0027581,,2015,WR,0.0874999985098838,-6.956249810755253
00-0030856,T.Washington,2015,WR,0.050000000745058,-6.993749808520079
00-0029435,,2015,WR,0.0375000014901161,-7.006249807775021
00-0026293,M.Slater,2015,WR,0.0,-7.043749809265137
00-0030162,,2015,WR,0.0,-7.043749809265137
00-0030807,S.Jones,2015,WR,0.0,-7.043749809265137
00-0031315,M.Hazel,2015,WR,0.0,-7.043749809265137
00-0031327,,2015,WR,0.0,-7.043749809265137
00-0032188,V.Mayle,2015,WR,0.0,-7.043749809265137
00-0026577,,2015,WR,-0.0062500000931322,-7.049999809358269
00-0028012,R.Mallett,2015,QB,4.433750152587891,-7.747499465942381
00-0023662,M.Cassel,2015,QB,4.177499771118164,-8.003749847412108
00-0029677,B.Weeden,2015,QB,4.151249885559082,-8.02999973297119
00-0031288,A.McCarron,2015,QB,3.4537501335144043,-8.727499485015867
00-0028986,C.Keenum,2015,QB,2.726249933242798,-9.454999685287474
00-0031266,,2015,QB,2.637500047683716,-9.543749570846556
00-0021678,,2015,QB,2.541249990463257,-9.639999628067015
00-0030526,E.Manuel,2015,QB,2.427499771118164,-9.753749847412108
00-0027659,,2015,QB,2.072499990463257,-10.108749628067015
00-0029234,K.Moore,2015,QB,2.0662498474121094,-10.114999771118162
00-0026898,M.Sanchez,2015,QB,2.052500009536743,-10.128749608993528
00-0020245,,2015,QB,1.9212501049041748,-10.259999513626097
00-0022787,M.Schaub,2015,QB,1.6624999046325684,-10.518749713897703
00-0028090,T.Yates,2015,QB,1.4249999523162842,-10.756249666213987
00-0030524,L.Jones,2015,QB,1.3762500286102295,-10.804999589920042
00-0030565,G.Smith,2015,QB,1.25,-10.931249618530272
00-0028957,A.Davis,2015,QB,1.1987500190734863,-10.982499599456785
00-0022864,L.McCown,2015,QB,0.7124999761581421,-11.46874964237213
00-0026993,,2015,QB,0.6474999785423279,-11.533749639987944
00-0023578,D.Orlovsky,2015,QB,0.6274999976158142,-11.553749620914457
00-0030419,M.McGloin,2015,QB,0.6050000190734863,-11.576249599456785
00-0027688,C.McCoy,2015,QB,0.5512499809265137,-11.629999637603758
00-0029623,A.Tanney,2015,QB,0.4975000023841858,-11.683749616146086
00-0030586,R.Nassib,2015,QB,0.4199999868869781,-11.761249631643294
00-0024264,K.Clemens,2015,QB,0.4012500047683716,-11.7799996137619
00-0029531,,2015,QB,0.395000010728836,-11.786249607801436
00-0024296,,2015,QB,0.2562499940395355,-11.924999624490736
00-0023645,D.Anderson,2015,QB,0.0775000005960464,-12.103749617934225
00-0032245,S.Mannion,2015,QB,0.0775000005960464,-12.103749617934225
00-0024279,,2015,QB,0.0425000004470348,-12.138749618083237
00-0025708,M.Moore,2015,QB,0.0225000008940696,-12.158749617636202
00-0020679,,2015,QB,0.0062499996274709,-12.1749996189028
00-0026544,C.Daniel,2015,QB,-0.0025000004097819,-12.183749618940054
00-0027796,J.Webb,2015,QB,-0.0062500000931322,-12.187499618623404
00-0032156,T.Siemian,2015,QB,-0.0062500000931322,-12.187499618623404
00-0028595,S.Tolzien,2015,QB,-0.0087500009685754,-12.189999619498847
00-0031345,J.Garoppolo,2015,QB,-0.0162500012665987,-12.19749961979687
00-0025430,D.Stanton,2015,QB,-0.0712499991059303,-12.252499617636202
00-0030569,,2015,QB,-0.1224999949336052,-12.303749613463877
00-0022999,,2015,,1.649999976158142,
00-0026069,,2015,,5.1875,
00-0026286,,2015,,0.1500000059604644,
00-0026393,,2015,,4.90625,
00-0026852,,2015,,0.574999988079071,
00-0027905,,2015,,0.7374999523162842,
00-0027917,,2015,,0.0874999985098838,
00-0028149,,2015,,1.931249976158142,
00-0028581,,2015,,2.25,
00-0029068,,2015,,0.262499988079071,
00-0029492,,2015,,2.150000095367432,
00-0029619,,2015,,0.2062499970197677,
00-0029729,,2015,,0.931249976158142,
00-0029892,,2015,,6.087500095367432,
00-0029931,,2015,,2.15625,
00-0030112,,2015,,0.6124999523162842,
00-0030741,,2015,,0.2249999940395355,
00-0031595,,2015,,1.006250023841858,
00-0031612,,2015,,0.1749999970197677,
00-0032122,,2015,,0.3187499940395355,
00-0032130,,2015,,1.4187499284744265,
00-0030496,L.Bell,2014,RB,23.15625,18.44374990463257
00-0028009,D.Murray,2014,RB,21.943750381469727,17.231250286102295
00-0026184,M.Forte,2014,RB,21.662500381469727,16.950000286102295
00-0027793,A.Brown,2014,WR,24.306249618530277,16.26249980926514
00-0025399,M.Lynch,2014,RB,18.893749237060547,14.181249141693115
00-0027874,D.Thomas,2014,WR,21.306249618530277,13.26249980926514
00-0027656,R.Gronkowski,2014,TE,16.649999618530273,12.718749761581421
00-0026176,J.Nelson,2014,WR,20.493749618530277,12.44999980926514
00-0026796,,2014,RB,17.09375,12.381249904632568
00-0030485,E.Lacy,2014,RB,17.037500381469727,12.325000286102295
00-0027902,D.Bryant,2014,WR,19.75,11.706250190734863
00-0023459,A.Rodgers,2014,QB,22.13374900817871,11.619998931884767
00-0029668,A.Luck,2014,QB,21.98374938964844,11.469999313354498
00-0026213,J.Charles,2014,RB,15.649999618530272,10.93749952316284
00-0027685,E.Sanders,2014,WR,18.862499237060547,10.81874942779541
00-0026373,,2014,RB,15.43125057220459,10.718750476837158
00-0027944,J.Jones,2014,WR,18.587499618530277,10.54374980926514
00-0031235,O.Beckham,2014,WR,18.5625,10.518750190734863
00-0027696,J.Graham,2014,TE,14.368749618530272,10.43749976158142
00-0028002,R.Cobb,2014,WR,18.462499618530277,10.41874980926514
00-0029263,R.Wilson,2014,QB,20.537500381469727,10.023750305175783
00-0021547,A.Gates,2014,TE,13.94374942779541,10.012499570846558
00-0026201,M.Bennett,2014,TE,13.850000381469728,9.918750524520876
00-0025418,G.Olsen,2014,TE,13.800000190734863,9.86875033378601
00-0026995,J.Maclin,2014,WR,17.299999237060547,9.25624942779541
00-0029615,L.Miller,2014,RB,13.962499618530272,9.24999952316284
00-0010346,,2014,QB,19.542499542236328,9.028749465942385
00-0031299,J.Matthews,2014,TE,12.637499809265137,8.706249952316284
00-0022924,B.Roethlisberger,2014,QB,19.17374992370605,8.659999847412108
00-0029854,C.Anderson,2014,RB,13.206250190734863,8.493750095367432
00-0020531,D.Brees,2014,QB,18.998750686645508,8.485000610351564
00-0031301,J.Hill,2014,RB,13.181249618530272,8.46874952316284
00-0029137,A.Jeffery,2014,WR,16.350000381469727,8.30625057220459
00-0027891,G.Tate,2014,WR,16.193750381469727,8.15000057220459
00-0029608,T.Hilton,2014,WR,16.15625,8.112500190734863
00-0027029,L.McCoy,2014,RB,12.462499618530272,7.74999952316284
00-0027218,,2014,RB,12.387499809265137,7.674999713897705
00-0028198,,2014,RB,12.137499809265137,7.424999713897705
00-0028198,M.Asiata,2014,RB,12.137499809265137,7.424999713897705
00-0027966,M.Ingram,2014,RB,11.993749618530272,7.28124952316284
00-0031408,M.Evans,2014,WR,15.318750381469728,7.275000572204592
00-0026143,M.Ryan,2014,QB,17.766250610351562,7.252500534057619
00-0030506,T.Kelce,2014,TE,11.074999809265137,7.143749952316284
00-0029697,C.Fleener,2014,TE,11.024999618530272,7.093749761581419
00-0024204,,2014,RB,11.787500381469728,7.075000286102297
00-0024389,De.Walker,2014,TE,11.0,7.0687501430511475
00-0029141,A.Morris,2014,RB,11.743749618530272,7.03124952316284
00-0030456,G.Bernard,2014,RB,11.743749618530272,7.03124952316284
00-0029701,R.Tannehill,2014,QB,17.46875,6.9549999237060565
00-0019596,T.Brady,2014,QB,17.37874984741211,6.864999771118166
00-0030564,D.Hopkins,2014,WR,14.4375,6.393750190734863
00-0030287,A.Ellington,2014,RB,11.09375,6.381249904632568
00-0022127,J.Witten,2014,TE,10.268750190734863,6.337500333786011
00-0022803,E.Manning,2014,QB,16.84375,6.3299999237060565
00-0028067,J.Thomas,2014,TE,10.24375057220459,6.312500715255737
00-0027150,J.Edelman,2014,WR,14.287500381469728,6.243750572204592
00-0021678,,2014,QB,16.643749237060547,6.129999160766603
00-0025389,,2014,WR,14.168749809265137,6.125
00-0022942,P.Rivers,2014,QB,16.60249900817871,6.088748931884767
00-0023465,,2014,TE,10.006250381469728,6.075000524520876
00-0031359,K.Benjamin,2014,WR,14.112500190734863,6.068750381469727
00-0026158,J.Flacco,2014,QB,16.40250015258789,5.888750076293947
00-0022084,,2014,WR,13.725000381469728,5.681250572204592
00-0020337,,2014,WR,13.71875,5.675000190734863
00-0028838,L.Donnell,2014,TE,9.581250190734863,5.650000333786011
00-0027994,S.Vereen,2014,RB,10.362500190734863,5.650000095367432
00-0024226,J.Cutler,2014,QB,15.973750114440918,5.460000038146974
00-0026901,M.Wallace,2014,WR,13.300000190734863,5.256250381469727
00-0023462,,2014,WR,13.256250381469728,5.212500572204592
00-0026498,M.Stafford,2014,QB,15.723750114440918,5.210000038146974
00-0023500,F.Gore,2014,RB,9.918749809265137,5.206249713897705
00-0027974,,2014,QB,15.666250228881836,5.152500152587892
00-0023564,D.Sproles,2014,RB,9.850000381469728,5.137500286102297
00-0027681,B.LaFell,2014,WR,13.16249942779541,5.118749618530273
00-0030061,Z.Ertz,2014,TE,9.012499809265137,5.081249952316284
00-0026189,D.Jackson,2014,WR,13.100000381469728,5.056250572204592
00-0027939,C.Newton,2014,QB,15.561250686645508,5.047500610351564
00-0025637,,2014,RB,9.65625,4.943749904632568
00-0027531,C.Ivory,2014,RB,9.524999618530272,4.81249952316284
00-0027942,A.Green,2014,WR,12.831250190734863,4.787500381469727
00-0027873,J.Gresham,2014,TE,8.625,4.6937501430511475
00-0028112,C.Clay,2014,TE,8.53125,4.6000001430511475
00-0027690,E.Decker,2014,WR,12.512499809265137,4.46875
00-0026153,J.Stewart,2014,RB,9.125,4.412499904632568
00-0027061,J.Cook,2014,TE,8.337499618530273,4.406249761581421
00-0030514,M.Rivera,2014,TE,8.337499618530273,4.406249761581421
00-0031277,B.Oliver,2014,RB,9.081250190734863,4.368750095367432
00-0031055,A.Williams,2014,RB,9.068750381469728,4.356250286102297
00-0031325,S.Watkins,2014,WR,12.375,4.331250190734863
00-0022736,,2014,RB,8.84375,4.131249904632568
00-0027155,,2014,RB,8.65625,3.9437499046325684
00-0027996,T.Smith,2014,WR,11.981249809265137,3.9375
00-0022044,,2014,WR,11.912500381469728,3.8687505722045916
00-0024313,,2014,TE,7.793749809265137,3.8624999523162837
00-0031382,J.Landry,2014,WR,11.83750057220459,3.793750762939453
00-0031391,,2014,RB,8.456250190734863,3.7437500953674316
00-0027973,A.Dalton,2014,QB,14.10124969482422,3.587499618530277
00-0029262,R.Randle,2014,WR,11.425000190734863,3.3812503814697266
00-0029689,D.Allen,2014,TE,7.28125,3.350000143051147
00-0029795,B.Cunningham,2014,RB,8.050000190734863,3.3375000953674316
00-0026182,,2014,WR,11.324999809265137,3.28125
00-0028043,,2014,RB,7.956250190734863,3.2437500953674316
00-0025516,,2014,TE,7.168749809265137,3.2374999523162837
00-0023436,A.Smith,2014,QB,13.75,3.2362499237060565
00-0023496,,2014,WR,11.262499809265137,3.21875
00-0029632,M.Sanu,2014,WR,11.203749656677246,3.1599998474121094
00-0024334,B.Marshall,2014,WR,11.193750381469728,3.1500005722045916
00-0030279,K.Allen,2014,WR,11.081250190734863,3.0375003814697266
00-0024466,,2014,WR,11.074999809265137,3.03125
00-0024813,,2014,RB,7.6875,2.9749999046325684
00-0030656,I.Crowell,2014,RB,7.650000095367432,2.9375
00-0025465,,2014,WR,10.975000381469728,2.9312505722045916
00-0030280,K.Davis,2014,RB,7.5625,2.8499999046325684
00-0026144,D.McFadden,2014,RB,7.537499904632568,2.8249998092651367
00-0030085,K.Stills,2014,WR,10.868749618530272,2.824999809265135
00-0022414,,2014,WR,10.850000381469728,2.8062505722045916
00-0024267,,2014,WR,10.574999809265137,2.53125
00-0026164,C.Johnson,2014,RB,7.212500095367432,2.5
00-0029708,K.Wright,2014,WR,10.493749618530272,2.449999809265135
00-0028434,D.Baldwin,2014,WR,10.456250190734863,2.4125003814697266
00-0030547,,2014,RB,7.099999904632568,2.3874998092651367
00-0031375,T.West,2014,RB,7.043749809265137,2.331249713897705
00-0029638,M.Floyd,2014,WR,10.331250190734863,2.2875003814697266
00-0030431,R.Woods,2014,WR,10.306249618530272,2.262499809265135
00-0029384,B.Rainey,2014,RB,6.943749904632568,2.2312498092651367
00-0026986,M.Crabtree,2014,WR,10.137499809265137,2.09375
00-0026345,P.Garcon,2014,WR,10.074999809265137,2.03125
00-0030472,J.Reed,2014,TE,5.90625,1.975000143051147
00-0024217,,2014,RB,6.6875,1.9749999046325684
00-0028093,N.Paul,2014,TE,5.856249809265137,1.9249999523162837
00-0027918,,2014,WR,9.931249618530272,1.887499809265135
00-0031075,A.Blue,2014,RB,6.443749904632568,1.7312498092651367
00-0029683,R.Hillman,2014,RB,6.393750190734863,1.6812500953674316
00-0030821,A.Hurns,2014,WR,9.668749809265137,1.625
00-0029910,T.Wright,2014,TE,5.481249809265137,1.5499999523162837
00-0031280,D.Carr,2014,QB,12.0,1.4862499237060565
00-0020498,,2014,WR,9.493749618530272,1.449999809265135
00-0027325,L.Blount,2014,RB,6.131249904632568,1.4187498092651367
00-0022921,L.Fitzgerald,2014,WR,9.462499618530272,1.418749809265135
00-0031042,J.Amaro,2014,TE,5.28125,1.350000143051147
00-0031413,,2014,RB,6.012499809265137,1.299999713897705
00-0027985,L.Kendricks,2014,TE,5.181250095367432,1.2500002384185787
00-0030578,C.Patterson,2014,RB,5.943749904632568,1.2312498092651367
00-0030107,T.Riddick,2014,RB,5.918749809265137,1.206249713897705
00-0031376,J.McKinnon,2014,RB,5.893750190734863,1.1812500953674316
00-0030542,T.Williams,2014,WR,9.193750381469728,1.1500005722045916
00-0031051,J.Brown,2014,WR,9.1875,1.1437501907348633
00-0027753,,2014,TE,4.956250190734863,1.0250003337860103
00-0028040,,2014,TE,4.900000095367432,0.9687502384185787
00-0031237,T.Bridgewater,2014,QB,11.478750228881836,0.9650001525878924
00-0027006,K.Britt,2014,WR,8.887499809265137,0.84375
00-0030089,L.Willson,2014,TE,4.762499809265137,0.8312499523162837
00-0026178,,2014,TE,4.75,0.818750143051147
00-0031285,D.Freeman,2014,RB,5.456249713897705,0.7437496185302734
00-0028263,A.Holmes,2014,WR,8.768750190734863,0.7250003814697266
00-0023682,R.Fitzpatrick,2014,QB,11.232500076293944,0.71875
00-0031236,B.Cooks,2014,WR,8.706250190734863,0.6625003814697266
00-0030513,L.Murray,2014,RB,5.356249809265137,0.6437497138977051
00-0024268,A.Fasano,2014,TE,4.474999904632568,0.5437500476837154
00-0023541,,2014,QB,11.00749969482422,0.493749618530277
00-0025549,B.Celek,2014,TE,4.375,0.443750143051147
00-0025410,,2014,WR,8.462499618530273,0.4187498092651367
00-0027888,,2014,RB,5.074999809265137,0.3624997138977051
00-0029613,D.Martin,2014,RB,5.050000190734863,0.33750009536743164
00-0028083,J.Rodgers,2014,RB,5.0,0.28749990463256836
00-0026998,,2014,WR,8.21875,0.17500019073486328
00-0027321,J.Cumberland,2014,TE,4.106249809265137,0.17499995231628374
00-0030460,M.Wheaton,2014,WR,8.206250190734863,0.16250038146972656
00-0026855,,2014,RB,4.849999904632568,0.13749980926513672
00-0030443,L.Toilolo,2014,TE,4.050000190734863,0.1187503337860103
00-0027791,,2014,RB,4.831250190734863,0.11875009536743164
00-0030422,D.Sims,2014,TE,4.025000095367432,0.09375023841857866
00-0031373,M.Bryant,2014,WR,8.131250381469727,0.08750057220458984
00-0027890,,2014,RB,4.756249904632568,0.04374980926513672
00-0029273,R.Turbin,2014,RB,4.724999904632568,0.012499809265136719
00-0024221,V.Davis,2014,TE,3.931249856948853,0.0
00-0027758,,2014,WR,8.043749809265137,0.0
00-0028121,J.Todman,2014,RB,4.712500095367432,0.0
00-0029588,,2014,RB,4.712500095367432,0.0
00-0031407,B.Bortles,2014,QB,10.513750076293944,0.0
00-0030216,J.Hill,2014,TE,3.849999904632568,-0.08124995231628507
00-0031045,C.Hyde,2014,RB,4.631249904632568,-0.08125019073486328
00-0027725,C.Harbor,2014,TE,3.806249856948853,-0.125
00-0029104,,2014,RB,4.556249618530273,-0.1562504768371582
00-0029205,T.Cadet,2014,RB,4.549999713897705,-0.16250038146972656
00-0027003,,2014,RB,4.525000095367432,-0.1875
00-0027981,K.Rudolph,2014,TE,3.693749904632568,-0.23749995231628507
00-0027861,C.Spiller,2014,RB,4.46875,-0.24375009536743164
00-0031066,L.Taliaferro,2014,RB,4.412499904632568,-0.3000001907348633
00-0023752,,2014,TE,3.549999952316284,-0.3812499046325688
00-0031387,E.Ebron,2014,TE,3.487499952316284,-0.4437499046325688
00-0027772,,2014,RB,4.256249904632568,-0.4562501907348633
00-0026224,H.Douglas,2014,WR,7.537499904632568,-0.5062499046325684
00-0029432,,2014,TE,3.424999952316284,-0.5062499046325688
00-0031384,R.Rodgers,2014,TE,3.40625,-0.524999856948853
00-0027864,,2014,RB,4.181250095367432,-0.53125
00-0029572,J.Wright,2014,WR,7.493750095367432,-0.5499997138977051
00-0030348,,2014,RB,4.15625,-0.5562500953674316
00-0030282,,2014,RB,4.106249809265137,-0.6062502861022949
00-0031418,A.Seferian-Jenkins,2014,TE,3.3187499046325684,-0.6124999523162846
00-0028052,,2014,WR,7.373749732971191,-0.6700000762939453
00-0030536,,2014,RB,4.03125,-0.6812500953674316
00-0026625,B.Hoyer,2014,QB,9.80875015258789,-0.7049999237060529
00-0031428,A.Robinson,2014,WR,7.300000190734863,-0.7437496185302734
00-0023367,,2014,WR,7.293749809265137,-0.75
00-0024243,M.Lewis,2014,TE,3.1624999046325684,-0.7687499523162846
00-0023921,,2014,WR,7.237500190734863,-0.8062496185302734
00-0022811,,2014,WR,7.125,-0.9187498092651367
00-0024272,,2014,WR,7.125,-0.9187498092651367
00-0031390,C.Sims,2014,RB,3.78125,-0.9312500953674316
00-0029587,R.Ellison,2014,TE,2.987499952316284,-0.9437499046325688
00-0027825,J.Dray,2014,TE,2.950000047683716,-0.9812498092651372
00-0022943,B.Watson,2014,TE,2.8499999046325684,-1.0812499523162846
00-0030565,G.Smith,2014,QB,9.425000190734863,-1.0887498855590803
00-0030874,D.Williams,2014,RB,3.618749856948853,-1.0937502384185787
00-0027718,,2014,TE,2.731250047683716,-1.1999998092651372
00-0030544,G.Escobar,2014,TE,2.71875,-1.212499856948853
00-0024332,,2014,RB,3.4749999046325684,-1.2375001907348633
00-0029534,C.Helfet,2014,TE,2.65625,-1.274999856948853
00-0030388,,2014,RB,3.4124999046325684,-1.3000001907348633
00-0030181,J.Doyle,2014,TE,2.612499952316284,-1.3187499046325688
00-0022427,,2014,WR,6.712500095367432,-1.331249713897705
00-0029275,,2014,TE,2.5999999046325684,-1.3312499523162846
00-0028000,,2014,RB,3.368750095367432,-1.3437499999999996
00-0027135,,2014,TE,2.5625,-1.368749856948853
00-0028011,S.Ridley,2014,RB,3.25,-1.4625000953674316
00-0031228,T.Gabriel,2014,WR,6.568749904632568,-1.4749999046325684
00-0030705,J.Thompson,2014,RB,3.231250047683716,-1.4812500476837158
00-0026899,,2014,RB,3.21875,-1.4937500953674316
00-0029438,,2014,RB,3.174999952316284,-1.5375001430511475
00-0028237,C.Hogan,2014,WR,6.474999904632568,-1.5687499046325684
00-0029264,B.Pierce,2014,RB,3.118750095367432,-1.5937499999999996
00-0029004,L.Dunbar,2014,RB,3.0999999046325684,-1.6125001907348633
00-0027005,,2014,WR,6.40625,-1.6374998092651367
00-0026267,,2014,TE,2.1812498569488525,-1.7500000000000004
00-0031381,D.Adams,2014,WR,6.287499904632568,-1.7562499046325684
00-0026898,M.Sanchez,2014,QB,8.713749885559082,-1.8000001907348615
00-0029159,J.Kearse,2014,WR,6.242499828338623,-1.8012499809265137
00-0029429,,2014,RB,2.887500047683716,-1.8250000476837158
00-0029000,C.Beasley,2014,WR,6.1875,-1.8562498092651367
00-0027077,,2014,WR,6.150000095367432,-1.893749713897705
00-0026364,,2014,WR,6.03125,-2.0124998092651367
00-0031339,D.Moncrief,2014,WR,6.006249904632568,-2.0374999046325684
00-0030521,J.Hunter,2014,WR,5.987500190734863,-2.0562496185302734
00-0030525,T.Austin,2014,WR,5.974999904632568,-2.0687499046325684
00-0026281,,2014,TE,1.787500023841858,-2.143749833106995
00-0027714,,2014,TE,1.78125,-2.149999856948853
00-0030992,C.Gillmore,2014,TE,1.7562499046325684,-2.1749999523162846
00-0028064,B.Powell,2014,RB,2.5187501907348637,-2.193749904632568
00-0027691,A.Roberts,2014,WR,5.837500095367432,-2.206249713897705
00-0025542,,2014,TE,1.725000023841858,-2.206249833106995
00-0027675,E.Dickson,2014,TE,1.71875,-2.212499856948853
00-0027695,,2014,TE,1.712499976158142,-2.218749880790711
00-0030113,C.Johnson,2014,WR,5.712500095367432,-2.331249713897705
00-0030108,R.Griffin,2014,TE,1.568750023841858,-2.362499833106995
00-0029731,F.Whittaker,2014,RB,2.34375,-2.3687500953674316
00-0027215,L.Paulsen,2014,TE,1.5499999523162842,-2.381249904632569
00-0027450,,2014,WR,5.612500190734863,-2.4312496185302734
00-0028091,J.Kerley,2014,WR,5.612500190734863,-2.4312496185302734
00-0030522,,2014,RB,2.2749998569488525,-2.437500238418579
00-0029878,M.Gray,2014,TE,1.4000000953674316,-2.5312497615814213
00-0028007,,2014,TE,1.375,-2.556249856948853
00-0021206,J.McCown,2014,QB,7.933750152587891,-2.579999923706053
00-0028958,C.Harkey,2014,TE,1.34375,-2.587499856948853
00-0029883,,2014,TE,1.337499976158142,-2.593749880790711
00-0030532,,2014,WR,5.425000190734863,-2.6187496185302734
00-0031431,M.Lee,2014,WR,5.381249904632568,-2.6624999046325684
00-0028142,V.Green,2014,TE,1.2312500476837158,-2.699999809265137
00-0029119,D.Carrier,2014,TE,1.2312499284744265,-2.6999999284744263
00-0031008,,2014,RB,2.012500047683716,-2.700000047683716
00-0030780,R.Hewitt,2014,TE,1.162500023841858,-2.768749833106995
00-0027069,,2014,TE,1.149999976158142,-2.781249880790711
00-0030049,C.Gragg,2014,TE,1.1124999523162842,-2.818749904632569
00-0026367,,2014,RB,1.887500047683716,-2.825000047683716
00-0029510,J.Grimes,2014,RB,1.868749976158142,-2.8437501192092896
00-0028097,L.Smith,2014,TE,1.0750000476837158,-2.856249809265137
00-0026996,,2014,TE,1.0625,-2.868749856948853
00-0024242,,2014,RB,1.831249952316284,-2.8812501430511475
00-0029281,,2014,TE,1.0,-2.931249856948853
00-0025464,,2014,TE,0.975000023841858,-2.956249833106995
00-0029755,,2014,TE,0.96875,-2.962499856948853
00-0027089,L.Murphy,2014,WR,5.0625,-2.9812498092651367
00-0024275,,2014,RB,1.7312500476837158,-2.981250047683716
00-0030117,K.Williams,2014,RB,1.7312500476837158,-2.981250047683716
00-0029640,B.Quick,2014,WR,5.03125,-3.0124998092651367
00-0029567,N.Foles,2014,QB,7.457499980926514,-3.05625009536743
00-0031057,K.Carey,2014,RB,1.65625,-3.0562500953674316
00-0025425,,2014,TE,0.8500000238418579,-3.081249833106995
00-0029999,,2014,TE,0.84375,-3.087499856948853
00-0031302,C.Fiedorowicz,2014,TE,0.7999999523162842,-3.131249904632569
00-0031118,C.Brown,2014,WR,4.881249904632568,-3.1624999046325684
00-0027712,,2014,RB,1.5437500476837158,-3.168750047683716
00-0029738,D.Fells,2014,TE,0.7562500238418579,-3.174999833106995
00-0029048,J.Banyard,2014,RB,1.5,-3.2125000953674316
00-0028074,A.Sherman,2014,RB,1.493749976158142,-3.2187501192092896
00-0028042,L.Stocker,2014,TE,0.6937500238418579,-3.237499833106995
00-0028345,,2014,RB,1.443750023841858,-3.2687500715255737
00-0026988,,2014,RB,1.412500023841858,-3.3000000715255737
00-0024324,,2014,WR,4.712500095367432,-3.331249713897705
00-0030806,,2014,TE,0.6000000238418579,-3.331249833106995
00-0028497,K.Aiken,2014,WR,4.668750286102295,-3.374999523162842
00-0029634,J.Hanna,2014,TE,0.550000011920929,-3.381249845027924
00-0031243,S.Johnson,2014,RB,1.3249999284744265,-3.3875001668930054
00-0029793,B.Williams,2014,TE,0.5249999761581421,-3.406249880790711
00-0026931,,2014,TE,0.518750011920929,-3.412499845027924
00-0029601,,2014,TE,0.518750011920929,-3.412499845027924
00-0030288,R.Burkhead,2014,RB,1.287500023841858,-3.4250000715255737
00-0030855,,2014,RB,1.287500023841858,-3.4250000715255737
00-0030999,,2014,RB,1.25,-3.4625000953674316
00-0027732,M.Hoomanawanui,2014,TE,0.4624999761581421,-3.468749880790711
00-0028903,G.Celek,2014,TE,0.4562500119209289,-3.474999845027924
00-0031260,L.Thomas,2014,TE,0.4524999856948852,-3.4787498712539677
00-0030432,C.Michael,2014,RB,1.2312500476837158,-3.481250047683716
00-0026699,,2014,TE,0.4437500238418579,-3.487499833106995
00-0027139,J.Phillips,2014,TE,0.4437499940395355,-3.4874998629093175
00-0027202,,2014,TE,0.4437499940395355,-3.4874998629093175
00-0030710,T.Burton,2014,TE,0.4375,-3.493749856948853
00-0031044,T.Niklas,2014,TE,0.4250000119209289,-3.506249845027924
00-0030549,T.Eifert,2014,TE,0.418749988079071,-3.512499868869782
00-0029435,,2014,WR,4.5,-3.5437498092651367
00-0028987,P.Supernaw,2014,TE,0.375,-3.556249856948853
00-0030860,O.Darkwa,2014,RB,1.131250023841858,-3.5812500715255737
00-0029239,B.Bolden,2014,RB,1.1062500476837158,-3.606250047683716
00-0030865,,2014,TE,0.3187500238418579,-3.612499833106995
00-0030155,D.Harris,2014,TE,0.3125,-3.618749856948853
00-0026225,,2014,TE,0.2874999940395355,-3.6437498629093175
00-0029590,,2014,TE,0.2750000059604645,-3.6562498509883885
00-0028179,,2014,TE,0.2125000059604644,-3.7187498509883885
00-0030404,C.Thompson,2014,RB,0.993749976158142,-3.7187501192092896
00-0031123,,2014,RB,0.993749976158142,-3.7187501192092896
00-0023437,,2014,RB,0.981249988079071,-3.7312501072883606
00-0030470,V.McDonald,2014,TE,0.1875,-3.743749856948853
00-0029269,T.Benjamin,2014,WR,4.28125,-3.7624998092651367
00-0031273,C.Brate,2014,TE,0.1687500029802322,-3.7624998539686207
00-0028957,A.Davis,2014,QB,6.727499961853027,-3.786250114440916
00-0025701,,2014,RB,0.918749988079071,-3.7937501072883606
00-0030822,,2014,TE,0.1124999970197677,-3.818749859929085
00-0026957,D.Johnson,2014,TE,0.0874999985098838,-3.843749858438969
00-0027786,,2014,RB,0.8687500357627869,-3.8437500596046448
00-0030516,B.Butler,2014,WR,4.1875,-3.8562498092651367
00-0027739,,2014,RB,0.84375,-3.8687500953674316
00-0031392,,2014,RB,0.831250011920929,-3.8812500834465027
00-0026298,,2014,TE,0.0,-3.931249856948853
00-0027809,,2014,TE,0.0,-3.931249856948853
00-0028119,,2014,TE,0.0,-3.931249856948853
00-0028892,,2014,TE,0.0,-3.931249856948853
00-0030647,,2014,TE,0.0,-3.931249856948853
00-0030832,A.Cleveland,2014,TE,0.0,-3.931249856948853
00-0026019,D.Woodhead,2014,RB,0.7625000476837158,-3.950000047683716
00-0027651,,2014,WR,4.050000190734863,-3.9937496185302734
00-0025394,A.Peterson,2014,RB,0.706250011920929,-4.006250083446503
00-0026937,,2014,WR,4.03125,-4.012499809265137
00-0031062,J.White,2014,RB,0.6937500238418579,-4.018750071525574
00-0027140,,2014,RB,0.6875,-4.025000095367432
00-0021429,C.Palmer,2014,QB,6.471250057220459,-4.0425000190734846
00-0028841,,2014,RB,0.6312499642372131,-4.0812501311302185
00-0026932,C.Peerman,2014,RB,0.625,-4.087500095367432
00-0027265,V.Cruz,2014,WR,3.918750047683716,-4.124999761581421
00-0029298,,2014,RB,0.5687500238418579,-4.143750071525574
00-0031257,P.Richardson,2014,WR,3.881249904632568,-4.162499904632568
00-0031060,D.Thomas,2014,WR,3.868749856948853,-4.174999952316284
00-0028409,D.Harris,2014,RB,0.53125,-4.181250095367432
00-0028249,J.Ross,2014,WR,3.831249952316284,-4.2124998569488525
00-0030985,,2014,RB,0.4875000119209289,-4.225000083446503
00-0030247,G.Winn,2014,RB,0.4562500119209289,-4.256250083446503
00-0031332,F.Toussaint,2014,RB,0.4312499761581421,-4.2812501192092896
00-0030128,,2014,RB,0.387499988079071,-4.325000107288361
00-0027346,,2014,RB,0.375,-4.337500095367432
00-0030653,,2014,RB,0.293749988079071,-4.418750107288361
00-0030391,,2014,RB,0.262499988079071,-4.450000107288361
00-0030300,J.Brown,2014,WR,3.556250095367432,-4.487499713897705
00-0031085,J.Prosch,2014,RB,0.2125000059604644,-4.500000089406967
00-0030789,,2014,RB,0.1937499940395355,-4.518750101327896
00-0025439,,2014,RB,0.15625,-4.556250095367432
00-0029441,,2014,RB,0.1375000029802322,-4.575000092387199
00-0025430,D.Stanton,2014,QB,5.921250343322754,-4.59249973297119
00-0028202,S.Draughn,2014,RB,0.1187499985098838,-4.593750096857548
00-0031450,,2014,RB,0.0999999940395355,-4.612500101327896
00-0029664,J.Gordon,2014,WR,3.393749952316284,-4.6499998569488525
00-0029260,,2014,RB,0.0562499985098838,-4.656250096857548
00-0031209,S.Perry,2014,RB,0.0562499985098838,-4.656250096857548
00-0029317,,2014,RB,0.0125000001862645,-4.700000095181167
00-0026316,,2014,RB,0.0,-4.712500095367432
00-0030668,C.West,2014,RB,0.0,-4.712500095367432
00-0026035,D.Amendola,2014,WR,3.3125,-4.731249809265137
00-0029401,,2014,RB,-0.125,-4.837500095367432
00-0020679,,2014,QB,5.642499923706055,-4.871250152587889
00-0024297,,2014,WR,3.1499998569488525,-4.893749952316284
00-0030520,M.Glennon,2014,QB,5.598750114440918,-4.914999961853026
00-0029665,R.Griffin,2014,QB,5.585000038146973,-4.928750038146971
00-0030400,M.Brown,2014,WR,3.09375,-4.949999809265137
00-0022097,,2014,WR,3.087500095367432,-4.956249713897705
00-0029604,K.Cousins,2014,QB,5.525000095367432,-4.988749980926512
00-0023310,,2014,WR,2.9875001907348637,-5.056249618530273
00-0030000,K.Thompkins,2014,WR,2.981250047683716,-5.062499761581421
00-0024296,,2014,QB,5.377500057220459,-5.1362500190734846
00-0027057,B.Tate,2014,WR,2.775000095367432,-5.268749713897705
00-0029667,,2014,WR,2.681250095367432,-5.362499713897705
00-0028442,,2014,WR,2.668750047683716,-5.374999761581421
00-0030669,A.Wilson,2014,WR,2.625,-5.418749809265137
00-0025396,T.Ginn,2014,WR,2.5,-5.543749809265137
00-0030095,C.Fuller,2014,WR,2.450000047683716,-5.593749761581421
00-0029580,R.Matthews,2014,WR,2.362499952316284,-5.6812498569488525
00-0030047,M.Wilson,2014,WR,2.3125,-5.731249809265137
00-0029394,B.Bersin,2014,WR,2.1312501430511475,-5.912499666213989
00-0030035,A.Thielen,2014,WR,2.106250047683716,-5.937499761581421
00-0029614,,2014,WR,2.081249952316284,-5.9624998569488525
00-0031326,B.Ellington,2014,WR,2.0625,-5.981249809265137
00-0028050,,2014,WR,2.043750047683716,-5.999999761581421
00-0024535,E.Weems,2014,WR,2.012500047683716,-6.031249761581421
00-0031266,,2014,QB,4.430000305175781,-6.083749771118162
00-0026173,,2014,WR,1.9124999046325684,-6.131249904632568
00-0028016,,2014,WR,1.8625000715255735,-6.181249737739563
00-0025460,,2014,WR,1.856250047683716,-6.187499761581421
00-0027702,,2014,WR,1.7624999284744265,-6.2812498807907104
00-0028905,,2014,WR,1.7562499046325684,-6.287499904632568
00-0028411,D.Inman,2014,WR,1.7374999523162842,-6.3062498569488525
00-0026314,,2014,WR,1.625,-6.418749809265137
00-0027946,,2014,QB,3.994999885559082,-6.5187501907348615
00-0028020,,2014,WR,1.4874999523162842,-6.5562498569488525
00-0028086,,2014,WR,1.475000023841858,-6.568749785423279
00-0029129,R.Streater,2014,WR,1.462499976158142,-6.581249833106995
00-0027688,C.McCoy,2014,QB,3.929999828338623,-6.5837502479553205
00-0031025,M.Campanaro,2014,WR,1.4500000476837158,-6.593749761581421
00-0029311,,2014,WR,1.4249999523162842,-6.6187498569488525
00-0030990,J.Huff,2014,WR,1.40625,-6.637499809265137
00-0020494,,2014,WR,1.350000023841858,-6.693749785423279
00-0028532,,2014,WR,1.243749976158142,-6.799999833106995
00-0030466,,2014,WR,1.212499976158142,-6.831249833106995
00-0028114,D.Harris,2014,WR,1.2062499523162842,-6.8374998569488525
00-0028984,,2014,WR,1.2000000476837158,-6.843749761581421
00-0031327,,2014,WR,1.2000000476837158,-6.843749761581421
00-0030526,E.Manuel,2014,QB,3.670000076293945,-6.843749999999998
00-0025414,,2014,WR,1.149999976158142,-6.893749833106995
00-0029654,,2014,WR,1.131250023841858,-6.912499785423279
00-0031187,,2014,WR,1.1124999523162842,-6.9312498569488525
00-0029660,T.Graham,2014,WR,1.1062500476837158,-6.937499761581421
00-0028352,,2014,WR,1.087499976158142,-6.956249833106995
00-0031291,J.Wright,2014,WR,1.068750023841858,-6.974999785423279
00-0030897,C.Washington,2014,WR,1.0125000476837158,-7.031249761581421
00-0024240,,2014,WR,0.918749988079071,-7.124999821186066
00-0027322,,2014,WR,0.90625,-7.137499809265137
00-0029155,,2014,WR,0.862500011920929,-7.181249797344208
00-0029415,K.Martin,2014,WR,0.862500011920929,-7.181249797344208
00-0031068,R.Grant,2014,WR,0.862500011920929,-7.181249797344208
00-0027997,G.Little,2014,WR,0.8062499761581421,-7.237499833106995
00-0027595,,2014,WR,0.71875,-7.324999809265137
00-0030550,,2014,WR,0.71875,-7.324999809265137
00-0028045,,2014,WR,0.7124999761581421,-7.331249833106995
00-0023645,D.Anderson,2014,QB,3.1524999141693115,-7.361250162124632
00-0030147,R.Shepard,2014,WR,0.643750011920929,-7.399999797344208
00-0026780,,2014,WR,0.625,-7.418749809265137
00-0028021,,2014,WR,0.612500011920929,-7.431249797344208
00-0026237,,2014,WR,0.606249988079071,-7.437499821186066
00-0027581,,2014,WR,0.53125,-7.512499809265137
00-0030154,F.Hammond,2014,WR,0.53125,-7.512499809265137
00-0030450,,2014,WR,0.4625000059604645,-7.581249803304672
00-0030540,A.Dobson,2014,WR,0.4249999821186065,-7.61874982714653
00-0026577,,2014,WR,0.375,-7.668749809265137
00-0030068,M.Goodwin,2014,WR,0.375,-7.668749809265137
00-0029051,,2014,WR,0.3312499821186065,-7.71249982714653
00-0026691,,2014,WR,0.324999988079071,-7.718749821186066
00-0029209,,2014,WR,0.28125,-7.762499809265137
00-0026983,D.Heyward-Bey,2014,WR,0.2687500119209289,-7.774999797344208
00-0029033,G.Whalen,2014,WR,0.2687500119209289,-7.774999797344208
00-0031344,C.Latimer,2014,WR,0.2687500119209289,-7.774999797344208
00-0029673,D.Posey,2014,WR,0.25,-7.793749809265137
00-0020245,,2014,QB,2.716249942779541,-7.7975001335144025
00-0031310,D.Street,2014,WR,0.2374999970197677,-7.806249812245369
00-0031001,J.Janis,2014,WR,0.2249999940395355,-7.818749815225601
00-0030091,T.King,2014,WR,0.2062499970197677,-7.837499812245369
00-0027893,,2014,WR,0.1500000059604644,-7.893749803304672
00-0023503,,2014,WR,0.1312499940395355,-7.912499815225601
00-0030839,,2014,WR,0.1187499985098838,-7.924999810755253
00-0023176,,2014,WR,0.1124999970197677,-7.931249812245369
00-0023968,,2014,WR,0.1124999970197677,-7.931249812245369
00-0031053,,2014,WR,0.1062500029802322,-7.9374998062849045
00-0028116,A.Robinson,2014,WR,0.1000000014901161,-7.943749807775021
00-0030116,,2014,WR,0.0874999985098838,-7.956249810755253
00-0021570,,2014,WR,0.0,-8.043749809265137
00-0028017,,2014,WR,0.0,-8.043749809265137
00-0029300,,2014,WR,0.0,-8.043749809265137
00-0029319,J.Bellamy,2014,WR,0.0,-8.043749809265137
00-0029934,R.Smith,2014,WR,0.0,-8.043749809265137
00-0030671,I.Burse,2014,WR,0.0,-8.043749809265137
00-0030737,F.Martino,2014,WR,0.0,-8.043749809265137
00-0029463,,2014,WR,-0.0125000001862645,-8.056249809451401
00-0026197,C.Henne,2014,QB,1.8862500190734863,-8.627500057220457
00-0028986,C.Keenum,2014,QB,1.4312500953674316,-9.082499980926512
00-0023662,M.Cassel,2014,QB,1.4249999523162842,-9.08875012397766
00-0029531,,2014,QB,1.4049999713897705,-9.108750104904173
00-0029677,B.Weeden,2014,QB,1.2512500286102295,-9.262500047683714
00-0028012,R.Mallett,2014,QB,1.2374999523162842,-9.27625012397766
00-0007091,,2014,QB,1.0587499141693115,-9.455000162124632
00-0027659,,2014,QB,0.9887500405311584,-9.525000035762785
00-0027950,,2014,QB,0.7800000309944153,-9.733750045299528
00-0031345,J.Garoppolo,2014,QB,0.7612500190734863,-9.752500057220457
00-0031409,,2014,QB,0.7437499761581421,-9.770000100135801
00-0026544,C.Daniel,2014,QB,0.7362499833106995,-9.777500092983244
00-0024318,,2014,QB,0.5062500238418579,-10.007500052452086
00-0029682,B.Osweiler,2014,QB,0.3799999952316284,-10.133750081062315
00-0027948,B.Gabbert,2014,QB,0.3762499988079071,-10.137500077486036
00-0030419,M.McGloin,2014,QB,0.3412500023841858,-10.172500073909758
00-0030661,C.Shaw,2014,QB,0.2487500011920929,-10.26500007510185
00-0027796,J.Webb,2014,QB,0.1624999940395355,-10.351250082254408
00-0030586,R.Nassib,2014,QB,0.1312500089406967,-10.382500067353247
00-0029151,M.Simms,2014,QB,0.1099999994039535,-10.40375007688999
00-0023460,,2014,QB,0.0662499964237213,-10.447500079870222
00-0025708,M.Moore,2014,QB,0.0399999991059303,-10.473750077188013
00-0028090,T.Yates,2014,QB,0.0350000001490116,-10.478750076144932
00-0031064,T.Savage,2014,QB,0.0300000011920928,-10.48375007510185
00-0024264,K.Clemens,2014,QB,0.025000000372529,-10.488750075921415
00-0025592,,2014,QB,0.0112500004470348,-10.502500075846909
00-0024279,,2014,QB,0.0,-10.513750076293944
00-0030533,M.Barkley,2014,QB,0.0,-10.513750076293944
00-0024408,,2014,QB,-0.0125000001862645,-10.526250076480208
00-0028118,T.Taylor,2014,QB,-0.018750000745058,-10.532500077039002
00-0026349,,2014,QB,-0.1475000083446502,-10.661250084638594
00-0022787,M.Schaub,2014,QB,-0.2325000017881393,-10.746250078082083
00-0022999,,2014,,1.2999999523162842,
00-0026069,,2014,,1.818750023841858,
00-0026072,,2014,,1.0499999523162842,
00-0026286,,2014,,0.168749988079071,
00-0026393,,2014,,4.75,
00-0026557,,2014,,0.943750023841858,
00-0026852,,2014,,3.206249952316284,
00-0026926,,2014,,0.8499999642372131,
00-0027109,,2014,,1.306249976158142,
00-0027844,,2014,,1.006250023841858,
00-0027905,,2014,,0.1000000014901161,
00-0027917,,2014,,0.0687500014901161,
00-0027925,,2014,,0.675000011920929,
00-0028149,,2014,,2.987499952316284,
00-0028492,,2014,,0.0812499970197677,
00-0028581,,2014,,1.3250000476837158,
00-0029068,,2014,,0.6812499761581421,
00-0029492,,2014,,1.1749999523162842,
00-0029619,,2014,,0.4437499940395355,
00-0029729,,2014,,0.7312500476837158,
00-0029892,,2014,,2.450000047683716,
00-0030112,,2014,,0.3312500119209289,
00-0026213,J.Charles,2013,RB,23.625,19.97499990463257
00-0026184,M.Forte,2013,RB,21.081249237060547,17.431249141693115
00-0027029,L.McCoy,2013,RB,20.662500381469727,17.012500286102295
00-0010346,,2013,QB,25.623748779296875,15.144998550415039
00-0026988,,2013,RB,18.537500381469727,14.887500286102295
00-0027696,J.Graham,2013,TE,18.96875,14.268750190734863
00-0025399,M.Lynch,2013,RB,17.206249237060547,13.556249141693115
00-0028009,D.Murray,2013,RB,16.131250381469727,12.481250286102295
00-0027874,D.Thomas,2013,WR,19.9375,12.418749809265137
00-0027793,A.Brown,2013,WR,19.681249618530277,12.162499427795414
00-0029664,J.Gordon,2013,WR,19.649999618530277,12.131249427795414
00-0020531,D.Brees,2013,QB,22.354999542236328,11.876249313354492
00-0027942,A.Green,2013,WR,19.162500381469727,11.643750190734863
00-0024334,B.Marshall,2013,WR,19.09375,11.574999809265137
00-0030485,E.Lacy,2013,RB,15.15625,11.506249904632568
00-0025389,,2013,WR,18.950000762939453,11.43125057220459
00-0026164,C.Johnson,2013,RB,15.012499809265137,11.362499713897705
00-0024217,,2013,RB,14.949999809265137,11.299999713897705
00-0024204,,2013,RB,14.668749809265137,11.018749713897705
00-0025394,A.Peterson,2013,RB,14.543749809265137,10.893749713897705
00-0027902,D.Bryant,2013,WR,18.274999618530277,10.756249427795414
00-0026019,D.Woodhead,2013,RB,13.962499618530272,10.31249952316284
00-0030456,G.Bernard,2013,RB,13.931249618530272,10.28124952316284
00-0029137,A.Jeffery,2013,WR,17.725000381469727,10.206250190734863
00-0027690,E.Decker,2013,WR,17.487499237060547,9.968749046325684
00-0022044,,2013,WR,17.481250762939453,9.96250057220459
00-0030496,L.Bell,2013,RB,13.556249618530272,9.90624952316284
00-0027218,,2013,RB,13.543749809265137,9.893749713897705
00-0026345,P.Garcon,2013,WR,17.34375,9.824999809265137
00-0024813,,2013,RB,13.324999809265137,9.674999713897705
00-0027864,,2013,RB,13.149999618530272,9.49999952316284
00-0026189,D.Jackson,2013,WR,16.837499618530273,9.31874942779541
00-0026176,J.Nelson,2013,WR,16.524999618530273,9.00624942779541
00-0006101,,2013,TE,13.68125057220459,8.981250762939453
00-0028067,J.Thomas,2013,TE,13.487500190734863,8.787500381469727
00-0028040,,2013,TE,13.356249809265137,8.65625
00-0024221,V.Davis,2013,TE,13.3125,8.612500190734863
00-0023500,F.Gore,2013,RB,11.931249618530272,8.28124952316284
00-0027150,J.Edelman,2013,WR,15.731249809265137,8.212499618530273
00-0022127,J.Witten,2013,TE,12.881250381469728,8.181250572204592
00-0027939,C.Newton,2013,QB,18.60375022888184,8.125000000000004
00-0024275,,2013,RB,11.688750267028809,8.038750171661377
00-0022084,,2013,WR,15.375,7.856249809265137
00-0030536,,2013,RB,11.462499618530272,7.81249952316284
00-0029668,A.Luck,2013,QB,18.2862491607666,7.807498931884766
00-0023496,,2013,WR,15.149999618530272,7.631249427795408
00-0022942,P.Rivers,2013,QB,18.020000457763672,7.541250228881836
00-0027973,A.Dalton,2013,QB,18.001249313354492,7.522499084472656
00-0029141,A.Morris,2013,RB,11.143750190734863,7.493750095367432
00-0026195,,2013,RB,11.131250381469728,7.481250286102297
00-0023564,D.Sproles,2013,RB,10.962499618530272,7.31249952316284
00-0027155,,2013,RB,10.90625,7.256249904632568
00-0022921,L.Fitzgerald,2013,WR,14.762500762939451,7.243750572204588
00-0025418,G.Olsen,2013,TE,11.912500381469728,7.212500572204592
00-0028112,C.Clay,2013,TE,11.774999618530272,7.074999809265135
00-0026498,M.Stafford,2013,QB,17.431249618530273,6.9524993896484375
00-0021547,A.Gates,2013,TE,11.512499809265137,6.8125
00-0030287,A.Ellington,2013,RB,10.331250190734863,6.681250095367432
00-0024242,,2013,RB,10.225000381469728,6.575000286102297
00-0030578,C.Patterson,2013,RB,10.106249809265137,6.456249713897705
00-0029263,R.Wilson,2013,QB,16.886249542236328,6.407499313354492
00-0030279,K.Allen,2013,WR,13.850000381469728,6.331250190734865
00-0029608,T.Hilton,2013,WR,13.806249618530272,6.287499427795408
00-0027974,,2013,QB,16.517499923706055,6.038749694824219
00-0027861,C.Spiller,2013,RB,9.675000190734863,6.025000095367432
00-0026201,M.Bennett,2013,TE,10.55625057220459,5.856250762939453
00-0029708,K.Wright,2013,WR,13.368749618530272,5.849999427795408
00-0021678,,2013,QB,16.3075008392334,5.8287506103515625
00-0029567,N.Foles,2013,QB,16.233749389648438,5.754999160766602
00-0027003,,2013,RB,9.381250381469728,5.731250286102297
00-0022924,B.Roethlisberger,2013,QB,16.146249771118164,5.667499542236328
00-0022427,,2013,WR,13.175000190734863,5.65625
00-0022736,,2013,RB,9.274999618530272,5.62499952316284
00-0027890,,2013,RB,9.068750381469728,5.418750286102297
00-0023436,A.Smith,2013,QB,15.888750076293944,5.409999847412108
00-0026163,,2013,RB,9.00624942779541,5.3562493324279785
00-0019596,T.Brady,2013,QB,15.720000267028809,5.241250038146973
00-0027996,T.Smith,2013,WR,12.737500190734863,5.21875
00-0028083,J.Rodgers,2013,RB,8.831250190734863,5.181250095367432
00-0028064,B.Powell,2013,RB,8.756250381469727,5.106250286102295
00-0026224,H.Douglas,2013,WR,12.606249809265137,5.087499618530273
00-0027077,,2013,WR,12.600000381469728,5.081250190734865
00-0026143,M.Ryan,2013,QB,15.506250381469728,5.027500152587892
00-0024466,,2013,WR,12.456250190734863,4.9375
00-0026901,M.Wallace,2013,WR,12.456250190734863,4.9375
00-0029638,M.Floyd,2013,WR,12.443750381469728,4.925000190734865
00-0024389,De.Walker,2013,TE,9.568750381469728,4.868750572204592
00-0027994,S.Vereen,2013,RB,8.40625,4.756249904632568
00-0027265,V.Cruz,2013,WR,12.175000190734863,4.65625
00-0027061,J.Cook,2013,TE,9.131250381469728,4.431250572204592
00-0029701,R.Tannehill,2013,QB,14.895000457763672,4.416250228881836
00-0028011,S.Ridley,2013,RB,7.96875,4.318749904632568
00-0029293,M.Jones,2013,WR,11.793749809265137,4.274999618530273
00-0027891,G.Tate,2013,WR,11.681249618530272,4.162499427795408
00-0029910,T.Wright,2013,TE,8.831250190734863,4.131250381469727
00-0029697,C.Fleener,2013,TE,8.800000190734863,4.100000381469727
00-0029615,L.Miller,2013,RB,7.743750095367432,4.09375
00-0027325,L.Blount,2013,RB,7.5625,3.912499904632568
00-0027758,,2013,WR,11.40625,3.8874998092651367
00-0025860,,2013,RB,7.487499713897705,3.837499618530273
00-0027685,E.Sanders,2013,WR,11.34375,3.8249998092651367
00-0027718,,2013,TE,8.21875,3.5187501907348633
00-0027140,,2013,RB,7.143750190734863,3.493750095367431
00-0025516,,2013,TE,8.03125,3.3312501907348633
00-0029129,R.Streater,2013,WR,10.78125,3.2624998092651367
00-0024267,,2013,WR,10.774999618530272,3.2562494277954084
00-0029384,B.Rainey,2013,RB,6.887500286102295,3.237500190734863
00-0026796,,2013,RB,6.78125,3.131249904632568
00-0030522,,2013,RB,6.775000095367432,3.1249999999999996
00-0021429,C.Palmer,2013,QB,13.578749656677246,3.09999942779541
00-0028043,,2013,RB,6.71875,3.068749904632568
00-0027135,,2013,TE,7.700000286102295,3.000000476837158
00-0023367,,2013,WR,10.49375057220459,2.9750003814697266
00-0027656,R.Gronkowski,2013,TE,7.637499809265137,2.9375
00-0023465,,2013,TE,7.581250190734863,2.8812503814697266
00-0027531,C.Ivory,2013,RB,6.518750190734863,2.868750095367431
00-0022811,,2013,WR,10.356249809265137,2.8374996185302734
00-0029665,R.Griffin,2013,QB,13.313750267028809,2.8350000381469727
00-0020337,,2013,WR,10.15625,2.6374998092651367
00-0028052,,2013,WR,10.106249809265137,2.5874996185302734
00-0025549,B.Celek,2013,TE,7.262499809265137,2.5625
00-0026144,D.McFadden,2013,RB,6.146250247955322,2.49625015258789
00-0026158,J.Flacco,2013,QB,12.973750114440918,2.494999885559082
00-0026182,,2013,WR,10.012499809265137,2.4937496185302734
00-0030472,J.Reed,2013,TE,7.168749809265137,2.46875
00-0028000,,2013,RB,6.118750095367432,2.4687499999999996
00-0025465,,2013,WR,9.918749809265137,2.3999996185302734
00-0028434,D.Baldwin,2013,WR,9.90000057220459,2.3812503814697266
00-0027094,,2013,RB,5.84375,2.193749904632568
00-0027873,J.Gresham,2013,TE,6.862500190734863,2.1625003814697266
00-0025410,,2013,WR,9.643750190734863,2.125
00-0027791,,2013,RB,5.762499809265137,2.1124997138977046
00-0030061,Z.Ertz,2013,TE,6.681250095367432,1.981250286102295
00-0023462,,2013,WR,9.38124942779541,1.8624992370605469
00-0030542,T.Williams,2013,WR,9.25,1.7312498092651367
00-0029264,B.Pierce,2013,RB,5.375,1.724999904632568
00-0030514,M.Rivera,2013,TE,6.418749809265137,1.71875
00-0030565,G.Smith,2013,QB,12.171250343322754,1.692500114440918
00-0025425,,2013,TE,6.356249809265137,1.65625
00-0027005,,2013,WR,9.100000381469728,1.581250190734865
00-0028086,,2013,WR,9.09375,1.5749998092651367
00-0030400,M.Brown,2013,WR,9.074999809265137,1.5562496185302734
00-0028825,T.Pryor,2013,WR,8.970000267028809,1.4512500762939453
00-0027681,B.LaFell,2013,WR,8.949999809265137,1.4312496185302734
00-0029239,B.Bolden,2013,RB,5.081249713897705,1.431249618530273
00-0030564,D.Hopkins,2013,WR,8.887499809265137,1.3687496185302734
00-0030549,T.Eifert,2013,TE,5.96875,1.2687501907348633
00-0029262,R.Randle,2013,WR,8.631250381469727,1.1125001907348633
00-0026996,,2013,TE,5.787499904632568,1.0875000953674316
00-0028007,,2013,TE,5.650000095367432,0.9500002861022949
00-0029051,,2013,WR,8.443750381469727,0.9250001907348633
00-0027321,J.Cumberland,2013,TE,5.612500190734863,0.9125003814697266
00-0030280,K.Davis,2013,RB,4.418749809265137,0.7687497138977046
00-0029613,D.Martin,2013,RB,4.387499809265137,0.7374997138977046
00-0028121,J.Todman,2013,RB,4.324999809265137,0.6749997138977046
00-0030525,T.Austin,2013,WR,8.181249618530273,0.6624994277954102
00-0026364,,2013,WR,8.168749809265137,0.6499996185302734
00-0026035,D.Amendola,2013,WR,8.087499618530273,0.5687494277954102
00-0027651,,2013,WR,8.037500381469727,0.5187501907348633
00-0022165,,2013,TE,5.206250190734863,0.5062503814697266
00-0024243,M.Lewis,2013,TE,5.181250095367432,0.4812502861022949
00-0029883,,2013,TE,5.168749809265137,0.46875
00-0030085,K.Stills,2013,WR,7.943749904632568,0.4249997138977051
00-0025439,,2013,RB,4.068749904632568,0.4187498092651363
00-0027985,L.Kendricks,2013,TE,5.112500190734863,0.41250038146972656
00-0022922,,2013,TE,5.112499713897705,0.41249990463256836
00-0026186,,2013,WR,7.912499904632568,0.3937497138977051
00-0026899,,2013,RB,3.962500095367432,0.3125
00-0025396,T.Ginn,2013,WR,7.78125,0.2624998092651367
00-0027981,K.Rudolph,2013,TE,4.956250190734863,0.25625038146972656
00-0029429,,2013,RB,3.862499952316284,0.2124998569488521
00-0028053,,2013,RB,3.818750143051148,0.16875004768371582
00-0022803,E.Manning,2013,QB,10.644999504089355,0.16624927520751953
00-0023459,A.Rodgers,2013,QB,10.59000015258789,0.11124992370605469
00-0027888,,2013,RB,3.756249904632568,0.10624980926513583
00-0024226,J.Cutler,2013,QB,10.539999961853027,0.061249732971191406
00-0023682,R.Fitzpatrick,2013,QB,10.478750228881836,0.0
00-0027753,,2013,TE,4.699999809265137,0.0
00-0027966,M.Ingram,2013,RB,3.650000095367432,0.0
00-0030431,R.Woods,2013,WR,7.518750190734863,0.0
00-0022178,,2013,RB,3.606250047683716,-0.043750047683716264
00-0026367,,2013,RB,3.581249952316284,-0.0687501430511479
00-0023001,,2013,K,-0.0750000029802322,-0.0750000029802322
00-0029731,F.Whittaker,2013,RB,3.525000095367432,-0.125
00-0026231,,2013,TE,4.5625,-0.13749980926513672
00-0029275,,2013,TE,4.537499904632568,-0.16249990463256836
00-0026178,,2013,TE,4.525000095367432,-0.17499971389770508
00-0028091,J.Kerley,2013,WR,7.150000095367432,-0.36875009536743164
00-0025487,,2013,RB,3.28125,-0.3687500953674321
00-0026197,C.Henne,2013,QB,10.083749771118164,-0.3950004577636719
00-0027215,L.Paulsen,2013,TE,4.293749809265137,-0.40625
00-0029391,S.McGrath,2013,TE,4.262499809265137,-0.4375
00-0030540,A.Dobson,2013,WR,7.056250095367432,-0.46250009536743164
00-0024313,,2013,TE,4.199999809265137,-0.5
00-0029683,R.Hillman,2013,RB,3.106250047683716,-0.5437500476837163
00-0023545,,2013,RB,3.0687499046325684,-0.5812501907348637
00-0030520,M.Glennon,2013,QB,9.876250267028809,-0.6024999618530273
00-0030550,,2013,WR,6.914999961853027,-0.6037502288818359
00-0026173,,2013,WR,6.887500286102295,-0.6312499046325684
00-0030391,,2013,RB,2.992499828338623,-0.657500267028809
00-0027944,J.Jones,2013,WR,6.856249809265137,-0.6625003814697266
00-0029612,D.Richardson,2013,RB,2.9749999046325684,-0.6750001907348637
00-0027725,C.Harbor,2013,TE,3.950000047683716,-0.7499997615814209
00-0024268,A.Fasano,2013,TE,3.8125,-0.8874998092651367
00-0028002,R.Cobb,2013,WR,6.631249904632568,-0.8875002861022949
00-0029795,B.Cunningham,2013,RB,2.75,-0.9000000953674321
00-0029632,M.Sanu,2013,WR,6.568749904632568,-0.9500002861022949
00-0029317,,2013,RB,2.674999952316284,-0.9750001430511479
00-0030388,,2013,RB,2.65625,-0.9937500953674321
00-0025637,,2013,RB,2.612499952316284,-1.037500143051148
00-0027675,E.Dickson,2013,TE,3.643749952316284,-1.0562498569488525
00-0020498,,2013,WR,6.425000190734863,-1.09375
00-0027825,J.Dray,2013,TE,3.59375,-1.1062498092651367
00-0030000,K.Thompkins,2013,WR,6.412499904632568,-1.106250286102295
00-0029273,R.Turbin,2013,RB,2.525000095367432,-1.125
00-0027691,A.Roberts,2013,WR,6.381250381469727,-1.1374998092651367
00-0028016,,2013,WR,6.368750095367432,-1.1500000953674316
00-0028198,,2013,RB,2.431250095367432,-1.21875
00-0028198,M.Asiata,2013,RB,2.431250095367432,-1.21875
00-0025460,,2013,WR,6.28125,-1.2375001907348633
00-0029438,,2013,RB,2.368750095367432,-1.28125
00-0028074,A.Sherman,2013,RB,2.362499952316284,-1.287500143051148
00-0020494,,2013,WR,6.231249809265137,-1.2875003814697266
00-0027997,G.Little,2013,WR,6.21875,-1.3000001907348633
00-0022943,B.Watson,2013,TE,3.3499999046325684,-1.3499999046325684
00-0030089,L.Willson,2013,TE,3.325000047683716,-1.374999761581421
00-0029580,R.Matthews,2013,WR,6.112500190734863,-1.40625
00-0023437,,2013,RB,2.231250047683716,-1.4187500476837163
00-0028045,,2013,WR,6.0625,-1.4562501907348633
00-0028159,,2013,RB,2.15625,-1.493750095367432
00-0027786,,2013,RB,2.1312499046325684,-1.5187501907348637
00-0023310,,2013,WR,5.918749809265137,-1.6000003814697266
00-0030108,R.Griffin,2013,TE,3.087500095367432,-1.6124997138977046
00-0028020,,2013,WR,5.887499809265137,-1.6312503814697266
00-0026162,,2013,RB,1.981250047683716,-1.668750047683716
00-0030236,,2013,RB,1.931249976158142,-1.71875011920929
00-0024324,,2013,WR,5.793749809265137,-1.7250003814697266
00-0026000,,2013,WR,5.762499809265137,-1.7562503814697266
00-0027156,,2013,WR,5.75,-1.7687501907348633
00-0026855,,2013,RB,1.84375,-1.806250095367432
00-0026153,J.Stewart,2013,RB,1.837499976158142,-1.81250011920929
00-0021999,,2013,WR,5.643750190734863,-1.875
00-0027322,,2013,WR,5.643750190734863,-1.875
00-0030348,,2013,RB,1.774999976158142,-1.87500011920929
00-0025701,,2013,RB,1.7374999523162842,-1.912500143051148
00-0029614,,2013,WR,5.606249809265137,-1.9125003814697266
00-0026267,,2013,TE,2.775000095367432,-1.9249997138977046
00-0021206,J.McCown,2013,QB,8.50374984741211,-1.9750003814697266
00-0030282,,2013,RB,1.662500023841858,-1.9875000715255742
00-0026373,,2013,RB,1.6437499523162842,-2.006250143051148
00-0027346,,2013,RB,1.6374999284744265,-2.0125001668930054
00-0027714,,2013,TE,2.681250095367432,-2.0187497138977046
00-0029000,C.Beasley,2013,WR,5.487500190734863,-2.03125
00-0029004,L.Dunbar,2013,RB,1.618749976158142,-2.03125011920929
00-0029572,J.Wright,2013,WR,5.462500095367432,-2.0562500953674316
00-0029510,J.Grimes,2013,RB,1.556249976158142,-2.09375011920929
00-0029155,,2013,WR,5.412499904632568,-2.106250286102295
00-0030526,E.Manuel,2013,QB,8.342499732971191,-2.1362504959106445
00-0028021,,2013,WR,5.349999904632568,-2.168750286102295
00-0028017,,2013,WR,5.34375,-2.1750001907348633
00-0027772,,2013,RB,1.4749999046325684,-2.1750001907348637
00-0026262,,2013,RB,1.46875,-2.181250095367432
00-0029626,,2013,RB,1.431249976158142,-2.21875011920929
00-0030078,,2013,RB,1.3562500476837158,-2.2937500476837163
00-0026281,,2013,TE,2.356250047683716,-2.343749761581421
00-0026210,,2013,WR,5.143750190734863,-2.375
00-0028958,C.Harkey,2013,TE,2.268749952316284,-2.4312498569488525
00-0029251,,2013,RB,1.212499976158142,-2.43750011920929
00-0026937,,2013,WR,5.037499904632568,-2.481250286102295
00-0029159,J.Kearse,2013,WR,5.037499904632568,-2.481250286102295
00-0028841,,2013,RB,1.131250023841858,-2.518750071525574
00-0030544,G.Escobar,2013,TE,2.150000095367432,-2.5499997138977046
00-0030521,J.Hunter,2013,WR,4.837499618530273,-2.68125057220459
00-0030107,T.Riddick,2013,RB,0.943750023841858,-2.706250071525574
00-0027732,M.Hoomanawanui,2013,TE,1.975000023841858,-2.724999785423279
00-0029441,,2013,RB,0.9249999523162842,-2.725000143051148
00-0029707,,2013,WR,4.775000095367432,-2.7437500953674316
00-0029298,,2013,RB,0.875,-2.775000095367432
00-0028613,,2013,RB,0.84375,-2.806250095367432
00-0024240,,2013,WR,4.662499904632568,-2.856250286102295
00-0028263,A.Holmes,2013,WR,4.631249904632568,-2.887500286102295
00-0030443,L.Toilolo,2013,TE,1.78125,-2.9187498092651367
00-0027080,,2013,RB,0.625,-3.025000095367432
00-0029588,,2013,RB,0.625,-3.025000095367432
00-0028063,T.Jones,2013,RB,0.612500011920929,-3.037500083446503
00-0027259,,2013,TE,1.65625,-3.0437498092651367
00-0029260,,2013,RB,0.59375,-3.056250095367432
00-0027854,S.Bradford,2013,QB,7.411250114440918,-3.067500114440918
00-0028876,,2013,RB,0.574999988079071,-3.075000107288361
00-0027739,,2013,RB,0.5687500238418579,-3.081250071525574
00-0022897,,2013,RB,0.5375000238418579,-3.112500071525574
00-0026983,D.Heyward-Bey,2013,WR,4.40625,-3.1125001907348633
00-0029660,T.Graham,2013,WR,4.40625,-3.1125001907348633
00-0029205,T.Cadet,2013,RB,0.53125,-3.118750095367432
00-0030128,,2013,RB,0.53125,-3.118750095367432
00-0029601,,2013,TE,1.5625,-3.1374998092651367
00-0030432,C.Michael,2013,RB,0.4937500059604645,-3.1562500894069676
00-0029432,,2013,TE,1.5187499523162842,-3.1812498569488525
00-0029547,,2013,RB,0.4250000119209289,-3.225000083446503
00-0026566,,2013,RB,0.4124999940395355,-3.2375001013278966
00-0030320,,2013,RB,0.4124999940395355,-3.2375001013278966
00-0029722,,2013,RB,0.40625,-3.243750095367432
00-0028034,,2013,RB,0.3937500119209289,-3.256250083446503
00-0023460,,2013,QB,7.206250190734863,-3.2725000381469727
00-0027779,,2013,RB,0.375,-3.275000095367432
00-0026956,,2013,RB,0.3125,-3.337500095367432
00-0030547,,2013,RB,0.2874999940395355,-3.3625001013278966
00-0026941,,2013,RB,0.2749999761581421,-3.37500011920929
00-0028116,A.Robinson,2013,WR,4.131249904632568,-3.387500286102295
00-0029854,C.Anderson,2013,RB,0.2375000119209289,-3.412500083446503
00-0026931,,2013,TE,1.2687500715255735,-3.431249737739563
00-0029415,K.Martin,2013,WR,4.081250190734863,-3.4375
00-0030465,K.Barner,2013,RB,0.2125000059604644,-3.4375000894069676
00-0026188,,2013,TE,1.25,-3.4499998092651367
00-0030470,V.McDonald,2013,TE,1.243749976158142,-3.4562498331069946
00-0030233,,2013,RB,0.1875,-3.462500095367432
00-0029634,J.Hanna,2013,TE,1.2062499523162842,-3.4937498569488525
00-0029048,J.Banyard,2013,RB,0.1312499940395355,-3.5187501013278966
00-0030433,M.Gillislee,2013,RB,0.1312499940395355,-3.5187501013278966
00-0026932,C.Peerman,2013,RB,0.1062500029802322,-3.5437500923872
00-0028345,,2013,RB,0.1000000014901161,-3.550000093877316
00-0029791,,2013,RB,0.1000000014901161,-3.550000093877316
00-0028115,,2013,RB,0.0812499970197677,-3.5687500983476643
00-0030414,S.Ware,2013,RB,0.0625,-3.587500095367432
00-0023630,,2013,TE,1.1062499284744265,-3.5937498807907104
00-0027995,,2013,RB,0.0562499985098838,-3.593750096857548
00-0030248,,2013,RB,0.0562499985098838,-3.593750096857548
00-0030068,M.Goodwin,2013,WR,3.912499904632568,-3.6062502861022954
00-0026644,,2013,RB,0.0375000014901161,-3.612500093877316
00-0028706,,2013,RB,0.03125,-3.618750095367432
00-0029587,R.Ellison,2013,TE,1.068750023841858,-3.631249785423279
00-0028995,,2013,WR,3.887500047683716,-3.6312501430511475
00-0028202,S.Draughn,2013,RB,0.0125000001862645,-3.6375000951811676
00-0024332,,2013,RB,0.0062500000931322,-3.6437500952743
00-0029033,G.Whalen,2013,WR,3.868750095367432,-3.650000095367431
00-0029140,,2013,RB,0.0,-3.650000095367432
00-0030049,C.Gragg,2013,TE,1.0187499523162842,-3.6812498569488525
00-0030216,J.Hill,2013,TE,0.975000023841858,-3.724999785423279
00-0023662,M.Cassel,2013,QB,6.74875020980835,-3.7300000190734863
00-0024276,,2013,TE,0.949999988079071,-3.7499998211860657
00-0030422,D.Sims,2013,TE,0.949999988079071,-3.7499998211860657
00-0025414,,2013,WR,3.768749952316284,-3.750000238418579
00-0029640,B.Quick,2013,WR,3.762500047683716,-3.7562501430511475
00-0027445,,2013,TE,0.9249999523162842,-3.7749998569488525
00-0026780,,2013,WR,3.743750095367432,-3.775000095367431
00-0027950,,2013,QB,6.68874979019165,-3.7900004386901855
00-0029183,,2013,TE,0.893750011920929,-3.8062497973442078
00-0029218,,2013,TE,0.8875000476837158,-3.812499761581421
00-0029694,,2013,TE,0.8687499761581421,-3.8312498331069946
00-0028142,V.Green,2013,TE,0.84375,-3.8562498092651367
00-0028097,L.Smith,2013,TE,0.800000011920929,-3.8999997973442078
00-0022787,M.Schaub,2013,QB,6.550000190734863,-3.9287500381469727
00-0026298,,2013,TE,0.762499988079071,-3.9374998211860657
00-0026878,,2013,TE,0.7562500238418579,-3.943749785423279
00-0029999,,2013,TE,0.706250011920929,-3.9937497973442078
00-0028986,C.Keenum,2013,QB,6.474999904632568,-4.003750324249268
00-0026957,D.Johnson,2013,TE,0.6875,-4.012499809265137
00-0027702,,2013,WR,3.4749999046325684,-4.043750286102295
00-0028061,,2013,WR,3.46875,-4.050000190734863
00-0029590,,2013,TE,0.643750011920929,-4.056249797344208
00-0023506,,2013,TE,0.637499988079071,-4.062499821186066
00-0026008,,2013,TE,0.6000000238418579,-4.099999785423279
00-0026237,,2013,WR,3.4187498092651367,-4.100000381469727
00-0028093,N.Paul,2013,TE,0.5687500238418579,-4.131249785423279
00-0028156,,2013,TE,0.5625,-4.137499809265137
00-0028267,,2013,TE,0.5625,-4.137499809265137
00-0029689,D.Allen,2013,TE,0.5625,-4.137499809265137
00-0025431,,2013,WR,3.3812499046325684,-4.137500286102295
00-0020245,,2013,QB,6.325000286102295,-4.153749942779541
00-0028270,,2013,TE,0.5375000238418579,-4.162499785423279
00-0026986,M.Crabtree,2013,WR,3.337500095367432,-4.181250095367432
00-0025464,,2013,TE,0.5062500238418579,-4.193749785423279
00-0030512,,2013,TE,0.4937500059604645,-4.206249803304672
00-0027946,,2013,QB,6.233749866485596,-4.24500036239624
00-0029878,M.Gray,2013,TE,0.4437499940395355,-4.256249815225601
00-0027139,J.Phillips,2013,TE,0.4375,-4.262499809265137
00-0030181,J.Doyle,2013,TE,0.4312500059604645,-4.268749803304672
00-0027780,,2013,TE,0.4250000119209289,-4.274999797344208
00-0026699,,2013,TE,0.4124999940395355,-4.287499815225601
00-0028838,L.Donnell,2013,TE,0.3812499940395355,-4.318749815225601
00-0028903,G.Celek,2013,TE,0.3625000119209289,-4.337499797344208
00-0028606,,2013,WR,3.181250095367432,-4.337500095367432
00-0027819,,2013,TE,0.3374999761581421,-4.362499833106995
00-0028994,,2013,TE,0.3374999761581421,-4.362499833106995
00-0023679,,2013,TE,0.2374999970197677,-4.462499812245369
00-0030532,,2013,WR,3.056250095367432,-4.462500095367432
00-0023921,,2013,WR,3.025000095367432,-4.493750095367432
00-0026757,,2013,TE,0.1624999940395355,-4.537499815225601
00-0026225,,2013,TE,0.15625,-4.543749809265137
00-0025542,,2013,TE,0.1437499970197677,-4.556249812245369
00-0027583,,2013,TE,0.1437499970197677,-4.556249812245369
00-0022054,,2013,TE,0.1375000029802322,-4.5624998062849045
00-0029778,,2013,WR,2.9375,-4.581250190734863
00-0027202,,2013,TE,0.1124999970197677,-4.587499812245369
00-0029414,O.Charles,2013,TE,0.1124999970197677,-4.587499812245369
00-0028238,,2013,TE,0.1062500029802322,-4.5937498062849045
00-0028651,,2013,TE,0.09375,-4.606249809265137
00-0030129,,2013,TE,0.0874999985098838,-4.612499810755253
00-0028119,,2013,TE,0.0812499970197677,-4.618749812245369
00-0028307,,2013,WR,2.8499999046325684,-4.668750286102295
00-0030043,,2013,WR,2.825000047683716,-4.6937501430511475
00-0027069,,2013,TE,0.0,-4.699999809265137
00-0028079,,2013,TE,0.0,-4.699999809265137
00-0029276,,2013,TE,0.0,-4.699999809265137
00-0026314,,2013,WR,2.668750047683716,-4.8500001430511475
00-0029677,B.Weeden,2013,QB,5.602499961853027,-4.876250267028809
00-0029548,,2013,WR,2.5062499046325684,-5.012500286102295
00-0024264,K.Clemens,2013,QB,5.332499980926514,-5.146250247955322
00-0029311,,2013,WR,2.34375,-5.175000190734863
00-0028114,D.Harris,2013,WR,2.2249999046325684,-5.293750286102295
00-0028249,J.Ross,2013,WR,2.168750047683716,-5.3500001430511475
00-0027893,,2013,WR,2.049999952316284,-5.468750238418579
00-0027918,,2013,WR,2.012500047683716,-5.5062501430511475
00-0030419,M.McGloin,2013,QB,4.911250114440918,-5.567500114440918
00-0030300,J.Brown,2013,WR,1.9375,-5.581250190734863
00-0029673,D.Posey,2013,WR,1.90625,-5.612500190734863
00-0029269,T.Benjamin,2013,WR,1.625,-5.893750190734863
00-0027608,,2013,WR,1.600000023841858,-5.918750166893005
00-0026577,,2013,WR,1.59375,-5.925000190734863
00-0026349,,2013,QB,4.511250019073486,-5.96750020980835
00-0015754,,2013,WR,1.53125,-5.987500190734863
00-0028905,,2013,WR,1.524999976158142,-5.993750214576721
00-0028049,,2013,WR,1.5125000476837158,-6.0062501430511475
00-0027709,,2013,WR,1.399999976158142,-6.118750214576721
00-0028050,,2013,WR,1.3937499523162842,-6.125000238418579
00-0029654,,2013,WR,1.350000023841858,-6.168750166893005
00-0030474,J.Boyce,2013,WR,1.318750023841858,-6.200000166893005
00-0022414,,2013,WR,1.306249976158142,-6.212500214576721
00-0028362,,2013,WR,1.2937500476837158,-6.2250001430511475
00-0027006,K.Britt,2013,WR,1.287500023841858,-6.231250166893005
00-0029388,D.Thompson,2013,WR,1.225000023841858,-6.293750166893005
00-0030516,B.Butler,2013,WR,1.2062499523162842,-6.312500238418579
00-0024345,,2013,WR,1.15625,-6.362500190734863
00-0028237,C.Hogan,2013,WR,1.1437499523162842,-6.375000238418579
00-0029336,B.Golden,2013,WR,1.100000023841858,-6.418750166893005
00-0026235,,2013,WR,1.09375,-6.425000190734863
00-0029209,,2013,WR,1.03125,-6.487500190734863
00-0030274,M.White,2013,WR,0.9749999642372132,-6.54375022649765
00-0027581,,2013,WR,0.9625000357627868,-6.556250154972076
00-0028930,,2013,WR,0.9375,-6.581250190734863
00-0028174,,2013,WR,0.9187499284744264,-6.600000262260437
00-0027356,,2013,WR,0.8812500238418579,-6.637500166893005
00-0027089,L.Murphy,2013,WR,0.8562500476837158,-6.6625001430511475
00-0028442,,2013,WR,0.8125,-6.706250190734863
00-0027606,,2013,WR,0.793749988079071,-6.725000202655792
00-0030460,M.Wheaton,2013,WR,0.7749999761581421,-6.743750214576721
00-0027092,,2013,WR,0.768750011920929,-6.750000178813934
00-0029098,,2013,WR,0.762499988079071,-6.756250202655792
00-0028352,,2013,WR,0.7562500238418579,-6.762500166893005
00-0027253,T.Lewis,2013,QB,3.680000066757202,-6.798750162124634
00-0029667,,2013,WR,0.675000011920929,-6.843750178813934
00-0029108,,2013,WR,0.625,-6.893750190734863
00-0023176,,2013,WR,0.6012500524520874,-6.917500138282776
00-0029227,,2013,WR,0.6000000238418579,-6.918750166893005
00-0030450,,2013,WR,0.5625,-6.956250190734863
00-0021570,,2013,WR,0.543749988079071,-6.975000202655792
00-0028542,,2013,WR,0.46875,-7.050000190734863
00-0029848,N.Williams,2013,WR,0.40625,-7.112500190734863
00-0029702,,2013,WR,0.387499988079071,-7.131250202655792
00-0024272,,2013,WR,0.375,-7.143750190734863
00-0030370,,2013,WR,0.375,-7.143750190734863
00-0027964,,2013,WR,0.3625000119209289,-7.156250178813934
00-0029856,,2013,WR,0.3187499940395355,-7.200000196695328
00-0029552,,2013,WR,0.3000000119209289,-7.218750178813934
00-0029868,,2013,WR,0.293749988079071,-7.225000202655792
00-0027188,,2013,WR,0.25,-7.268750190734863
00-0029435,,2013,WR,0.2125000059604644,-7.306250184774399
00-0027708,,2013,WR,0.2062499970197677,-7.3125001937150955
00-0030047,M.Wilson,2013,WR,0.2062499970197677,-7.3125001937150955
00-0028984,,2013,WR,0.2000000029802322,-7.318750187754631
00-0026998,,2013,WR,0.1687500029802322,-7.350000187754631
00-0028596,,2013,WR,0.15625,-7.362500190734863
00-0028792,,2013,WR,0.1375000029802322,-7.381250187754631
00-0027692,,2013,WR,0.125,-7.393750190734863
00-0024463,,2013,WR,0.1124999970197677,-7.4062501937150955
00-0024535,E.Weems,2013,WR,0.1124999970197677,-7.4062501937150955
00-0027057,B.Tate,2013,WR,0.1000000014901161,-7.418750189244747
00-0025951,,2013,WR,0.0874999985098838,-7.431250192224979
00-0027755,,2013,WR,0.0750000029802322,-7.443750187754631
00-0027012,,2013,WR,0.0,-7.518750190734863
00-0027349,,2013,WR,0.0,-7.518750190734863
00-0028293,,2013,WR,0.0,-7.518750190734863
00-0029367,,2013,WR,0.0,-7.518750190734863
00-0029424,,2013,WR,0.0,-7.518750190734863
00-0029494,,2013,WR,0.0,-7.518750190734863
00-0030175,,2013,WR,0.0,-7.518750190734863
00-0029006,,2013,WR,-0.018750000745058,-7.537500191479921
00-0026625,B.Hoyer,2013,QB,2.5124998092651367,-7.966250419616699
00-0028595,S.Tolzien,2013,QB,2.1362500190734863,-8.34250020980835
00-0029604,K.Cousins,2013,QB,2.0974998474121094,-8.381250381469727
00-0026993,,2013,QB,1.9024999141693115,-8.576250314712524
00-0023541,,2013,QB,1.295000076293945,-9.18375015258789
00-0026544,C.Daniel,2013,QB,1.069999933242798,-9.408750295639038
00-0024279,,2013,QB,1.0087499618530271,-9.470000267028809
00-0027948,B.Gabbert,2013,QB,0.7775000333786011,-9.701250195503235
00-0030024,,2013,QB,0.7537499666213989,-9.725000262260437
00-0029151,M.Simms,2013,QB,0.6212499737739563,-9.85750025510788
00-0027796,J.Webb,2013,QB,0.518750011920929,-9.960000216960907
00-0028118,T.Taylor,2013,QB,0.3799999952316284,-10.098750233650208
00-0024318,,2013,QB,0.3062500059604645,-10.172500222921371
00-0029682,B.Osweiler,2013,QB,0.25,-10.228750228881836
00-0022055,,2013,QB,0.2224999964237213,-10.256250232458115
00-0028863,,2013,QB,0.209999993443489,-10.268750235438347
00-0007091,,2013,QB,0.1875,-10.291250228881836
00-0026300,J.Johnson,2013,QB,0.125,-10.353750228881836
00-0030533,M.Barkley,2013,QB,0.1124999970197677,-10.366250231862068
00-0028090,T.Yates,2013,QB,0.0325000025331974,-10.446250226348639
00-0023645,D.Anderson,2013,QB,0.0,-10.478750228881836
00-0027688,C.McCoy,2013,QB,-0.005000002682209,-10.483750231564045
00-0020679,,2013,QB,-0.0125000001862645,-10.4912502290681
00-0022864,L.McCown,2013,QB,-0.025000000372529,-10.503750229254365
00-0024296,,2013,QB,-0.03125,-10.510000228881836
00-0025708,M.Moore,2013,QB,-0.1174999997019767,-10.596250228583813
00-0027134,,2013,QB,-0.1199999973177909,-10.598750226199627
00-0022397,,2013,,1.5,
00-0022999,,2013,,1.931249976158142,
00-0024315,,2013,,0.293749988079071,
00-0025524,,2013,,0.28125,
00-0025631,,2013,,5.675000190734863,
00-0026069,,2013,,7.71875,
00-0026072,,2013,,1.868749976158142,
00-0026286,,2013,,0.606249988079071,
00-0026393,,2013,,6.986249923706055,
00-0026557,,2013,,0.8812500238418579,
00-0026852,,2013,,2.450000047683716,
00-0026926,,2013,,1.96875,
00-0027093,,2013,,0.6062500476837158,
00-0027106,,2013,,0.0,
00-0027109,,2013,,0.3812499940395355,
00-0027844,,2013,,0.981249988079071,
00-0027917,,2013,,-0.0375000014901161,
00-0027925,,2013,,1.0750000476837158,
00-0028149,,2013,,3.1624999046325684,
00-0028178,,2013,,2.34375,
00-0028492,,2013,,0.09375,
00-0028581,,2013,,0.8062499761581421,
00-0029068,,2013,,1.28125,
00-0029420,,2013,,0.3062500059604645,
00-0029492,,2013,,0.8687499761581421,
00-0029892,,2013,,0.0,
00-0029931,,2013,,0.1124999970197677,
00-0030112,,2013,,1.506250023841858,
00-0025394,A.Peterson,2012,RB,21.712499618530277,18.306249618530277
00-0029613,D.Martin,2012,RB,19.475000381469727,16.068750381469727
00-0026796,,2012,RB,18.881250381469727,15.475000381469727
00-0026195,,2012,RB,17.693750381469727,14.287500381469727
00-0025399,M.Lynch,2012,RB,16.850000381469727,13.443750381469727
00-0025389,,2012,WR,21.399999618530277,13.406249523162845
00-0024334,B.Marshall,2012,WR,20.912500381469727,12.918750286102295
00-0027861,C.Spiller,2012,RB,15.956250190734863,12.550000190734863
00-0029141,A.Morris,2012,RB,15.75,12.34375
00-0026213,J.Charles,2012,RB,14.96875,11.5625
00-0027942,A.Green,2012,WR,18.737499237060547,10.743749141693115
00-0027902,D.Bryant,2012,WR,18.662500381469727,10.668750286102295
00-0023500,F.Gore,2012,RB,14.050000190734863,10.643750190734863
00-0022044,,2012,WR,18.487499237060547,10.493749141693115
00-0026184,M.Forte,2012,RB,13.837499618530272,10.431249618530272
00-0027696,J.Graham,2012,TE,14.824999809265137,10.362499713897705
00-0027874,D.Thomas,2012,WR,18.212499618530277,10.218749523162845
00-0020531,D.Brees,2012,QB,21.5987491607666,10.169999122619629
00-0006101,,2012,TE,14.625,10.162499904632568
00-0023459,A.Rodgers,2012,QB,21.537500381469727,10.108750343322754
00-0023564,D.Sproles,2012,RB,13.50624942779541,10.09999942779541
00-0022427,,2012,WR,18.087499618530277,10.093749523162845
00-0019596,T.Brady,2012,QB,21.51749992370605,10.088749885559078
00-0022127,J.Witten,2012,TE,14.493749618530272,10.03124952316284
00-0026164,C.Johnson,2012,RB,13.21875,9.8125
00-0024217,,2012,RB,12.925000190734863,9.518750190734863
00-0028011,S.Ridley,2012,RB,12.837499618530272,9.431249618530272
00-0022736,,2012,RB,12.537500381469728,9.131250381469728
00-0027029,L.McCoy,2012,RB,12.456250190734863,9.050000190734863
00-0027690,E.Decker,2012,WR,16.837499618530273,8.843749523162842
00-0023462,,2012,WR,16.818750381469727,8.825000286102295
00-0020498,,2012,WR,16.8125,8.818749904632568
00-0027939,C.Newton,2012,QB,20.17875099182129,8.750000953674316
00-0029665,R.Griffin,2012,QB,19.84375,8.414999961853027
00-0027944,J.Jones,2012,WR,16.362499237060547,8.368749141693115
00-0023496,,2012,WR,16.274999618530273,8.281249523162842
00-0026899,,2012,RB,11.649999618530272,8.243749618530272
00-0023465,,2012,TE,12.662500381469728,8.200000286102297
00-0027995,,2012,RB,11.449999809265137,8.043749809265137
00-0024466,,2012,WR,16.024999618530273,8.031249523162842
00-0010346,,2012,QB,19.434999465942383,8.00624942779541
00-0027265,V.Cruz,2012,WR,15.949999809265137,7.956249713897705
00-0027656,R.Gronkowski,2012,TE,12.375,7.912499904632568
00-0025637,,2012,RB,11.1875,7.78125
00-0026986,M.Crabtree,2012,WR,15.643750190734863,7.650000095367432
00-0026143,M.Ryan,2012,QB,19.053749084472656,7.624999046325684
00-0022821,,2012,RB,10.987500190734863,7.581250190734863
00-0025860,,2012,RB,10.862500190734863,7.456250190734863
00-0028002,R.Cobb,2012,WR,15.162500381469728,7.168750286102297
00-0027135,,2012,TE,11.475000381469728,7.012500286102297
00-0025418,G.Olsen,2012,TE,11.456250190734863,6.993750095367432
00-0027218,,2012,RB,9.868749618530272,6.462499618530272
00-0026019,D.Woodhead,2012,RB,9.793749809265137,6.387499809265137
00-0025465,,2012,WR,14.149999618530272,6.15624952316284
00-0027714,,2012,TE,10.618749618530272,6.15624952316284
00-0024313,,2012,TE,10.600000381469728,6.137500286102297
00-0026144,D.McFadden,2012,RB,9.53125,6.125
00-0021678,,2012,QB,17.4950008392334,6.066250801086426
00-0027873,J.Gresham,2012,TE,10.356249809265137,5.893749713897705
00-0026498,M.Stafford,2012,QB,17.286251068115234,5.857501029968262
00-0029668,A.Luck,2012,QB,17.278749465942383,5.84999942779541
00-0029263,R.Wilson,2012,QB,17.22624969482422,5.797499656677246
00-0028009,D.Murray,2012,RB,9.149999618530272,5.743749618530272
00-0027702,,2012,WR,13.607500076293944,5.613749980926512
00-0026364,,2012,WR,13.600000381469728,5.606250286102297
00-0024242,,2012,RB,8.962499618530273,5.556249618530273
00-0020337,,2012,WR,13.443750381469728,5.450000286102297
00-0027981,K.Rudolph,2012,TE,9.893750190734863,5.431250095367432
00-0028083,J.Rodgers,2012,RB,8.837499618530273,5.431249618530273
00-0022178,,2012,RB,8.699999809265137,5.293749809265137
00-0027864,,2012,RB,8.556249618530273,5.149999618530273
00-0024813,,2012,RB,8.356249809265137,4.949999809265137
00-0023310,,2012,WR,12.818750381469728,4.825000286102297
00-0029547,,2012,RB,8.225000381469727,4.818750381469727
00-0026201,M.Bennett,2012,TE,9.225000381469728,4.762500286102297
00-0021547,A.Gates,2012,TE,9.050000190734863,4.587500095367432
00-0027973,A.Dalton,2012,QB,15.672499656677246,4.243749618530273
00-0026995,J.Maclin,2012,WR,12.168749809265137,4.174999713897705
00-0023921,,2012,WR,12.143750190734863,4.150000095367432
00-0026901,M.Wallace,2012,WR,12.143750190734863,4.150000095367432
00-0026231,,2012,TE,8.606249809265137,4.143749713897705
00-0026993,,2012,QB,15.53125,4.102499961853027
00-0026162,,2012,RB,7.462500095367432,4.056250095367432
00-0028052,,2012,WR,12.03125,4.037499904632568
00-0025516,,2012,TE,8.381250381469727,3.918750286102295
00-0022097,,2012,WR,11.81874942779541,3.8249993324279785
00-0024204,,2012,RB,7.212499618530273,3.8062496185302734
00-0029608,T.Hilton,2012,WR,11.6875,3.6937499046325684
00-0024243,M.Lewis,2012,TE,8.125,3.6624999046325684
00-0027077,,2012,WR,11.643750190734863,3.6500000953674316
00-0027713,,2012,TE,8.112500190734863,3.6500000953674316
00-0026996,,2012,TE,8.106249809265137,3.643749713897705
00-0025549,B.Celek,2012,TE,8.087499618530273,3.624999523162842
00-0026988,,2012,RB,7.012500286102295,3.606250286102295
00-0029707,,2012,WR,11.550000190734863,3.5562500953674316
00-0027996,T.Smith,2012,WR,11.46250057220459,3.468750476837158
00-0022084,,2012,WR,11.462499618530272,3.46874952316284
00-0027094,,2012,RB,6.818749904632568,3.4124999046325684
00-0024221,V.Davis,2012,TE,7.862499713897705,3.3999996185302734
00-0023437,,2012,RB,6.756249904632568,3.3499999046325684
00-0026158,J.Flacco,2012,QB,14.68000030517578,3.251250267028807
00-0022803,E.Manning,2012,QB,14.557499885559082,3.1287498474121094
00-0027985,L.Kendricks,2012,TE,7.493750095367432,3.03125
00-0026267,,2012,TE,7.46875,3.0062499046325684
00-0027854,S.Bradford,2012,QB,14.404999732971191,2.9762496948242188
00-0022921,L.Fitzgerald,2012,WR,10.925000190734863,2.9312500953674316
00-0027061,J.Cook,2012,TE,7.393750190734863,2.9312500953674316
00-0022943,B.Watson,2012,TE,7.318749904632568,2.8562498092651367
00-0027793,A.Brown,2012,WR,10.818750381469728,2.8250002861022967
00-0027691,A.Roberts,2012,WR,10.800000190734863,2.8062500953674316
00-0027966,M.Ingram,2012,RB,6.193749904632568,2.7874999046325684
00-0027786,,2012,RB,6.181250095367432,2.7750000953674316
00-0028064,B.Powell,2012,RB,6.168749809265137,2.7624998092651367
00-0029689,D.Allen,2012,TE,7.224999904632568,2.7624998092651367
00-0022165,,2012,TE,7.15625,2.6937499046325684
00-0021429,C.Palmer,2012,QB,14.020000457763672,2.591250419616699
00-0022787,M.Schaub,2012,QB,13.988750457763672,2.560000419616699
00-0022924,B.Roethlisberger,2012,QB,13.987500190734863,2.5587501525878906
00-0025431,,2012,WR,10.524999618530272,2.53124952316284
00-0026176,J.Nelson,2012,WR,10.46875,2.4749999046325684
00-0022414,,2012,WR,10.46250057220459,2.468750476837158
00-0026998,,2012,WR,10.456250190734863,2.4625000953674316
00-0028086,,2012,WR,10.412500381469728,2.4187502861022967
00-0029429,,2012,RB,5.8125,2.40625
00-0026566,,2012,RB,5.650000095367432,2.2437500953674316
00-0023630,,2012,TE,6.662499904632568,2.1999998092651367
00-0024268,A.Fasano,2012,TE,6.637499809265137,2.174999713897705
00-0027891,G.Tate,2012,WR,10.045000076293944,2.051249980926512
00-0026956,,2012,RB,5.449999809265137,2.0437498092651367
00-0025487,,2012,RB,5.400000095367432,1.9937500953674316
00-0029612,D.Richardson,2012,RB,5.362500190734863,1.9562501907348633
00-0023682,R.Fitzpatrick,2012,QB,13.356249809265137,1.927499771118164
00-0029664,J.Gordon,2012,WR,9.90625,1.9124999046325684
00-0028091,J.Kerley,2012,WR,9.823749542236328,1.8299994468688965
00-0026173,,2012,WR,9.8125,1.8187499046325684
00-0028000,,2012,RB,5.193749904632568,1.7874999046325684
00-0025410,,2012,WR,9.693750381469728,1.7000002861022967
00-0024276,,2012,TE,6.150000095367432,1.6875
00-0025701,,2012,RB,5.056250095367432,1.6500000953674316
00-0022942,P.Rivers,2012,QB,13.014999389648438,1.5862493515014648
00-0026153,J.Stewart,2012,RB,4.893750190734863,1.4875001907348633
00-0029251,,2012,RB,4.824999809265137,1.4187498092651367
00-0028034,,2012,RB,4.806250095367432,1.4000000953674316
00-0026937,,2012,WR,9.381250381469728,1.3875002861022967
00-0025425,,2012,TE,5.849999904632568,1.3874998092651367
00-0024275,,2012,RB,4.75,1.34375
00-0029708,K.Wright,2012,WR,9.3125,1.3187499046325684
00-0028202,S.Draughn,2012,RB,4.568749904632568,1.1624999046325684
00-0026035,D.Amendola,2012,WR,9.149999618530272,1.15624952316284
00-0029273,R.Turbin,2012,RB,4.53125,1.125
00-0027155,,2012,RB,4.518750190734863,1.1125001907348633
00-0020494,,2012,WR,9.106249809265137,1.112499713897705
00-0026000,,2012,WR,9.050000190734863,1.0562500953674316
00-0027912,,2012,WR,9.050000190734863,1.0562500953674316
00-0023367,,2012,WR,9.037500381469728,1.0437502861022967
00-0029264,B.Pierce,2012,RB,4.431250095367432,1.0250000953674316
00-0027994,S.Vereen,2012,RB,4.375,0.96875
00-0027997,G.Little,2012,WR,8.949999809265137,0.9562497138977051
00-0028007,,2012,TE,5.418749809265137,0.9562497138977051
00-0027003,,2012,RB,4.25,0.84375
00-0027695,,2012,TE,5.268750190734863,0.8062500953674316
00-0027005,,2012,WR,8.762500762939453,0.7687506675720215
00-0027321,J.Cumberland,2012,TE,5.181250095367432,0.71875
00-0027950,,2012,QB,12.137499809265137,0.7087497711181641
00-0027681,B.LaFell,2012,WR,8.699999809265137,0.7062497138977051
00-0028053,,2012,RB,4.006249904632568,0.5999999046325684
00-0027080,,2012,RB,3.974999904632568,0.5687499046325679
00-0026983,D.Heyward-Bey,2012,WR,8.324999809265137,0.3312497138977051
00-0029614,,2012,WR,8.3125,0.31874990463256836
00-0026345,P.Garcon,2012,WR,8.262499809265137,0.2687497138977051
00-0027918,,2012,WR,8.206250190734863,0.21250009536743164
00-0024226,J.Cutler,2012,QB,11.53874969482422,0.10999965667724787
00-0015754,,2012,WR,8.087499618530273,0.0937495231628418
00-0027718,,2012,TE,4.518750190734863,0.05625009536743164
00-0027007,,2012,RB,3.424999952316284,0.01874995231628418
00-0026170,,2012,TE,4.481249809265137,0.018749713897705078
00-0019770,,2012,K,0.0,0.0
00-0023439,,2012,RB,3.40625,0.0
00-0023853,M.Prater,2012,K,0.0,0.0
00-0024389,De.Walker,2012,TE,4.462500095367432,0.0
00-0027006,K.Britt,2012,WR,7.993750095367432,0.0
00-0029701,R.Tannehill,2012,QB,11.428750038146973,0.0
00-0023001,,2012,K,-0.0062500000931322,-0.0062500000931322
00-0027888,,2012,RB,3.3999998569488525,-0.006250143051147461
00-0028736,,2012,RB,3.368750095367432,-0.037499904632567915
00-0027890,,2012,RB,3.362499952316284,-0.04375004768371582
00-0029683,R.Hillman,2012,RB,3.325000047683716,-0.08124995231628418
00-0026189,D.Jackson,2012,WR,7.893750190734863,-0.09999990463256836
00-0026373,,2012,RB,3.137500047683716,-0.2687499523162842
00-0026932,C.Peerman,2012,RB,3.081249952316284,-0.3250000476837158
00-0029697,C.Fleener,2012,TE,4.131249904632568,-0.3312501907348633
00-0026367,,2012,RB,3.0687499046325684,-0.33750009536743164
00-0024103,,2012,RB,3.012500047683716,-0.3937499523162842
00-0027783,,2012,TE,4.068749904632568,-0.3937501907348633
00-0028115,,2012,RB,2.918750047683716,-0.4874999523162842
00-0027974,,2012,QB,10.87874984741211,-0.5500001907348633
00-0027215,L.Paulsen,2012,TE,3.862499952316284,-0.6000001430511475
00-0024324,,2012,WR,7.362500190734863,-0.6312499046325684
00-0027140,,2012,RB,2.731250047683716,-0.6749999523162842
00-0026204,,2012,RB,2.706249952316284,-0.7000000476837158
00-0029239,B.Bolden,2012,RB,2.65625,-0.75
00-0029129,R.Streater,2012,WR,7.212500095367432,-0.78125
00-0029615,L.Miller,2012,RB,2.59375,-0.8125
00-0029140,,2012,RB,2.512500047683716,-0.8937499523162842
00-0026314,,2012,WR,7.09375,-0.9000000953674316
00-0026188,,2012,TE,3.5374999046325684,-0.9250001907348633
00-0026225,,2012,TE,3.53125,-0.9312500953674316
00-0026432,,2012,RB,2.431250095367432,-0.9749999046325679
00-0027791,,2012,RB,2.4124999046325684,-0.9937500953674316
00-0029677,B.Weeden,2012,QB,10.40625,-1.0225000381469727
00-0029638,M.Floyd,2012,WR,6.949999809265137,-1.043750286102295
00-0026163,,2012,RB,2.337500095367432,-1.068749904632568
00-0028017,,2012,WR,6.925000190734863,-1.0687499046325684
00-0027531,C.Ivory,2012,RB,2.325000047683716,-1.0812499523162842
00-0027666,,2012,RB,2.293750047683716,-1.1124999523162842
00-0027725,C.Harbor,2012,TE,3.3500001430511475,-1.1124999523162842
00-0027518,,2012,WR,6.831250190734863,-1.1624999046325684
00-0027685,E.Sanders,2012,WR,6.8125,-1.1812500953674316
00-0028841,,2012,RB,2.212500095367432,-1.193749904632568
00-0026298,,2012,TE,3.243750095367432,-1.2187499999999996
00-0027651,,2012,WR,6.762499809265137,-1.231250286102295
00-0028112,C.Clay,2012,TE,3.200000047683716,-1.2625000476837158
00-0024345,,2012,WR,6.731249809265137,-1.262500286102295
00-0028057,,2012,RB,2.03125,-1.375
00-0028040,,2012,TE,3.0374999046325684,-1.4250001907348633
00-0021931,,2012,WR,6.550000190734863,-1.4437499046325684
00-0028409,D.Harris,2012,RB,1.962499976158142,-1.443750023841858
00-0026745,,2012,RB,1.950000047683716,-1.456249952316284
00-0026262,,2012,RB,1.887500047683716,-1.518749952316284
00-0026878,,2012,TE,2.893749952316284,-1.5687501430511475
00-0024559,,2012,RB,1.818750023841858,-1.587499976158142
00-0025439,,2012,RB,1.7687499523162842,-1.6375000476837158
00-0027325,L.Blount,2012,RB,1.7687499523162842,-1.6375000476837158
00-0022984,,2012,RB,1.725000023841858,-1.681249976158142
00-0024332,,2012,RB,1.712499976158142,-1.693750023841858
00-0026316,,2012,RB,1.7062499523162842,-1.7000000476837158
00-0026780,,2012,WR,6.28125,-1.7125000953674316
00-0027712,,2012,RB,1.6687500476837158,-1.7374999523162842
00-0024301,,2012,TE,2.7249999046325684,-1.7375001907348633
00-0027675,E.Dickson,2012,TE,2.71875,-1.7437500953674316
00-0029441,,2012,RB,1.5187499523162842,-1.8875000476837158
00-0026235,,2012,WR,6.081250190734863,-1.9124999046325684
00-0027976,,2012,RB,1.4874999523162842,-1.9187500476837158
00-0022781,,2012,WR,6.056250095367432,-1.9375
00-0027982,,2012,WR,6.056250095367432,-1.9375
00-0020245,,2012,QB,9.480000495910645,-1.9487495422363281
00-0024267,,2012,WR,6.037499904632568,-1.9562501907348633
00-0028068,,2012,RB,1.4249999523162842,-1.9812500476837158
00-0028565,,2012,RB,1.375,-2.03125
00-0025460,,2012,WR,5.950000286102295,-2.0437498092651367
00-0026209,,2012,RB,1.3624999523162842,-2.043750047683716
00-0028042,L.Stocker,2012,TE,2.40625,-2.0562500953674316
00-0021756,,2012,TE,2.375,-2.0875000953674316
00-0027772,,2012,RB,1.2375000715255735,-2.1687499284744263
00-0022217,,2012,RB,1.2312499284744265,-2.1750000715255737
00-0025542,,2012,TE,2.21875,-2.2437500953674316
00-0029260,,2012,RB,1.149999976158142,-2.256250023841858
00-0022897,,2012,RB,1.1375000476837158,-2.268749952316284
00-0028170,,2012,RB,1.125,-2.28125
00-0028087,D.Lewis,2012,RB,1.0812499523162842,-2.325000047683716
00-0029004,L.Dunbar,2012,RB,1.0499999523162842,-2.356250047683716
00-0011754,,2012,WR,5.587500095367432,-2.40625
00-0028163,,2012,RB,0.956250011920929,-2.449999988079071
00-0027257,,2012,RB,0.90625,-2.5
00-0028613,,2012,RB,0.887499988079071,-2.518750011920929
00-0024369,,2012,TE,1.868750095367432,-2.5937499999999996
00-0028093,N.Paul,2012,TE,1.818750023841858,-2.6437500715255737
00-0028043,,2012,RB,0.731249988079071,-2.675000011920929
00-0026224,H.Douglas,2012,WR,5.243750095367432,-2.75
00-0028434,D.Baldwin,2012,WR,5.224999904632568,-2.7687501907348633
00-0029626,,2012,RB,0.625,-2.78125
00-0029205,T.Cadet,2012,RB,0.6187499761581421,-2.787500023841858
00-0025450,,2012,RB,0.5874999761581421,-2.818750023841858
00-0028416,,2012,RB,0.5750000476837158,-2.831249952316284
00-0027156,,2012,WR,5.162499904632568,-2.8312501907348633
00-0026579,,2012,RB,0.5562499761581421,-2.850000023841858
00-0028074,A.Sherman,2012,RB,0.5562499761581421,-2.850000023841858
00-0029298,,2012,RB,0.512499988079071,-2.893750011920929
00-0028016,,2012,WR,5.006249904632568,-2.9875001907348633
00-0027779,,2012,RB,0.375,-3.03125
00-0027120,,2012,RB,0.3499999940395355,-3.0562500059604645
00-0026008,,2012,TE,1.399999976158142,-3.0625001192092896
00-0029137,A.Jeffery,2012,WR,4.918749809265137,-3.075000286102295
00-0028063,T.Jones,2012,RB,0.324999988079071,-3.081250011920929
00-0026210,,2012,WR,4.90625,-3.0875000953674316
00-0027346,,2012,RB,0.2562499940395355,-3.1500000059604645
00-0027946,,2012,QB,8.258749961853027,-3.1700000762939453
00-0027150,J.Edelman,2012,WR,4.8125,-3.1812500953674316
00-0026941,,2012,RB,0.21875,-3.1875
00-0028071,,2012,RB,0.2125000059604644,-3.1937499940395355
00-0029510,J.Grimes,2012,RB,0.2062499970197677,-3.2000000029802322
00-0027214,,2012,RB,0.2000000029802322,-3.2062499970197678
00-0026281,,2012,TE,1.2374999523162842,-3.2250001430511475
00-0027139,J.Phillips,2012,TE,1.21875,-3.2437500953674316
00-0028238,,2012,TE,1.2062499523162842,-3.2562501430511475
00-0026029,,2012,RB,0.1375000029802322,-3.2687499970197678
00-0028198,,2012,RB,0.1312500089406967,-3.2749999910593033
00-0028198,M.Asiata,2012,RB,0.1312500089406967,-3.2749999910593033
00-0027419,,2012,RB,0.1312499940395355,-3.2750000059604645
00-0028876,,2012,RB,0.1187499985098838,-3.287500001490116
00-0028121,J.Todman,2012,RB,0.1124999970197677,-3.2937500029802322
00-0028345,,2012,RB,0.1124999970197677,-3.2937500029802322
00-0028158,,2012,RB,0.1000000014901161,-3.306249998509884
00-0029414,O.Charles,2012,TE,1.131250023841858,-3.3312500715255737
00-0027819,,2012,TE,1.118749976158142,-3.3437501192092896
00-0028159,,2012,RB,0.0562499985098838,-3.350000001490116
00-0023506,,2012,TE,1.1062500476837158,-3.356250047683716
00-0023545,,2012,RB,0.0437500029802322,-3.3624999970197678
00-0029588,,2012,RB,0.03125,-3.375
00-0020516,,2012,TE,1.087499976158142,-3.3750001192092896
00-0028097,L.Smith,2012,TE,1.0812499523162842,-3.3812501430511475
00-0026855,,2012,RB,0.0,-3.40625
00-0027739,,2012,RB,0.0,-3.40625
00-0028062,,2012,RB,0.0,-3.40625
00-0028706,,2012,RB,0.0,-3.40625
00-0029634,J.Hanna,2012,TE,1.037500023841858,-3.4250000715255737
00-0028179,,2012,TE,1.0125000476837158,-3.450000047683716
00-0024287,,2012,TE,0.993749976158142,-3.4687501192092896
00-0027732,M.Hoomanawanui,2012,TE,0.993749976158142,-3.4687501192092896
00-0025540,,2012,TE,0.96875,-3.4937500953674316
00-0025464,,2012,TE,0.925000011920929,-3.5375000834465027
00-0027202,,2012,TE,0.887499988079071,-3.5750001072883606
00-0021236,,2012,TE,0.8812500238418579,-3.5812500715255737
00-0029269,T.Benjamin,2012,WR,4.400000095367432,-3.59375
00-0026931,,2012,TE,0.84375,-3.6187500953674316
00-0029587,R.Ellison,2012,TE,0.84375,-3.6187500953674316
00-0021999,,2012,WR,4.362500190734863,-3.6312499046325684
00-0029660,T.Graham,2012,WR,4.356249809265137,-3.637500286102295
00-0028079,,2012,TE,0.793749988079071,-3.6687501072883606
00-0023752,,2012,TE,0.78125,-3.6812500953674316
00-0026178,,2012,TE,0.768750011920929,-3.6937500834465027
00-0029218,,2012,TE,0.7562500238418579,-3.7062500715255737
00-0027876,T.Tebow,2012,TE,0.7350000143051147,-3.727500081062317
00-0028142,V.Green,2012,TE,0.706250011920929,-3.7562500834465027
00-0023436,A.Smith,2012,QB,7.667500019073486,-3.7612500190734863
00-0027780,,2012,TE,0.675000011920929,-3.7875000834465027
00-0029590,,2012,TE,0.6625000238418579,-3.8000000715255737
00-0026366,,2012,WR,4.181250095367432,-3.8125
00-0029262,R.Randle,2012,WR,4.175000190734863,-3.8187499046325684
00-0029275,,2012,TE,0.6000000238418579,-3.8625000715255737
00-0029572,J.Wright,2012,WR,4.131249904632568,-3.8625001907348633
00-0028532,,2012,WR,4.125,-3.8687500953674316
00-0027758,,2012,WR,4.112500190734863,-3.8812499046325684
00-0028903,G.Celek,2012,TE,0.5687500238418579,-3.8937500715255737
00-0028119,,2012,TE,0.5562499761581421,-3.9062501192092896
00-0029209,,2012,WR,4.0625,-3.9312500953674316
00-0027089,L.Murphy,2012,WR,4.056250095367432,-3.9375
00-0028337,,2012,TE,0.5,-3.9625000953674316
00-0028995,,2012,WR,4.012499809265137,-3.981250286102295
00-0029632,M.Sanu,2012,WR,3.9887499809265137,-4.005000114440918
00-0028651,,2012,TE,0.4437499940395355,-4.018750101327896
00-0026898,M.Sanchez,2012,QB,7.382500171661377,-4.046249866485596
00-0029276,,2012,TE,0.3812499940395355,-4.081250101327896
00-0027893,,2012,WR,3.900000095367432,-4.09375
00-0022847,,2012,TE,0.3125,-4.150000095367432
00-0027154,,2012,TE,0.3000000119209289,-4.162500083446503
00-0023968,,2012,WR,3.8125,-4.181250095367432
00-0022929,,2012,WR,3.806250095367432,-4.1875
00-0027825,J.Dray,2012,TE,0.21875,-4.243750095367432
00-0028270,,2012,TE,0.21875,-4.243750095367432
00-0028958,C.Harkey,2012,TE,0.1937499940395355,-4.268750101327896
00-0026197,C.Henne,2012,QB,7.135000228881836,-4.293749809265137
00-0026658,,2012,TE,0.1624999940395355,-4.300000101327896
00-0028842,,2012,TE,0.1624999940395355,-4.300000101327896
00-0028267,,2012,TE,0.1437499970197677,-4.318750098347664
00-0022922,,2012,TE,0.1375000029802322,-4.325000092387199
00-0027069,,2012,TE,0.1375000029802322,-4.325000092387199
00-0028156,,2012,TE,0.1312499940395355,-4.331250101327896
00-0027964,,2012,WR,3.65625,-4.337500095367432
00-0022738,,2012,TE,0.1124999970197677,-4.350000098347664
00-0028994,,2012,TE,0.1124999970197677,-4.350000098347664
00-0028406,,2012,TE,0.1062500029802322,-4.356250092387199
00-0025490,,2012,TE,0.1000000014901161,-4.3625000938773155
00-0026123,,2012,TE,0.1000000014901161,-4.3625000938773155
00-0029315,,2012,TE,0.0812499970197677,-4.381250098347664
00-0028522,,2012,TE,0.0437499992549419,-4.41875009611249
00-0022054,,2012,TE,0.0,-4.462500095367432
00-0023679,,2012,TE,0.0,-4.462500095367432
00-0027070,,2012,TE,0.0,-4.462500095367432
00-0027583,,2012,TE,0.0,-4.462500095367432
00-0027827,,2012,TE,-0.0062500000931322,-4.468750095460564
00-0028400,,2012,WR,3.481250047683716,-4.512500047683716
00-0026182,,2012,WR,3.4124999046325684,-4.581250190734863
00-0028116,A.Robinson,2012,WR,3.3812499046325684,-4.612500190734863
00-0024272,,2012,WR,3.362499952316284,-4.6312501430511475
00-0027687,,2012,WR,3.337500095367432,-4.65625
00-0028114,D.Harris,2012,WR,3.325000047683716,-4.668750047683716
00-0029435,,2012,WR,3.237499952316284,-4.7562501430511475
00-0026186,,2012,WR,3.212500095367432,-4.78125
00-0024240,,2012,WR,3.200000047683716,-4.793750047683716
00-0026221,,2012,WR,3.0999999046325684,-4.893750190734863
00-0029293,M.Jones,2012,WR,3.049999952316284,-4.9437501430511475
00-0025462,,2012,WR,2.950000047683716,-5.043750047683716
00-0025414,,2012,WR,2.8812501430511475,-5.112499952316284
00-0024297,,2012,WR,2.868750095367432,-5.125
00-0023438,,2012,WR,2.743750095367432,-5.25
00-0027608,,2012,WR,2.706249952316284,-5.2875001430511475
00-0027026,,2012,WR,2.650000095367432,-5.34375
00-0027076,,2012,WR,2.53125,-5.462500095367432
00-0027057,B.Tate,2012,WR,2.5062499046325684,-5.487500190734863
00-0028049,,2012,WR,2.4749999046325684,-5.518750190734863
00-0027948,B.Gabbert,2012,QB,5.880000114440918,-5.548749923706055
00-0029702,,2012,WR,2.4437499046325684,-5.550000190734863
00-0029640,B.Quick,2012,WR,2.4124999046325684,-5.581250190734863
00-0022811,,2012,WR,2.34375,-5.650000095367432
00-0026902,,2012,WR,2.25,-5.743750095367432
00-0029548,,2012,WR,2.2249999046325684,-5.768750190734863
00-0029567,N.Foles,2012,QB,5.385000228881836,-6.043749809265137
00-0021192,,2012,WR,1.90625,-6.087500095367432
00-0025423,,2012,QB,5.297500133514404,-6.131249904632568
00-0029415,K.Martin,2012,WR,1.8625000715255735,-6.131250023841858
00-0025951,,2012,WR,1.862499952316284,-6.1312501430511475
00-0024447,,2012,WR,1.825000047683716,-6.168750047683716
00-0029000,C.Beasley,2012,WR,1.7375000715255735,-6.256250023841858
00-0004541,,2012,WR,1.7312500476837158,-6.262500047683716
00-0025438,,2012,WR,1.693750023841858,-6.300000071525574
00-0028542,,2012,WR,1.693750023841858,-6.300000071525574
00-0026739,,2012,WR,1.6750000715255735,-6.318750023841858
00-0028045,,2012,WR,1.65625,-6.337500095367432
00-0028825,T.Pryor,2012,WR,1.65625,-6.337500095367432
00-0029580,R.Matthews,2012,WR,1.631250023841858,-6.362500071525574
00-0028061,,2012,WR,1.5812499523162842,-6.4125001430511475
00-0027356,,2012,WR,1.53125,-6.462500095367432
00-0023662,M.Cassel,2012,QB,4.896250247955322,-6.53249979019165
00-0007091,,2012,QB,4.78000020980835,-6.648749828338623
00-0029055,,2012,WR,1.2999999523162842,-6.6937501430511475
00-0029673,D.Posey,2012,WR,1.274999976158142,-6.7187501192092896
00-0024756,,2012,WR,1.1875,-6.806250095367432
00-0028930,,2012,WR,1.162500023841858,-6.831250071525574
00-0023176,,2012,WR,1.09375,-6.900000095367432
00-0027692,,2012,WR,1.068750023841858,-6.925000071525574
00-0022388,,2012,WR,1.0,-6.993750095367432
00-0027606,,2012,WR,0.981249988079071,-7.012500107288361
00-0026577,,2012,WR,0.956250011920929,-7.037500083446503
00-0028174,,2012,WR,0.90625,-7.087500095367432
00-0025529,,2012,WR,0.8999999761581421,-7.0937501192092896
00-0027012,,2012,WR,0.8999999761581421,-7.0937501192092896
00-0028307,,2012,WR,0.875,-7.118750095367432
00-0021147,,2012,WR,0.831250011920929,-7.162500083446503
00-0019642,,2012,WR,0.824999988079071,-7.168750107288361
00-0028070,,2012,WR,0.7937500476837158,-7.200000047683716
00-0028105,,2012,WR,0.768750011920929,-7.225000083446503
00-0028417,,2012,WR,0.768750011920929,-7.225000083446503
00-0027755,,2012,WR,0.7250000238418579,-7.268750071525574
00-0029274,,2012,WR,0.7062499523162842,-7.2875001430511475
00-0026266,,2012,WR,0.699999988079071,-7.293750107288361
00-0024463,,2012,WR,0.6812499761581421,-7.3125001192092896
00-0028362,,2012,WR,0.6812499761581421,-7.3125001192092896
00-0021163,,2012,WR,0.6749999523162842,-7.3187501430511475
00-0026491,,2012,WR,0.65625,-7.337500095367432
00-0029388,D.Thompson,2012,WR,0.6312500238418579,-7.362500071525574
00-0025463,,2012,WR,0.59375,-7.400000095367432
00-0023408,,2012,WR,0.5249999761581421,-7.4687501192092896
00-0027654,A.Benn,2012,WR,0.5125000476837158,-7.481250047683716
00-0026753,,2012,WR,0.512499988079071,-7.481250107288361
00-0022421,,2012,WR,0.5062500238418579,-7.487500071525574
00-0023503,,2012,WR,0.4937500059604645,-7.500000089406967
00-0024318,,2012,QB,3.924999952316284,-7.5037500858306885
00-0029051,,2012,WR,0.4812500178813934,-7.512500077486038
00-0027581,,2012,WR,0.46875,-7.525000095367432
00-0029204,,2012,WR,0.4437500238418579,-7.550000071525574
00-0029159,J.Kearse,2012,WR,0.3812499940395355,-7.612500101327896
00-0028021,,2012,WR,0.3625000119209289,-7.631250083446503
00-0027322,,2012,WR,0.3187499940395355,-7.675000101327896
00-0024535,E.Weems,2012,WR,0.293749988079071,-7.700000107288361
00-0028338,,2012,WR,0.2874999940395355,-7.706250101327896
00-0027789,,2012,WR,0.2687500119209289,-7.725000083446503
00-0026237,,2012,WR,0.262499988079071,-7.731250107288361
00-0026465,,2012,WR,0.262499988079071,-7.731250107288361
00-0027700,,2012,WR,0.21875,-7.775000095367432
00-0028905,,2012,WR,0.2125000059604644,-7.781250089406967
00-0028263,A.Holmes,2012,WR,0.1937499940395355,-7.800000101327896
00-0029271,,2012,WR,0.1875,-7.806250095367432
00-0025396,T.Ginn,2012,WR,0.1750000119209289,-7.818750083446503
00-0026953,,2012,WR,0.1500000059604644,-7.843750089406967
00-0029642,,2012,WR,0.1437499970197677,-7.850000098347664
00-0029343,,2012,WR,0.1124999970197677,-7.881250098347664
00-0028352,,2012,WR,0.1062500029802322,-7.887500092387199
00-0027092,,2012,WR,0.1000000014901161,-7.8937500938773155
00-0025559,,2012,WR,0.0562499985098838,-7.937500096857548
00-0027450,,2012,WR,0.0437499992549419,-7.95000009611249
00-0028646,,2012,WR,0.0437499992549419,-7.95000009611249
00-0028906,,2012,WR,0.0375000014901161,-7.9562500938773155
00-0027059,,2012,WR,0.0,-7.993750095367432
00-0027585,,2012,WR,0.0,-7.993750095367432
00-0028792,,2012,WR,0.0,-7.993750095367432
00-0029155,,2012,WR,0.0,-7.993750095367432
00-0029424,,2012,WR,0.0,-7.993750095367432
00-0029654,,2012,WR,0.0,-7.993750095367432
00-0025409,,2012,QB,2.765000104904175,-8.663749933242798
00-0029604,K.Cousins,2012,QB,2.052500009536743,-9.37625002861023
00-0027754,,2012,QB,1.986249923706055,-9.442500114440918
00-0028118,T.Taylor,2012,QB,1.153749942779541,-10.275000095367432
00-0022177,,2012,QB,1.1237499713897705,-10.305000066757202
00-0023460,,2012,QB,1.087499976158142,-10.34125006198883
00-0000865,,2012,QB,0.9375,-10.491250038146973
00-0020679,,2012,QB,0.9237499833106996,-10.505000054836273
00-0026625,B.Hoyer,2012,QB,0.862500011920929,-10.566250026226044
00-0029531,,2012,QB,0.7987499833106995,-10.630000054836273
00-0028146,,2012,QB,0.7224999666213989,-10.706250071525574
00-0027253,T.Lewis,2012,QB,0.6537500023841858,-10.775000035762787
00-0023541,,2012,QB,0.5975000262260437,-10.831250011920929
00-0025708,M.Moore,2012,QB,0.5587500333786011,-10.870000004768372
00-0027688,C.McCoy,2012,QB,0.5412499904632568,-10.887500047683716
00-0028090,T.Yates,2012,QB,0.3387500047683716,-11.090000033378601
00-0024225,,2012,QB,0.1624999940395355,-11.266250044107437
00-0024408,,2012,QB,0.1500000059604644,-11.278750032186508
00-0023645,D.Anderson,2012,QB,0.1449999958276748,-11.283750042319298
00-0026349,,2012,QB,0.1387500017881393,-11.290000036358833
00-0026544,C.Daniel,2012,QB,0.1312499940395355,-11.297500044107437
00-0023578,D.Orlovsky,2012,QB,0.1274999976158142,-11.301250040531158
00-0027775,,2012,QB,0.0850000008940696,-11.343750037252903
00-0025604,,2012,QB,0.0687500014901161,-11.360000036656857
00-0025479,,2012,QB,0.0350000001490116,-11.393750037997961
00-0020608,,2012,QB,0.0287500005215406,-11.400000037625432
00-0024264,K.Clemens,2012,QB,0.0037499999161809,-11.425000038230792
00-0027796,J.Webb,2012,QB,-0.0062500000931322,-11.435000038240105
00-0022864,L.McCown,2012,QB,-0.018750000745058,-11.44750003889203
00-0029682,B.Osweiler,2012,QB,-0.0512499995529651,-11.480000037699938
00-0027602,,2012,QB,-0.09375,-11.522500038146973
00-0026300,J.Johnson,2012,QB,-0.125,-11.553750038146973
00-0028012,R.Mallett,2012,QB,-0.1387500017881393,-11.567500039935112
00-0020804,,2012,,0.1187499985098838,
00-0022397,,2012,,2.78125,
00-0022405,,2012,,0.1124999970197677,
00-0022999,,2012,,2.6312501430511475,
00-0024315,,2012,,2.65625,
00-0024394,,2012,,1.53125,
00-0025524,,2012,,0.9437499642372132,
00-0025568,,2012,,0.1062500029802322,
00-0025631,,2012,,3.849999904632568,
00-0026033,,2012,,0.324999988079071,
00-0026069,,2012,,7.131249904632568,
00-0026072,,2012,,1.9375,
00-0026286,,2012,,0.40625,
00-0026303,,2012,,0.0062500000931322,
00-0026344,,2012,,0.6000000238418579,
00-0026393,,2012,,8.418749809265137,
00-0026557,,2012,,0.09375,
00-0026712,,2012,,0.0,
00-0026723,,2012,,0.4437499940395355,
00-0026852,,2012,,2.306250095367432,
00-0027106,,2012,,0.59375,
00-0027109,,2012,,5.349999904632568,
00-0027844,,2012,,1.6437499523162842,
00-0028149,,2012,,1.3875000476837158,
00-0028178,,2012,,1.21875,
00-0028492,,2012,,1.5,
00-0028581,,2012,,0.0,
00-0029358,,2012,,0.293749988079071,
00-0029619,,2012,,2.387500047683716,
00-0026195,,2011,RB,23.302499771118164,19.233749866485596
00-0027029,L.McCoy,2011,RB,20.524999618530277,16.45624971389771
00-0027656,R.Gronkowski,2011,TE,20.681249618530277,16.39374971389771
00-0023459,A.Rodgers,2011,QB,24.821250915527344,16.305001258850098
00-0020531,D.Brees,2011,QB,24.625,16.108750343322754
00-0025389,,2011,WR,22.543750762939453,15.200000762939453
00-0024275,,2011,RB,19.0625,14.993750095367432
00-0026796,,2011,RB,18.943750381469727,14.875000476837158
00-0027939,C.Newton,2011,QB,23.146249771118164,14.630000114440918
00-0019596,T.Brady,2011,QB,22.893749237060547,14.3774995803833
00-0027696,J.Graham,2011,TE,18.375,14.087500095367432
00-0022427,,2011,WR,20.993749618530277,13.649999618530277
00-0023564,D.Sproles,2011,RB,17.337499618530273,13.268749713897705
00-0026498,M.Stafford,2011,QB,21.612499237060547,13.0962495803833
00-0025399,M.Lynch,2011,RB,15.225000381469728,11.15625047683716
00-0027864,,2011,RB,14.78749942779541,10.718749523162842
00-0027265,V.Cruz,2011,WR,17.993749618530273,10.649999618530273
00-0026176,J.Nelson,2011,WR,17.768749237060547,10.424999237060547
00-0022821,,2011,RB,14.362500190734863,10.293750286102295
00-0026164,C.Johnson,2011,RB,14.09375,10.025000095367432
00-0023462,,2011,WR,17.350000381469727,10.006250381469727
00-0022736,,2011,RB,13.987500190734863,9.918750286102295
00-0025487,,2011,RB,13.90625,9.837500095367432
00-0026184,M.Forte,2011,RB,13.793749809265137,9.724999904632568
00-0024217,,2011,RB,13.699999809265137,9.631249904632568
00-0022921,L.Fitzgerald,2011,WR,16.818750381469727,9.475000381469727
00-0026998,,2011,WR,16.762500762939453,9.418750762939453
00-0020337,,2011,WR,16.5,9.15625
00-0027713,,2011,TE,13.40625,9.118750095367432
00-0022803,E.Manning,2011,QB,17.551250457763672,9.035000801086426
00-0024204,,2011,RB,13.037500381469728,8.96875047683716
00-0025394,A.Peterson,2011,RB,12.931249618530272,8.862499713897703
00-0006101,,2011,TE,13.09375,8.806250095367432
00-0021678,,2011,QB,17.247499465942383,8.731249809265137
00-0026143,M.Ryan,2011,QB,17.092500686645508,8.576251029968262
00-0022127,J.Witten,2011,TE,12.699999809265137,8.412499904632568
00-0027876,T.Tebow,2011,TE,12.447500228881836,8.160000324249268
00-0026153,J.Stewart,2011,RB,12.149999618530272,8.081249713897703
00-0023500,F.Gore,2011,RB,12.09375,8.025000095367432
00-0025637,,2011,RB,12.03749942779541,7.968749523162842
00-0026899,,2011,RB,12.03125,7.962500095367432
00-0024466,,2011,WR,15.274999618530272,7.931249618530272
00-0026901,M.Wallace,2011,WR,15.1875,7.84375
00-0026996,,2011,TE,11.918749809265137,7.631249904632568
00-0024334,B.Marshall,2011,WR,14.856249809265137,7.512499809265137
00-0027005,,2011,WR,14.824999809265137,7.481249809265137
00-0022942,P.Rivers,2011,QB,15.90999984741211,7.393750190734863
00-0024813,,2011,RB,11.418749809265137,7.349999904632568
00-0021547,A.Gates,2011,TE,11.487500190734863,7.200000286102295
00-0026163,,2011,RB,11.137499809265137,7.068749904632568
00-0023496,,2011,WR,14.356249809265137,7.012499809265137
00-0024221,V.Davis,2011,TE,11.231249809265137,6.943749904632568
00-0026231,,2011,TE,11.231249809265137,6.943749904632568
00-0027007,,2011,RB,10.993749618530272,6.924999713897703
00-0025410,,2011,WR,14.256250381469728,6.912500381469728
00-0023367,,2011,WR,14.050000190734863,6.706250190734863
00-0026170,,2011,TE,10.90625,6.618750095367432
00-0025549,B.Celek,2011,TE,10.818750381469728,6.53125047683716
00-0026898,M.Sanchez,2011,QB,14.828749656677246,6.3125
00-0026364,,2011,WR,13.649999618530272,6.306249618530272
00-0027942,A.Green,2011,WR,13.625,6.28125
00-0028043,,2011,RB,10.306249618530272,6.237499713897703
00-0024267,,2011,WR,13.493749618530272,6.149999618530272
00-0022178,,2011,RB,10.1875,6.118750095367432
00-0023439,,2011,RB,10.118749618530272,6.049999713897703
00-0020245,,2011,QB,14.563750267028809,6.0475006103515625
00-0022922,,2011,TE,10.331250190734863,6.043750286102295
00-0027861,C.Spiller,2011,RB,9.875,5.806250095367432
00-0025860,,2011,RB,9.850000381469728,5.78125047683716
00-0027902,D.Bryant,2011,WR,13.018750190734863,5.675000190734863
00-0024242,,2011,RB,9.693750381469728,5.62500047683716
00-0025462,,2011,WR,12.862500190734863,5.518750190734863
00-0023682,R.Fitzpatrick,2011,QB,13.923749923706056,5.40750026702881
00-0026188,,2011,TE,9.662500381469728,5.37500047683716
00-0027793,A.Brown,2011,WR,12.61875057220459,5.27500057220459
00-0027944,J.Jones,2011,WR,12.59375,5.25
00-0026345,P.Garcon,2011,WR,12.46875,5.125
00-0027873,J.Gresham,2011,TE,9.350000381469728,5.06250047683716
00-0028009,D.Murray,2011,RB,9.125,5.056250095367432
00-0022924,B.Roethlisberger,2011,QB,13.505000114440918,4.988750457763672
00-0022097,,2011,WR,12.287500381469728,4.943750381469728
00-0020498,,2011,WR,12.1875,4.84375
00-0023436,A.Smith,2011,QB,13.228750228881836,4.71250057220459
00-0021163,,2011,WR,11.918749809265137,4.574999809265137
00-0024313,,2011,TE,8.731249809265137,4.443749904632568
00-0027973,A.Dalton,2011,QB,12.94499969482422,4.428750038146974
00-0027061,J.Cook,2011,TE,8.681249618530273,4.393749713897705
00-0027890,,2011,RB,8.4375,4.368750095367432
00-0023545,,2011,RB,8.431249618530273,4.362499713897705
00-0026993,,2011,QB,12.842499732971191,4.326250076293945
00-0026986,M.Crabtree,2011,WR,11.625,4.28125
00-0027675,E.Dickson,2011,TE,8.550000190734863,4.262500286102295
00-0020536,,2011,RB,8.306249618530273,4.237499713897705
00-0026158,J.Flacco,2011,QB,12.712499618530272,4.196249961853026
00-0027325,L.Blount,2011,RB,8.243749618530273,4.174999713897705
00-0026983,D.Heyward-Bey,2011,WR,11.46875,4.125
00-0026189,D.Jackson,2011,WR,11.387499809265137,4.043749809265137
00-0027996,T.Smith,2011,WR,11.25,3.90625
00-0026204,,2011,RB,7.912499904632568,3.84375
00-0025418,G.Olsen,2011,TE,8.0625,3.7750000953674316
00-0026995,J.Maclin,2011,WR,11.0625,3.71875
00-0026144,D.McFadden,2011,RB,7.737499713897705,3.6687498092651367
00-0021999,,2011,WR,10.975000381469728,3.6312503814697283
00-0023465,,2011,TE,7.793749809265137,3.5062499046325684
00-0027003,,2011,RB,7.443749904632568,3.375
00-0027888,,2011,RB,7.443749904632568,3.375
00-0027259,,2011,TE,7.650000095367432,3.3625001907348633
00-0007091,,2011,QB,11.8774995803833,3.3612499237060547
00-0022984,,2011,RB,7.356249809265137,3.2874999046325684
00-0026162,,2011,RB,7.162500381469727,3.093750476837158
00-0023310,,2011,WR,10.418749809265137,3.0749998092651367
00-0024240,,2011,WR,10.318750381469728,2.9750003814697283
00-0027880,,2011,RB,7.043749809265137,2.9749999046325684
00-0027791,,2011,RB,7.025000095367432,2.9562501907348633
00-0022084,,2011,WR,10.231249809265137,2.8874998092651367
00-0026367,,2011,RB,6.856249809265137,2.7874999046325684
00-0025516,,2011,TE,6.931250095367432,2.6437501907348633
00-0022414,,2011,WR,9.912500381469728,2.5687503814697283
00-0027690,E.Decker,2011,WR,9.831250190734863,2.4875001907348633
00-0027322,,2011,WR,9.800000190734863,2.4562501907348633
00-0027702,,2011,WR,9.774999618530272,2.4312496185302717
00-0024268,A.Fasano,2011,TE,6.693749904632568,2.40625
00-0019642,,2011,WR,9.637499809265137,2.2937498092651367
00-0025529,,2011,WR,9.625,2.28125
00-0028434,D.Baldwin,2011,WR,9.600000381469728,2.2562503814697283
00-0021148,,2011,TE,6.53125,2.2437500953674316
00-0026221,,2011,WR,9.556249618530272,2.2124996185302717
00-0021192,,2011,WR,9.449999809265137,2.1062498092651367
00-0027982,,2011,WR,9.443750381469728,2.1000003814697283
00-0027966,M.Ingram,2011,RB,6.087500095367432,2.0187501907348633
00-0023630,,2011,TE,6.206250190734863,1.918750286102295
00-0024276,,2011,TE,6.199999809265137,1.9124999046325684
00-0021182,,2011,RB,5.9375,1.8687500953674316
00-0027714,,2011,TE,6.15625,1.8687500953674316
00-0028053,,2011,RB,5.924999713897705,1.8562498092651367
00-0026186,,2011,WR,9.15625,1.8125
00-0025414,,2011,WR,9.087499618530272,1.7437496185302717
00-0027997,G.Little,2011,WR,9.087499618530272,1.7437496185302717
00-0022054,,2011,TE,5.931250095367432,1.6437501907348633
00-0025465,,2011,WR,8.96875,1.625
00-0023921,,2011,WR,8.949999809265137,1.6062498092651367
00-0027688,C.McCoy,2011,QB,10.063750267028809,1.5475006103515625
00-0024279,,2011,QB,10.02750015258789,1.5112504959106445
00-0026566,,2011,RB,5.481249809265137,1.4124999046325684
00-0025701,,2011,RB,5.46875,1.4000000953674316
00-0022787,M.Schaub,2011,QB,9.87874984741211,1.3625001907348633
00-0026123,,2011,TE,5.650000095367432,1.3625001907348633
00-0022943,B.Watson,2011,TE,5.625,1.3375000953674316
00-0023544,,2011,RB,5.387499809265137,1.3187499046325684
00-0027651,,2011,WR,8.649999618530273,1.3062496185302734
00-0028086,,2011,WR,8.556249618530273,1.2124996185302734
00-0027893,,2011,WR,8.387499809265137,1.0437498092651367
00-0024243,M.Lewis,2011,TE,5.3125,1.0250000953674316
00-0028000,,2011,RB,5.081250190734863,1.012500286102295
00-0025708,M.Moore,2011,QB,9.52375030517578,1.0075006484985334
00-0026029,,2011,RB,5.037499904632568,0.96875
00-0025540,,2011,TE,5.175000190734863,0.8875002861022949
00-0026432,,2011,RB,4.9375,0.8687500953674316
00-0026019,D.Woodhead,2011,RB,4.925000190734863,0.8562502861022949
00-0027140,,2011,RB,4.84375,0.7750000953674316
00-0020494,,2011,WR,8.024999618530273,0.6812496185302734
00-0022121,,2011,QB,9.196249961853027,0.6800003051757812
00-0022165,,2011,TE,4.949999809265137,0.6624999046325684
00-0017915,,2011,RB,4.606249809265137,0.5374999046325684
00-0024245,,2011,RB,4.599999904632568,0.53125
00-0023176,,2011,WR,7.831250190734863,0.4875001907348633
00-0026941,,2011,RB,4.550000190734863,0.4812502861022949
00-0027691,A.Roberts,2011,WR,7.768750190734863,0.4250001907348633
00-0024324,,2011,WR,7.743750095367432,0.40000009536743164
00-0028083,J.Rodgers,2011,RB,4.393750190734863,0.3250002861022949
00-0026579,,2011,RB,4.375,0.30625009536743164
00-0000108,,2011,K,0.2849999964237213,0.2849999964237213
00-0027120,,2011,RB,4.324999809265137,0.25624990463256836
00-0024369,,2011,TE,4.506249904632568,0.21875
00-0026913,,2011,WR,7.481249809265137,0.13749980926513672
00-0026000,,2011,WR,7.474999904632568,0.13124990463256836
00-0027981,K.Rudolph,2011,TE,4.306250095367432,0.01875019073486328
00-0004541,,2011,WR,7.34375,0.0
00-0024226,J.Cutler,2011,QB,8.516249656677246,0.0
00-0026298,,2011,TE,4.287499904632568,0.0
00-0026956,,2011,RB,4.068749904632568,0.0
00-0021429,C.Palmer,2011,QB,8.507499694824219,-0.008749961853027344
00-0024559,,2011,RB,4.018750190734863,-0.04999971389770508
00-0023440,,2011,RB,3.962500095367432,-0.10624980926513627
00-0021755,,2011,RB,3.931250095367432,-0.13749980926513627
00-0026235,,2011,WR,7.206250190734863,-0.13749980926513672
00-0027681,B.LaFell,2011,WR,7.206249713897705,-0.13750028610229492
00-0027450,,2011,WR,7.068749904632568,-0.27500009536743164
00-0026289,T.Hightower,2011,RB,3.731250047683716,-0.33749985694885254
00-0027874,D.Thomas,2011,WR,6.974999904632568,-0.36875009536743164
00-0027092,,2011,WR,6.962500095367432,-0.38124990463256836
00-0027789,,2011,WR,6.856249809265137,-0.4875001907348633
00-0019641,,2011,RB,3.5687499046325684,-0.5
00-0023752,,2011,TE,3.787499904632568,-0.5000000000000004
00-0027985,L.Kendricks,2011,TE,3.775000095367432,-0.5124998092651363
00-0026373,,2011,RB,3.518749952316284,-0.5499999523162842
00-0020516,,2011,TE,3.6437501907348633,-0.6437497138977051
00-0028011,S.Ridley,2011,RB,3.400000095367432,-0.6687498092651363
00-0024389,De.Walker,2011,TE,3.581249952316284,-0.7062499523162842
00-0028112,C.Clay,2011,TE,3.581249952316284,-0.7062499523162842
00-0021236,,2011,TE,3.5687501430511475,-0.7187497615814209
00-0027666,,2011,RB,3.299999952316284,-0.7687499523162842
00-0021931,,2011,WR,6.525000095367432,-0.8187499046325684
00-0025439,,2011,RB,3.21875,-0.8499999046325684
00-0024287,,2011,TE,3.418750047683716,-0.8687498569488525
00-0028057,,2011,RB,3.15625,-0.9124999046325684
00-0025460,,2011,WR,6.368750095367432,-0.9749999046325684
00-0028115,,2011,RB,3.0375001430511475,-1.031249761581421
00-0026262,,2011,RB,3.0374999046325684,-1.03125
00-0026266,,2011,WR,6.25,-1.09375
00-0022909,,2011,WR,6.231249809265137,-1.1125001907348633
00-0027950,,2011,QB,7.376250267028809,-1.1399993896484375
00-0027712,,2011,RB,2.8937501907348637,-1.1749997138977046
00-0022781,,2011,WR,6.162499904632568,-1.1812500953674316
00-0024332,,2011,RB,2.8499999046325684,-1.21875
00-0025559,,2011,WR,6.111249923706055,-1.2325000762939453
00-0027948,B.Gabbert,2011,QB,7.272500038146973,-1.2437496185302734
00-0025425,,2011,TE,3.018749952316284,-1.2687499523162842
00-0027077,,2011,WR,6.049999713897705,-1.293750286102295
00-0027214,,2011,RB,2.731250047683716,-1.3374998569488525
00-0027531,C.Ivory,2011,RB,2.712500095367432,-1.3562498092651363
00-0026988,,2011,RB,2.6875,-1.3812499046325684
00-0022929,,2011,WR,5.949999809265137,-1.3937501907348633
00-0026224,H.Douglas,2011,WR,5.943749904632568,-1.4000000953674316
00-0022044,,2011,WR,5.9375,-1.40625
00-0025431,,2011,WR,5.931250095367432,-1.4124999046325684
00-0017162,,2011,WR,5.881249904632568,-1.4625000953674316
00-0024463,,2011,WR,5.868750095367432,-1.4749999046325684
00-0027891,G.Tate,2011,WR,5.787499904632568,-1.5562500953674316
00-0026267,,2011,TE,2.668750047683716,-1.6187498569488525
00-0022217,,2011,RB,2.4437499046325684,-1.625
00-0027779,,2011,RB,2.4375,-1.6312499046325684
00-0027654,A.Benn,2011,WR,5.712499618530273,-1.6312503814697266
00-0027076,,2011,WR,5.662499904632568,-1.6812500953674316
00-0021314,,2011,RB,2.299999952316284,-1.7687499523162842
00-0026279,,2011,RB,2.143749952316284,-1.9249999523162842
00-0026237,,2011,WR,5.418749809265137,-1.9250001907348633
00-0026937,,2011,WR,5.418749809265137,-1.9250001907348633
00-0024272,,2011,WR,5.393750190734863,-1.9499998092651367
00-0027754,,2011,QB,6.457499980926514,-2.0587496757507324
00-0026209,,2011,RB,1.9875000715255735,-2.0812498331069946
00-0027725,C.Harbor,2011,TE,2.206249952316284,-2.081249952316284
00-0023506,,2011,TE,2.0687499046325684,-2.21875
00-0026745,,2011,RB,1.825000047683716,-2.2437498569488525
00-0027026,,2011,WR,5.087500095367432,-2.2562499046325684
00-0027912,,2011,WR,5.068749904632568,-2.2750000953674316
00-0028002,R.Cobb,2011,WR,5.0625,-2.28125
00-0026225,,2011,TE,1.975000023841858,-2.3124998807907104
00-0026201,M.Bennett,2011,TE,1.962499976158142,-2.3249999284744263
00-0027135,,2011,TE,1.943750023841858,-2.3437498807907104
00-0027139,J.Phillips,2011,TE,1.9437499046325684,-2.34375
00-0025423,,2011,QB,6.168750286102295,-2.347499370574951
00-0022770,,2011,RB,1.712499976158142,-2.3562499284744263
00-0025463,,2011,WR,4.981249809265137,-2.3625001907348633
00-0024447,,2011,WR,4.925000190734863,-2.4187498092651367
00-0023662,M.Cassel,2011,QB,6.063750267028809,-2.4524993896484375
00-0027783,,2011,TE,1.725000023841858,-2.5624998807907104
00-0026957,D.Johnson,2011,TE,1.6937499046325684,-2.59375
00-0028574,,2011,RB,1.4187500476837158,-2.6499998569488525
00-0027772,,2011,RB,1.3937499523162842,-2.674999952316284
00-0026931,,2011,TE,1.600000023841858,-2.6874998807907104
00-0028602,,2011,RB,1.381250023841858,-2.6874998807907104
00-0027215,L.Paulsen,2011,TE,1.5499999523162842,-2.737499952316284
00-0027346,,2011,RB,1.3312499523162842,-2.737499952316284
00-0026799,,2011,RB,1.306249976158142,-2.7624999284744263
00-0025464,,2011,TE,1.5,-2.7874999046325684
00-0028007,,2011,TE,1.4562499523162842,-2.831249952316284
00-0028352,,2011,WR,4.512499809265137,-2.8312501907348633
00-0027202,,2011,TE,1.4500000476837158,-2.8374998569488525
00-0025458,,2011,RB,1.212499976158142,-2.8562499284744263
00-0021929,,2011,TE,1.40625,-2.8812499046325684
00-0028091,J.Kerley,2011,WR,4.427499771118164,-2.916250228881836
00-0026213,J.Charles,2011,RB,1.1375000476837158,-2.9312498569488525
00-0026229,,2011,RB,1.1062500476837158,-2.9624998569488525
00-0028042,L.Stocker,2011,TE,1.3250000476837158,-2.9624998569488525
00-0023437,,2011,RB,1.100000023841858,-2.9687498807907104
00-0028613,,2011,RB,1.09375,-2.9749999046325684
00-0028087,D.Lewis,2011,RB,1.056249976158142,-3.0124999284744263
00-0027070,,2011,TE,1.2687499523162842,-3.018749952316284
00-0005091,,2011,RB,1.006250023841858,-3.0624998807907104
00-0019484,,2011,RB,1.006250023841858,-3.0624998807907104
00-0027854,S.Bradford,2011,QB,5.447500228881836,-3.06874942779541
00-0028068,,2011,RB,0.9749999642372132,-3.0937499403953552
00-0028074,A.Sherman,2011,RB,0.96875,-3.0999999046325684
00-0025542,,2011,TE,1.1687500476837158,-3.1187498569488525
00-0023541,,2011,QB,5.351250171661377,-3.164999485015869
00-0027786,,2011,RB,0.8687500357627869,-3.1999998688697815
00-0026210,,2011,WR,4.131249904632568,-3.2125000953674316
00-0027739,,2011,RB,0.831250011920929,-3.2374998927116394
00-0027608,,2011,WR,4.081250190734863,-3.2624998092651367
00-0022897,,2011,RB,0.7875000238418579,-3.2812498807907104
00-0023679,,2011,TE,1.006250023841858,-3.2812498807907104
00-0021147,,2011,WR,4.0625,-3.28125
00-0026658,,2011,TE,1.0,-3.2874999046325684
00-0026878,,2011,TE,0.9874999523162842,-3.299999952316284
00-0026669,,2011,TE,0.981249988079071,-3.3062499165534973
00-0028550,,2011,TE,0.962499976158142,-3.3249999284744263
00-0027732,M.Hoomanawanui,2011,TE,0.956250011920929,-3.3312498927116394
00-0028063,T.Jones,2011,RB,0.737500011920929,-3.3312498927116394
00-0027105,,2011,WR,4.012499809265137,-3.3312501907348633
00-0027994,S.Vereen,2011,RB,0.731249988079071,-3.3374999165534973
00-0028020,,2011,WR,3.993750095367432,-3.349999904632568
00-0022738,,2011,TE,0.925000011920929,-3.3624998927116394
00-0027685,E.Sanders,2011,WR,3.962500095367432,-3.381249904632568
00-0021357,,2011,RB,0.6812499761581421,-3.3874999284744263
00-0027125,Z.Miller,2011,TE,0.887499988079071,-3.3999999165534973
00-0028208,,2011,RB,0.6312500238418579,-3.4374998807907104
00-0026963,,2011,TE,0.84375,-3.4437499046325684
00-0027761,,2011,TE,0.84375,-3.4437499046325684
00-0026366,,2011,WR,3.881249904632568,-3.462500095367432
00-0027006,K.Britt,2011,WR,3.868750095367432,-3.474999904632568
00-0028270,,2011,TE,0.8062499761581421,-3.4812499284744263
00-0028062,,2011,RB,0.5562499761581421,-3.5124999284744263
00-0027154,,2011,TE,0.762499988079071,-3.5249999165534973
00-0028291,,2011,TE,0.731249988079071,-3.5562499165534973
00-0027583,,2011,TE,0.71875,-3.5687499046325684
00-0023460,,2011,QB,4.924999713897705,-3.591249942779541
00-0027709,,2011,WR,3.75,-3.59375
00-0021304,,2011,TE,0.6875,-3.5999999046325684
00-0025396,T.Ginn,2011,WR,3.737499952316284,-3.606250047683716
00-0026008,,2011,TE,0.6749999523162842,-3.612499952316284
00-0021154,,2011,TE,0.65625,-3.6312499046325684
00-0021756,,2011,TE,0.637499988079071,-3.6499999165534973
00-0024103,,2011,RB,0.3812499940395355,-3.687499910593033
00-0027412,,2011,RB,0.375,-3.6937499046325684
00-0028040,,2011,TE,0.581250011920929,-3.7062498927116394
00-0027500,,2011,TE,0.5687500238418579,-3.7187498807907104
00-0028409,D.Harris,2011,RB,0.3500000238418579,-3.7187498807907104
00-0024359,,2011,RB,0.3375000059604645,-3.731249898672104
00-0028565,,2011,RB,0.3000000119209289,-3.7687498927116394
00-0028071,,2011,RB,0.28125,-3.7874999046325684
00-0028509,,2011,TE,0.5,-3.7874999046325684
00-0024294,,2011,RB,0.2562499940395355,-3.812499910593033
00-0026607,,2011,RB,0.25,-3.8187499046325684
00-0028156,,2011,TE,0.4625000059604645,-3.824999898672104
00-0028064,B.Powell,2011,RB,0.2374999970197677,-3.8312499076128006
00-0026739,,2011,WR,3.487499952316284,-3.856250047683716
00-0026353,,2011,RB,0.2000000029802322,-3.868749901652336
00-0024301,,2011,TE,0.4125000238418579,-3.8749998807907104
00-0027753,,2011,TE,0.4124999940395355,-3.874999910593033
00-0026947,,2011,RB,0.1812500059604644,-3.887499898672104
00-0028159,,2011,RB,0.1812500059604644,-3.887499898672104
00-0024297,,2011,WR,3.450000047683716,-3.893749952316284
00-0028034,,2011,RB,0.1687500029802322,-3.899999901652336
00-0025573,,2011,RB,0.15625,-3.9124999046325684
00-0026644,,2011,RB,0.1500000059604644,-3.918749898672104
00-0019457,,2011,TE,0.3499999940395355,-3.937499910593033
00-0027321,J.Cumberland,2011,TE,0.34375,-3.9437499046325684
00-0028142,V.Green,2011,TE,0.3375000059604645,-3.949999898672104
00-0027129,,2011,RB,0.1187499985098838,-3.9499999061226845
00-0028158,,2011,RB,0.1187499985098838,-3.9499999061226845
00-0028050,,2011,WR,3.387500047683716,-3.956249952316284
00-0028093,N.Paul,2011,TE,0.324999988079071,-3.9624999165534973
00-0028097,L.Smith,2011,TE,0.3187499940395355,-3.968749910593033
00-0026932,C.Peerman,2011,RB,0.09375,-3.9749999046325684
00-0027080,,2011,RB,0.0874999985098838,-3.9812499061226845
00-0022766,,2011,WR,3.362499952316284,-3.981250047683716
00-0026699,,2011,TE,0.293749988079071,-3.9937499165534973
00-0027134,,2011,QB,4.521249771118164,-3.994999885559082
00-0027758,,2011,WR,3.34375,-4.0
00-0027825,J.Dray,2011,TE,0.28125,-4.006249904632568
00-0028163,,2011,RB,0.050000000745058,-4.01874990388751
00-0026757,,2011,TE,0.262499988079071,-4.024999916553497
00-0021976,,2011,RB,0.0125000001862645,-4.056249904446304
00-0028706,,2011,RB,0.0125000001862645,-4.056249904446304
00-0027437,,2011,RB,0.0,-4.068749904632568
00-0027964,,2011,WR,3.275000095367432,-4.068749904632568
00-0027718,,2011,TE,0.2125000059604644,-4.074999898672104
00-0027518,,2011,WR,3.268749952316284,-4.075000047683716
00-0028079,,2011,TE,0.2062500119209289,-4.081249892711639
00-0028179,,2011,TE,0.2000000029802322,-4.087499901652336
00-0022811,,2011,WR,3.25,-4.09375
00-0027089,L.Murphy,2011,WR,3.25,-4.09375
00-0028016,,2011,WR,3.25,-4.09375
00-0026908,,2011,TE,0.1875,-4.099999904632568
00-0021227,,2011,TE,0.1812500059604644,-4.106249898672104
00-0027918,,2011,WR,3.237499952316284,-4.106250047683716
00-0014655,,2011,TE,0.15625,-4.131249904632568
00-0026182,,2011,WR,3.206249952316284,-4.137500047683716
00-0023108,,2011,TE,0.137499988079071,-4.149999916553497
00-0027445,,2011,TE,0.1124999970197677,-4.174999907612801
00-0024756,,2011,WR,3.168750047683716,-4.174999952316284
00-0009119,,2011,TE,0.1062500029802322,-4.181249901652336
00-0028067,J.Thomas,2011,TE,0.09375,-4.193749904632568
00-0028267,,2011,TE,0.09375,-4.193749904632568
00-0009323,,2011,TE,0.0874999985098838,-4.1999999061226845
00-0028522,,2011,TE,0.0874999985098838,-4.1999999061226845
00-0028119,,2011,TE,0.0750000029802322,-4.212499901652336
00-0026251,,2011,TE,0.0,-4.287499904632568
00-0027769,,2011,TE,0.0,-4.287499904632568
00-0028295,,2011,TE,0.0,-4.287499904632568
00-0020397,,2011,WR,3.0374999046325684,-4.306250095367432
00-0027220,,2011,WR,2.981250047683716,-4.362499952316284
00-0023452,,2011,WR,2.9749999046325684,-4.368750095367432
00-0024318,,2011,QB,4.106249809265137,-4.409999847412109
00-0011022,,2011,QB,4.058750152587891,-4.4574995040893555
00-0026314,,2011,WR,2.6875,-4.65625
00-0027441,,2011,WR,2.5812501907348637,-4.762499809265137
00-0026197,C.Henne,2011,QB,3.745000123977661,-4.771249532699585
00-0023578,D.Orlovsky,2011,QB,3.658750057220459,-4.857499599456787
00-0010500,,2011,WR,2.25,-5.09375
00-0023438,,2011,WR,2.0687499046325684,-5.275000095367432
00-0025427,,2011,QB,3.163750171661377,-5.352499485015869
00-0020438,,2011,WR,1.975000023841858,-5.368749976158142
00-0027796,J.Webb,2011,QB,3.146250009536743,-5.369999647140503
00-0028017,,2011,WR,1.956249952316284,-5.387500047683716
00-0026465,,2011,WR,1.950000047683716,-5.393749952316284
00-0027946,,2011,QB,3.0799999237060547,-5.436249732971191
00-0026780,,2011,WR,1.856250047683716,-5.487499952316284
00-0025438,,2011,WR,1.837499976158142,-5.506250023841858
00-0025466,,2011,WR,1.6875,-5.65625
00-0026349,,2011,QB,2.757500171661377,-5.758749485015869
00-0028090,T.Yates,2011,QB,2.728749990463257,-5.787499666213989
00-0024609,,2011,WR,1.4937500953674316,-5.849999904632568
00-0027813,,2011,WR,1.4812499284744265,-5.862500071525574
00-0027059,,2011,WR,1.475000023841858,-5.868749976158142
00-0024218,,2011,QB,2.533750057220459,-5.982499599456787
00-0022156,,2011,WR,1.318750023841858,-6.024999976158142
00-0023408,,2011,WR,1.318750023841858,-6.024999976158142
00-0024465,,2011,WR,1.306249976158142,-6.037500023841858
00-0024535,E.Weems,2011,WR,1.25,-6.09375
00-0022388,,2011,WR,1.212499976158142,-6.131250023841858
00-0023953,,2011,WR,1.181249976158142,-6.162500023841858
00-0024264,K.Clemens,2011,QB,2.346250057220459,-6.169999599456787
00-0028442,,2011,WR,1.15625,-6.1875
00-0026902,,2011,WR,1.149999976158142,-6.193750023841858
00-0022726,,2011,WR,1.1187500953674316,-6.224999904632568
00-0022807,,2011,WR,1.0062499046325684,-6.337500095367432
00-0022055,,2011,QB,2.1737499237060547,-6.342499732971191
00-0022421,,2011,WR,0.949999988079071,-6.393750011920929
00-0024345,,2011,WR,0.9375,-6.40625
00-0021647,,2011,WR,0.887499988079071,-6.456250011920929
00-0027150,J.Edelman,2011,WR,0.875,-6.46875
00-0027816,,2011,WR,0.862500011920929,-6.481249988079071
00-0026173,,2011,WR,0.84375,-6.5
00-0027188,,2011,WR,0.7687499523162842,-6.575000047683716
00-0022910,,2011,WR,0.7124999761581421,-6.631250023841858
00-0027063,,2011,WR,0.6937500238418579,-6.649999976158142
00-0028052,,2011,WR,0.6875,-6.65625
00-0023429,,2011,WR,0.643750011920929,-6.699999988079071
00-0025970,,2011,QB,1.7699999809265137,-6.746249675750732
00-0026035,D.Amendola,2011,WR,0.59375,-6.75
00-0021570,,2011,WR,0.5750000476837158,-6.768749952316284
00-0026953,,2011,WR,0.574999988079071,-6.768750011920929
00-0028288,,2011,WR,0.5375000238418579,-6.806249976158142
00-0026536,,2011,WR,0.4875000119209289,-6.856249988079071
00-0026174,,2011,WR,0.418749988079071,-6.925000011920929
00-0028105,,2011,WR,0.418749988079071,-6.925000011920929
00-0021206,J.McCown,2011,QB,1.584999918937683,-6.931249737739563
00-0028187,,2011,WR,0.4124999940395355,-6.9312500059604645
00-0024812,,2011,QB,1.5837500095367432,-6.932499647140503
00-0027776,,2011,WR,0.3812500238418579,-6.962499976158142
00-0026491,,2011,WR,0.3812499940395355,-6.9625000059604645
00-0027057,B.Tate,2011,WR,0.375,-6.96875
00-0027156,,2011,WR,0.375,-6.96875
00-0027585,,2011,WR,0.375,-6.96875
00-0028045,,2011,WR,0.375,-6.96875
00-0028070,,2011,WR,0.375,-6.96875
00-0025622,,2011,WR,0.3687500059604645,-6.9749999940395355
00-0027693,,2011,WR,0.3687500059604645,-6.9749999940395355
00-0028174,,2011,WR,0.3625000119209289,-6.981249988079071
00-0027595,,2011,WR,0.356249988079071,-6.987500011920929
00-0023457,,2011,WR,0.3499999940395355,-6.9937500059604645
00-0026293,M.Slater,2011,WR,0.3499999940395355,-6.9937500059604645
00-0027012,,2011,WR,0.34375,-7.0
00-0027687,,2011,WR,0.3375000059604645,-7.0062499940395355
00-0026377,,2011,WR,0.3187500238418579,-7.024999976158142
00-0028049,,2011,WR,0.2687499821186065,-7.075000017881393
00-0026357,,2011,WR,0.21875,-7.125
00-0023968,,2011,WR,0.2062500119209289,-7.137499988079071
00-0023490,,2011,WR,0.1624999940395355,-7.1812500059604645
00-0027920,,2011,WR,0.125,-7.21875
00-0024305,,2011,WR,0.1124999970197677,-7.231250002980232
00-0015754,,2011,WR,0.1062500029802322,-7.237499997019768
00-0027755,,2011,WR,0.1000000014901161,-7.243749998509884
00-0027581,,2011,WR,0.0874999985098838,-7.256250001490116
00-0027692,,2011,WR,0.0587499998509883,-7.285000000149012
00-0027308,,2011,WR,0.03125,-7.3125
00-0003292,,2011,QB,1.1962499618530271,-7.319999694824219
00-0022064,,2011,WR,0.0,-7.34375
00-0022725,,2011,WR,0.0,-7.34375
00-0025419,,2011,WR,0.0,-7.34375
00-0027764,,2011,WR,0.0,-7.34375
00-0028021,,2011,WR,0.0,-7.34375
00-0028061,,2011,WR,0.0,-7.34375
00-0028242,,2011,WR,0.0,-7.34375
00-0028417,,2011,WR,0.0,-7.34375
00-0020305,,2011,QB,1.1449999809265137,-7.371249675750732
00-0026300,J.Johnson,2011,QB,0.9087499976158142,-7.607499659061432
00-0027071,,2011,QB,0.8799999952316284,-7.636249661445618
00-0024296,,2011,QB,0.8262500166893005,-7.689999639987946
00-0004161,,2011,QB,0.6524999737739563,-7.86374968290329
00-0024408,,2011,QB,0.4037500023841858,-8.11249965429306
00-0025749,,2011,QB,0.3962500095367431,-8.119999647140503
00-0024225,,2011,QB,0.3862500190734863,-8.12999963760376
00-0000865,,2011,QB,0.382500022649765,-8.133749634027481
00-0019709,,2011,QB,0.3075000047683716,-8.208749651908875
00-0022164,,2011,QB,0.2650000154972076,-8.251249641180038
00-0022864,L.McCown,2011,QB,0.2587500214576721,-8.257499635219574
00-0009311,,2011,QB,0.2049999982118606,-8.311249658465385
00-0022912,,2011,QB,0.15625,-8.359999656677246
00-0020679,,2011,QB,0.0762500017881393,-8.439999654889107
00-0027974,,2011,QB,0.0750000029802322,-8.441249653697014
00-0002110,,2011,QB,0.067500002682209,-8.448749653995037
00-0028118,T.Taylor,2011,QB,0.0575000010430812,-8.458749655634165
00-0026544,C.Daniel,2011,QB,0.0537500008940696,-8.462499655783176
00-0026625,B.Hoyer,2011,QB,0.0362499989569187,-8.479999657720327
00-0027722,,2011,QB,0.0175000019371509,-8.498749654740095
00-0027121,,2011,QB,0.0,-8.516249656677246
00-0023645,D.Anderson,2011,QB,-0.0125000001862645,-8.52874965686351
00-0025604,,2011,QB,-0.0125000001862645,-8.52874965686351
00-0019041,,2011,QB,-0.03125,-8.547499656677246
00-0020804,,2011,,0.0874999985098838,
00-0022143,,2011,,1.162500023841858,
00-0022397,,2011,,1.587499976158142,
00-0022999,,2011,,4.15625,
00-0024315,,2011,,1.693750023841858,
00-0024394,,2011,,0.4312500059604645,
00-0024489,,2011,,0.875,
00-0025524,,2011,,2.456249952316284,
00-0025568,,2011,,0.1375000029802322,
00-0025631,,2011,,4.0625,
00-0026033,,2011,,0.1749999970197677,
00-0026069,,2011,,12.768750190734863,
00-0026072,,2011,,2.525000095367432,
00-0026286,,2011,,0.5625,
00-0026303,,2011,,0.4250000119209289,
00-0026323,,2011,,1.3125,
00-0026344,,2011,,1.625,
00-0026393,,2011,,4.893750190734863,
00-0026712,,2011,,0.53125,
00-0026723,,2011,,0.3062499761581421,
00-0026852,,2011,,2.431250095367432,
00-0027093,,2011,,0.4562500119209289,
00-0027106,,2011,,0.375,
00-0027109,,2011,,3.1937499046325684,
00-0027844,,2011,,0.706250011920929,
00-0027917,,2011,,0.800000011920929,
00-0028149,,2011,,1.631250023841858,
00-0028486,,2011,,0.09375,
00-0028492,,2011,,1.2687499523162842,
00-0026796,,2010,RB,24.487499237060547,20.706249237060547
00-0027029,L.McCoy,2010,RB,18.575000762939453,14.793750762939453
00-0026367,,2010,RB,18.43249893188477,14.65124893188477
00-0026213,J.Charles,2010,RB,17.65625,13.875
00-0026195,,2010,RB,17.287500381469727,13.506250381469727
00-0025394,A.Peterson,2010,RB,17.243749618530273,13.462499618530273
00-0026164,C.Johnson,2010,RB,17.056249618530273,13.274999618530273
00-0026144,D.McFadden,2010,RB,16.712499618530273,12.931249618530273
00-0026184,M.Forte,2010,RB,16.537500381469727,12.756250381469727
00-0023462,,2010,WR,19.762500762939453,12.331250667572021
00-0022127,J.Witten,2010,TE,15.512499809265137,11.518749952316284
00-0022736,,2010,RB,15.149999618530272,11.368749618530272
00-0026163,,2010,RB,15.0625,11.28125
00-0025637,,2010,RB,14.993749618530272,11.212499618530272
00-0024275,,2010,RB,14.631250381469728,10.850000381469728
00-0022097,,2010,WR,17.875,10.443749904632568
00-0022821,,2010,RB,14.100000381469728,10.318750381469728
00-0020498,,2010,WR,17.53125,10.099999904632568
00-0025410,,2010,WR,17.412500381469727,9.981250286102295
00-0020536,,2010,RB,13.512499809265137,9.731249809265137
00-0024267,,2010,WR,17.149999618530273,9.718749523162842
00-0020245,,2010,QB,19.395000457763672,9.563750267028809
00-0025389,,2010,WR,16.63749885559082,9.206248760223389
00-0023459,A.Rodgers,2010,QB,19.030000686645508,9.198750495910645
00-0023500,F.Gore,2010,RB,12.65625,8.875
00-0019596,T.Brady,2010,QB,18.6875,8.856249809265137
00-0025860,,2010,RB,12.456250190734863,8.675000190734863
00-0022044,,2010,WR,16.037500381469727,8.606250286102295
00-0027880,,2010,RB,12.3125,8.53125
00-0023439,,2010,RB,12.306249618530272,8.524999618530272
00-0026988,,2010,RB,12.25624942779541,8.47499942779541
00-0027005,,2010,WR,15.637499809265137,8.206249713897705
00-0026901,M.Wallace,2010,WR,15.600000381469728,8.168750286102297
00-0010346,,2010,QB,17.862499237060547,8.031249046325684
00-0026364,,2010,WR,15.456250190734863,8.025000095367432
00-0024221,V.Davis,2010,TE,11.962499618530272,7.968749761581419
00-0022942,P.Rivers,2010,QB,17.600000381469727,7.768750190734863
00-0021547,A.Gates,2010,TE,11.762499809265137,7.768749952316284
00-0022921,L.Fitzgerald,2010,WR,15.106249809265137,7.674999713897705
00-0024204,,2010,RB,11.449999809265137,7.668749809265137
00-0026162,,2010,RB,11.4375,7.65625
00-0024243,M.Lewis,2010,TE,11.5,7.5062501430511475
00-0020494,,2010,WR,14.743749618530272,7.31249952316284
00-0022738,,2010,TE,11.243749618530272,7.249999761581419
00-0020531,D.Brees,2010,QB,16.887500762939453,7.05625057220459
00-0025450,,2010,RB,10.71875,6.9375
00-0023921,,2010,WR,14.27500057220459,6.843750476837158
00-0024466,,2010,WR,14.274999618530272,6.84374952316284
00-0026995,J.Maclin,2010,WR,14.25,6.818749904632568
00-0006101,,2010,TE,10.725000381469728,6.731250524520876
00-0012478,,2010,WR,14.018750190734863,6.587500095367432
00-0022922,,2010,TE,10.5625,6.5687501430511475
00-0027702,,2010,WR,13.962499618530272,6.53124952316284
00-0026996,,2010,TE,10.449999809265137,6.456249952316284
00-0026993,,2010,QB,16.15250015258789,6.321249961853027
00-0026019,D.Woodhead,2010,RB,10.03749942779541,6.25624942779541
00-0022943,B.Watson,2010,TE,10.137499809265137,6.143749952316284
00-0023437,,2010,RB,9.787500381469728,6.006250381469728
00-0026143,M.Ryan,2010,QB,15.774999618530272,5.943749427795408
00-0025425,,2010,TE,9.90625,5.9125001430511475
00-0022427,,2010,WR,13.300000190734863,5.868750095367432
00-0026998,,2010,WR,13.28125,5.849999904632568
00-0027656,R.Gronkowski,2010,TE,9.662500381469728,5.668750524520876
00-0025487,,2010,RB,9.431249618530272,5.649999618530272
00-0026267,,2010,TE,9.63124942779541,5.637499570846558
00-0026189,D.Jackson,2010,WR,13.0625,5.631249904632568
00-0026170,,2010,TE,9.606249809265137,5.612499952316284
00-0019641,,2010,RB,9.362500190734863,5.581250190734863
00-0022787,M.Schaub,2010,QB,15.350000381469728,5.518750190734865
00-0026235,,2010,WR,12.912500381469728,5.481250286102297
00-0023564,D.Sproles,2010,RB,9.25,5.46875
00-0024334,B.Marshall,2010,WR,12.731249809265137,5.299999713897705
00-0023545,,2010,RB,9.074999809265137,5.293749809265137
00-0023440,,2010,RB,8.824999809265137,5.043749809265137
00-0027864,,2010,RB,8.75,4.96875
00-0026279,,2010,RB,8.668749809265137,4.887499809265137
00-0027713,,2010,TE,8.875,4.8812501430511475
00-0025399,M.Lynch,2010,RB,8.637499809265137,4.856249809265137
00-0027325,L.Blount,2010,RB,8.568750381469727,4.787500381469727
00-0026158,J.Flacco,2010,QB,14.454999923706056,4.623749732971193
00-0022803,E.Manning,2010,QB,14.442500114440918,4.611249923706055
00-0026000,,2010,WR,11.981249809265137,4.549999713897705
00-0023662,M.Cassel,2010,QB,14.321249961853027,4.489999771118164
00-0027076,,2010,WR,11.837499618530272,4.40624952316284
00-0026289,T.Hightower,2010,RB,8.137499809265137,4.356249809265137
00-0027080,,2010,RB,8.137499809265137,4.356249809265137
00-0023310,,2010,WR,11.768750190734863,4.337500095367432
00-0022084,,2010,WR,11.728750228881836,4.297500133514404
00-0023438,,2010,WR,11.612500190734863,4.181250095367432
00-0021429,C.Palmer,2010,QB,13.987500190734863,4.15625
00-0020516,,2010,TE,8.118749618530273,4.124999761581421
00-0026345,P.Garcon,2010,WR,11.512499809265137,4.081249713897705
00-0010500,,2010,WR,11.449999809265137,4.018749713897705
00-0027214,,2010,RB,7.75,3.96875
00-0021231,,2010,QB,13.772500038146973,3.9412498474121094
00-0026373,,2010,RB,7.637499809265137,3.8562498092651367
00-0021192,,2010,WR,11.175000190734863,3.7437500953674316
00-0027873,J.Gresham,2010,TE,7.693749904632568,3.7000000476837154
00-0026035,D.Amendola,2010,WR,11.125,3.6937499046325684
00-0027155,,2010,RB,7.387499809265137,3.6062498092651367
00-0027695,,2010,TE,7.537499904632568,3.5437500476837154
00-0026913,,2010,WR,10.949999809265137,3.518749713897705
00-0020397,,2010,WR,10.881250381469728,3.4500002861022967
00-0027006,K.Britt,2010,WR,10.84375,3.4124999046325684
00-0017915,,2010,RB,7.150000095367432,3.3687500953674316
00-0025549,B.Celek,2010,TE,7.318749904632568,3.3250000476837154
00-0024226,J.Cutler,2010,QB,13.135000228881836,3.3037500381469727
00-0023541,,2010,QB,13.11750030517578,3.286250114440916
00-0022924,B.Roethlisberger,2010,QB,13.100000381469728,3.268750190734865
00-0025540,,2010,TE,7.256249904632568,3.2625000476837154
00-0026899,,2010,RB,7.037499904632568,3.2562499046325684
00-0024268,A.Fasano,2010,TE,7.237500190734863,3.2437503337860103
00-0022054,,2010,TE,7.0,3.006250143051147
00-0027092,,2010,WR,10.418749809265137,2.987499713897705
00-0026986,M.Crabtree,2010,WR,10.318750381469728,2.8875002861022967
00-0023630,,2010,TE,6.862500190734863,2.8687503337860103
00-0021163,,2010,WR,10.28125,2.8499999046325684
00-0025418,G.Olsen,2010,TE,6.837500095367432,2.8437502384185787
00-0021182,,2010,RB,6.599999904632568,2.8187499046325684
00-0026898,M.Sanchez,2010,QB,12.633749961853027,2.802499771118164
00-0026153,J.Stewart,2010,RB,6.581250190734863,2.8000001907348633
00-0017162,,2010,WR,10.143750190734863,2.7125000953674316
00-0024245,,2010,RB,6.431250095367432,2.6500000953674316
00-0027003,,2010,RB,6.387499809265137,2.6062498092651367
00-0024240,,2010,WR,10.018750190734863,2.5875000953674316
00-0023682,R.Fitzpatrick,2010,QB,12.411250114440918,2.5799999237060547
00-0027531,C.Ivory,2010,RB,6.268749713897705,2.487499713897705
00-0023465,,2010,TE,6.449999809265137,2.4562499523162837
00-0021999,,2010,WR,9.850000381469728,2.4187502861022967
00-0021148,,2010,TE,6.237500190734863,2.2437503337860103
00-0027876,T.Tebow,2010,TE,6.178750038146973,2.1850001811981197
00-0021216,,2010,RB,5.9375,2.15625
00-0027854,S.Bradford,2010,QB,11.923749923706056,2.092499732971193
00-0023452,,2010,WR,9.506250381469728,2.0750002861022967
00-0024313,,2010,TE,6.068749904632568,2.0750000476837154
00-0027696,J.Graham,2010,TE,6.056250095367432,2.0625002384185787
00-0027902,D.Bryant,2010,WR,9.318750381469728,1.8875002861022967
00-0022178,,2010,RB,5.59375,1.8125
00-0026465,,2010,WR,9.193750381469728,1.7625002861022967
00-0023752,,2010,TE,5.756249904632568,1.7625000476837154
00-0020270,,2010,RB,5.543749809265137,1.7624998092651367
00-0024813,,2010,RB,5.5,1.71875
00-0023367,,2010,WR,9.118749618530272,1.68749952316284
00-0025465,,2010,WR,9.118749618530272,1.68749952316284
00-0023612,,2010,TE,5.612500190734863,1.6187503337860103
00-0022165,,2010,TE,5.606249809265137,1.6124999523162837
00-0022414,,2010,WR,9.043749809265137,1.612499713897705
00-0026182,,2010,WR,8.987500190734863,1.5562500953674316
00-0021931,,2010,WR,8.943750381469727,1.512500286102295
00-0024276,,2010,TE,5.425000190734863,1.4312503337860103
00-0025414,,2010,WR,8.699999809265137,1.268749713897705
00-0025466,,2010,WR,8.699999809265137,1.268749713897705
00-0021314,,2010,RB,4.912499904632568,1.1312499046325684
00-0027861,C.Spiller,2010,RB,4.875,1.09375
00-0011022,,2010,QB,10.886250495910645,1.0550003051757812
00-0023544,,2010,RB,4.831250190734863,1.0500001907348633
00-0024217,,2010,RB,4.737500190734863,0.9562501907348633
00-0024272,,2010,WR,8.28125,0.8499999046325684
00-0027687,,2010,WR,8.125,0.6937499046325684
00-0026937,,2010,WR,8.112500190734863,0.6812500953674316
00-0004541,,2010,WR,8.09375,0.6624999046325684
00-0027709,,2010,WR,8.09375,0.6624999046325684
00-0025529,,2010,WR,8.061249732971191,0.6299996376037598
00-0027888,,2010,RB,4.368750095367432,0.5875000953674316
00-0025460,,2010,WR,7.993750095367432,0.5625
00-0022770,,2010,RB,4.300000190734863,0.5187501907348633
00-0026262,,2010,RB,4.262499809265137,0.4812498092651367
00-0027061,J.Cook,2010,TE,4.443749904632568,0.4500000476837154
00-0026188,,2010,TE,4.412499904632568,0.4187500476837154
00-0026314,,2010,WR,7.84375,0.41249990463256836
00-0019770,,2010,K,0.40625,0.40625
00-0026178,,2010,TE,4.300000190734863,0.3062503337860103
00-0027007,,2010,RB,4.006249904632568,0.22499990463256836
00-0020679,,2010,QB,9.983750343322754,0.15250015258789062
00-0026210,,2010,WR,7.5625,0.13124990463256836
00-0021184,,2010,RB,3.881249904632568,0.09999990463256792
00-0023460,,2010,QB,9.917499542236328,0.08624935150146484
00-0009311,,2010,QB,9.831250190734863,0.0
00-0024301,,2010,TE,3.993749856948853,0.0
00-0025438,,2010,WR,7.431250095367432,0.0
00-0027467,,2010,RB,3.78125,0.0
00-0022217,,2010,RB,3.774999856948853,-0.006250143051147017
00-0026197,C.Henne,2010,QB,9.81999969482422,-0.011250495910642755
00-0022909,,2010,WR,7.375,-0.05625009536743164
00-0024389,De.Walker,2010,TE,3.868750095367432,-0.1249997615814209
00-0022910,,2010,WR,7.299999713897705,-0.13125038146972656
00-0024324,,2010,WR,7.268750190734863,-0.16249990463256836
00-0027089,L.Murphy,2010,WR,7.262499809265137,-0.16875028610229492
00-0024359,,2010,RB,3.59375,-0.1875
00-0024242,,2010,RB,3.575000047683716,-0.20624995231628418
00-0021190,,2010,RB,3.5737500190734863,-0.20749998092651367
00-0026956,,2010,RB,3.525000095367432,-0.2562499046325679
00-0026201,M.Bennett,2010,TE,3.6875,-0.306249856948853
00-0025542,,2010,TE,3.637500047683716,-0.35624980926513716
00-0026176,J.Nelson,2010,WR,7.074999809265137,-0.3562502861022949
00-0026231,,2010,TE,3.5687499046325684,-0.4249999523162846
00-0021755,,2010,RB,3.3112499713897705,-0.4700000286102295
00-0026566,,2010,RB,3.306250095367432,-0.4749999046325679
00-0026941,,2010,RB,3.3062498569488525,-0.47500014305114746
00-0027077,,2010,WR,6.949999809265137,-0.4812502861022949
00-0020337,,2010,WR,6.893750190734863,-0.5374999046325684
00-0007091,,2010,QB,9.244999885559082,-0.5862503051757812
00-0024332,,2010,RB,3.181250095367432,-0.5999999046325679
00-0021236,,2010,TE,3.3812499046325684,-0.6124999523162846
00-0024463,,2010,WR,6.818749904632568,-0.6125001907348633
00-0026123,,2010,TE,3.2624998092651367,-0.7312500476837163
00-0026209,,2010,RB,3.03125,-0.75
00-0027795,,2010,WR,6.625,-0.8062500953674316
00-0027120,,2010,RB,2.956249952316284,-0.8250000476837158
00-0025439,,2010,RB,2.862499952316284,-0.9187500476837158
00-0027753,,2010,TE,3.049999952316284,-0.9437499046325688
00-0021179,,2010,RB,2.825000047683716,-0.9562499523162842
00-0027125,Z.Miller,2010,TE,3.03125,-0.962499856948853
00-0022781,,2010,WR,6.46875,-0.9625000953674316
00-0025633,,2010,RB,2.799999952316284,-0.9812500476837158
00-0022840,,2010,RB,2.700000047683716,-1.0812499523162842
00-0027477,,2010,WR,6.34375,-1.0875000953674316
00-0027057,B.Tate,2010,WR,6.337500095367432,-1.09375
00-0027732,M.Hoomanawanui,2010,TE,2.8499999046325684,-1.1437499523162846
00-0027772,,2010,RB,2.612499952316284,-1.1687500476837158
00-0014655,,2010,TE,2.7874999046325684,-1.2062499523162846
00-0027026,,2010,WR,6.197500228881836,-1.2337498664855957
00-0027063,,2010,WR,6.193749904632568,-1.2375001907348633
00-0024369,,2010,TE,2.6937499046325684,-1.2999999523162846
00-0011754,,2010,WR,6.081250190734863,-1.3499999046325684
00-0027681,B.LaFell,2010,WR,6.050000190734863,-1.3812499046325684
00-0023436,A.Smith,2010,QB,8.425000190734863,-1.40625
00-0022811,,2010,WR,6.0,-1.4312500953674316
00-0023679,,2010,TE,2.53125,-1.462499856948853
00-0026204,,2010,RB,2.237499952316284,-1.5437500476837158
00-0027070,,2010,TE,2.2874999046325684,-1.7062499523162846
00-0026342,,2010,RB,2.0625,-1.71875
00-0026225,,2010,TE,2.1999998092651367,-1.7937500476837163
00-0021304,,2010,TE,2.1875,-1.806249856948853
00-0021929,,2010,TE,2.143749952316284,-1.8499999046325688
00-0020438,,2010,WR,5.487500190734863,-1.9437499046325684
00-0021154,,2010,TE,2.049999952316284,-1.9437499046325688
00-0024172,,2010,RB,1.818750023841858,-1.962499976158142
00-0022929,,2010,WR,5.450000286102295,-1.9812498092651367
00-0027675,E.Dickson,2010,TE,2.012500047683716,-1.9812498092651372
00-0009323,,2010,TE,1.987499952316284,-2.0062499046325692
00-0023490,,2010,WR,5.40625,-2.0250000953674316
00-0022766,,2010,WR,5.337500095367432,-2.09375
00-0024287,,2010,TE,1.8499999046325684,-2.1437499523162846
00-0026790,,2010,RB,1.631250023841858,-2.149999976158142
00-0027322,,2010,WR,5.268750190734863,-2.1624999046325684
00-0025602,,2010,TE,1.7062499523162842,-2.287499904632569
00-0027712,,2010,RB,1.493749976158142,-2.287500023841858
00-0024011,,2010,RB,1.475000023841858,-2.306249976158142
00-0021213,,2010,TE,1.662500023841858,-2.331249833106995
00-0021227,,2010,TE,1.600000023841858,-2.393749833106995
00-0027654,A.Benn,2010,WR,5.0,-2.4312500953674316
00-0025622,,2010,WR,4.96875,-2.4625000953674316
00-0024559,,2010,RB,1.3125,-2.46875
00-0025462,,2010,WR,4.9375,-2.4937500953674316
00-0026432,,2010,RB,1.274999976158142,-2.506250023841858
00-0019484,,2010,RB,1.2687499523162842,-2.512500047683716
00-0027779,,2010,RB,1.25,-2.53125
00-0020285,,2010,TE,1.4500000476837158,-2.543749809265137
00-0025864,,2010,TE,1.443750023841858,-2.549999833106995
00-0025464,,2010,TE,1.4375,-2.556249856948853
00-0027012,,2010,WR,4.875,-2.5562500953674316
00-0027685,E.Sanders,2010,WR,4.849999904632568,-2.5812501907348633
00-0027725,C.Harbor,2010,TE,1.3875000476837158,-2.606249809265137
00-0027129,,2010,RB,1.1437499523162842,-2.637500047683716
00-0027419,,2010,RB,1.1375000476837158,-2.643749952316284
00-0016098,,2010,RB,1.131250023841858,-2.649999976158142
00-0026963,,2010,TE,1.2937500476837158,-2.699999809265137
00-0005091,,2010,RB,1.0437500476837158,-2.737499952316284
00-0027135,,2010,TE,1.25,-2.743749856948853
00-0019863,,2010,RB,1.037500023841858,-2.743749976158142
00-0024236,,2010,RB,1.024999976158142,-2.756250023841858
00-0022897,,2010,RB,1.006250023841858,-2.774999976158142
00-0027201,,2010,RB,0.96875,-2.8125
00-0022288,,2010,RB,0.9375,-2.84375
00-0027130,,2010,RB,0.90625,-2.875
00-0020332,,2010,TE,1.0812499523162842,-2.912499904632569
00-0027791,,2010,RB,0.8500000238418579,-2.931249976158142
00-0026229,,2010,RB,0.8374999761581421,-2.943750023841858
00-0027739,,2010,RB,0.8312499523162842,-2.950000047683716
00-0021273,,2010,TE,1.0374999046325684,-2.9562499523162846
00-0026983,D.Heyward-Bey,2010,WR,4.462500095367432,-2.96875
00-0025701,,2010,RB,0.8062499761581421,-2.975000023841858
00-0026931,,2010,TE,1.0125000476837158,-2.981249809265137
00-0003292,,2010,QB,6.813750267028809,-3.0174999237060547
00-0020342,,2010,TE,0.956250011920929,-3.037499845027924
00-0027157,,2010,TE,0.9000000357627869,-3.093749821186066
00-0009119,,2010,TE,0.887499988079071,-3.106249868869782
00-0027202,,2010,TE,0.8687500357627869,-3.124999821186066
00-0021756,,2010,TE,0.8562500476837158,-3.137499809265137
00-0027257,,2010,RB,0.643750011920929,-3.137499988079071
00-0027691,A.Roberts,2010,WR,4.168749809265137,-3.262500286102295
00-0015754,,2010,WR,4.150000095367432,-3.28125
00-0022714,,2010,TE,0.706250011920929,-3.287499845027924
00-0026757,,2010,TE,0.706250011920929,-3.287499845027924
00-0023457,,2010,WR,4.137499809265137,-3.293750286102295
00-0023108,,2010,TE,0.6875,-3.306249856948853
00-0025559,,2010,WR,4.118750095367432,-3.3125
00-0023176,,2010,WR,4.103750228881836,-3.3274998664855957
00-0027098,,2010,RB,0.449999988079071,-3.331250011920929
00-0024529,,2010,TE,0.637499988079071,-3.356249868869782
00-0026878,,2010,TE,0.6312500238418579,-3.362499833106995
00-0024738,,2010,RB,0.418749988079071,-3.362500011920929
00-0026644,,2010,RB,0.418749988079071,-3.362500011920929
00-0025458,,2010,RB,0.387499988079071,-3.393750011920929
00-0020508,,2010,RB,0.375,-3.40625
00-0025955,,2010,RB,0.375,-3.40625
00-0027215,L.Paulsen,2010,TE,0.5625,-3.431249856948853
00-0026298,,2010,TE,0.5562499761581421,-3.437499880790711
00-0027761,,2010,TE,0.5562499761581421,-3.437499880790711
00-0026804,,2010,TE,0.550000011920929,-3.443749845027924
00-0026957,D.Johnson,2010,TE,0.5375000238418579,-3.456249833106995
00-0024460,,2010,RB,0.2937500178813934,-3.4874999821186066
00-0022984,,2010,RB,0.28125,-3.5
00-0027825,J.Dray,2010,TE,0.4812500178813934,-3.5124998390674596
00-0027780,,2010,TE,0.481249988079071,-3.512499868869782
00-0021357,,2010,RB,0.2625000178813934,-3.5187499821186066
00-0020514,,2010,RB,0.25,-3.53125
00-0021159,,2010,TE,0.4562500119209289,-3.537499845027924
00-0022746,,2010,TE,0.449999988079071,-3.543749868869782
00-0026186,,2010,WR,3.868750095367432,-3.5624999999999996
00-0026221,,2010,WR,3.849999904632568,-3.5812501907348637
00-0027809,,2010,TE,0.4000000059604645,-3.5937498509883885
00-0026819,,2010,RB,0.1750000119209289,-3.606249988079071
00-0027786,,2010,RB,0.1749999970197677,-3.6062500029802322
00-0027154,,2010,TE,0.3812499940395355,-3.6124998629093175
00-0024294,,2010,RB,0.1687500029802322,-3.6124999970197678
00-0027069,,2010,TE,0.375,-3.618749856948853
00-0026607,,2010,RB,0.15625,-3.625
00-0026029,,2010,RB,0.1375000029802322,-3.6437499970197678
00-0026932,C.Peerman,2010,RB,0.137499988079071,-3.643750011920929
00-0026658,,2010,TE,0.3375000059604645,-3.6562498509883885
00-0027874,D.Thomas,2010,WR,3.775000095367432,-3.6562499999999996
00-0025578,,2010,RB,0.1187499985098838,-3.662500001490116
00-0025573,,2010,RB,0.1062500029802322,-3.6749999970197678
00-0023968,,2010,WR,3.75,-3.6812500953674316
00-0021678,,2010,QB,6.125,-3.7062501907348633
00-0026745,,2010,RB,0.0687500014901161,-3.712499998509884
00-0026237,,2010,WR,3.706249952316284,-3.7250001430511475
00-0025480,,2010,RB,0.050000000745058,-3.731249999254942
00-0027651,,2010,WR,3.6875,-3.7437500953674316
00-0024321,,2010,TE,0.2437500059604644,-3.7499998509883885
00-0005106,,2010,QB,6.072500228881836,-3.7587499618530273
00-0026012,,2010,RB,0.0125000001862645,-3.7687499998137355
00-0021976,,2010,RB,0.0124999992549419,-3.768750000745058
00-0027088,,2010,TE,0.21875,-3.774999856948853
00-0027769,,2010,TE,0.21875,-3.774999856948853
00-0026598,,2010,RB,0.0,-3.78125
00-0027094,,2010,RB,-0.0062500000931322,-3.7875000000931323
00-0023496,,2010,WR,3.637500047683716,-3.793750047683716
00-0026855,,2010,RB,-0.018750000745058,-3.800000000745058
00-0003035,,2010,TE,0.1375000029802322,-3.8562498539686207
00-0023210,,2010,TE,0.1375000029802322,-3.8562498539686207
00-0025431,,2010,WR,3.5625,-3.8687500953674316
00-0027040,,2010,TE,0.1187499985098838,-3.874999858438969
00-0026224,H.Douglas,2010,WR,3.556250095367432,-3.8749999999999996
00-0025516,,2010,TE,0.1124999970197677,-3.881249859929085
00-0022847,,2010,TE,0.1062500029802322,-3.8874998539686207
00-0023506,,2010,TE,0.1000000014901161,-3.893749855458737
00-0027912,,2010,WR,3.5375001430511475,-3.893749952316284
00-0027321,J.Cumberland,2010,TE,0.0812499970197677,-3.912499859929085
00-0026620,,2010,RB,-0.1375000029802322,-3.9187500029802322
00-0027714,,2010,TE,0.0687500014901161,-3.924999855458737
00-0023797,,2010,TE,0.0,-3.993749856948853
00-0024607,,2010,TE,0.0,-3.993749856948853
00-0026008,,2010,TE,0.0,-3.993749856948853
00-0026281,,2010,TE,0.0,-3.993749856948853
00-0027445,,2010,TE,0.0,-3.993749856948853
00-0027819,,2010,TE,0.0,-3.993749856948853
00-0005231,,2010,WR,3.3499999046325684,-4.081250190734863
00-0025417,,2010,WR,3.306250095367432,-4.125
00-0021982,,2010,WR,3.2874999046325684,-4.143750190734863
00-0027688,C.McCoy,2010,QB,5.683750152587891,-4.147500038146973
00-0022807,,2010,WR,3.275000095367432,-4.15625
00-0024297,,2010,WR,3.268749952316284,-4.1625001430511475
00-0027581,,2010,WR,3.200000047683716,-4.231250047683716
00-0023645,D.Anderson,2010,QB,5.568749904632568,-4.262500286102295
00-0024218,,2010,QB,5.543749809265137,-4.287500381469727
00-0023408,,2010,WR,3.125,-4.306250095367432
00-0020446,,2010,WR,3.081249952316284,-4.3500001430511475
00-0026953,,2010,WR,3.0062499046325684,-4.425000190734863
00-0027518,,2010,WR,2.837500095367432,-4.59375
00-0027891,G.Tate,2010,WR,2.7562499046325684,-4.675000190734863
00-0025463,,2010,WR,2.612499952316284,-4.8187501430511475
00-0025396,T.Ginn,2010,WR,2.587500095367432,-4.84375
00-0022156,,2010,WR,2.5625,-4.868750095367432
00-0025561,,2010,QB,4.821249961853027,-5.010000228881836
00-0027793,A.Brown,2010,WR,2.4187498092651367,-5.012500286102295
00-0027893,,2010,WR,2.400000095367432,-5.03125
00-0021508,,2010,WR,2.293750047683716,-5.137500047683716
00-0022171,,2010,WR,2.268749952316284,-5.1625001430511475
00-0022388,,2010,WR,2.106250047683716,-5.325000047683716
00-0027188,,2010,WR,1.962500095367432,-5.46875
00-0005720,,2010,WR,1.831249952316284,-5.6000001430511475
00-0022421,,2010,WR,1.7999999523162842,-5.6312501430511475
00-0027356,,2010,WR,1.649999976158142,-5.7812501192092896
00-0023953,,2010,WR,1.625,-5.806250095367432
00-0024447,,2010,WR,1.556249976158142,-5.8750001192092896
00-0027758,,2010,WR,1.537500023841858,-5.893750071525574
00-0024535,E.Weems,2010,WR,1.5062499046325684,-5.925000190734863
00-0025423,,2010,QB,3.9049999713897705,-5.926250219345093
00-0027429,,2010,WR,1.4625000953674316,-5.96875
00-0023429,,2010,WR,1.462499976158142,-5.9687501192092896
00-0027220,,2010,WR,1.4500000476837158,-5.981250047683716
00-0027150,J.Edelman,2010,WR,1.4375,-5.993750095367432
00-0024465,,2010,WR,1.4187500476837158,-6.012500047683716
00-0027352,,2010,WR,1.3562500476837158,-6.075000047683716
00-0027789,,2010,WR,1.3312499523162842,-6.1000001430511475
00-0024305,,2010,WR,1.3187499046325684,-6.112500190734863
00-0027690,E.Decker,2010,WR,1.287500023841858,-6.143750071525574
00-0025486,,2010,WR,1.2712500095367432,-6.1600000858306885
00-0024318,,2010,QB,3.652499914169312,-6.178750276565552
00-0027659,,2010,QB,3.6262500286102295,-6.205000162124634
00-0025544,,2010,WR,1.212499976158142,-6.2187501192092896
00-0027156,,2010,WR,1.193750023841858,-6.237500071525574
00-0027349,,2010,WR,1.1937499046325684,-6.237500190734863
00-0023570,,2010,WR,1.181249976158142,-6.2500001192092896
00-0024687,,2010,WR,1.1749999523162842,-6.2562501430511475
00-0025430,D.Stanton,2010,QB,3.53125,-6.300000190734863
00-0021570,,2010,WR,1.125,-6.306250095367432
00-0026491,,2010,WR,0.96875,-6.462500095367432
00-0026366,,2010,WR,0.9375,-6.493750095367432
00-0026377,,2010,WR,0.931249976158142,-6.5000001192092896
00-0022121,,2010,QB,3.247499942779541,-6.583750247955322
00-0026357,,2010,WR,0.824999988079071,-6.606250107288361
00-0021147,,2010,WR,0.793749988079071,-6.637500107288361
00-0027700,,2010,WR,0.7687499523162842,-6.6625001430511475
00-0027358,,2010,WR,0.7625000476837158,-6.668750047683716
00-0026498,M.Stafford,2010,QB,3.15625,-6.675000190734863
00-0024408,,2010,QB,3.153749942779541,-6.677500247955322
00-0027816,,2010,WR,0.75,-6.681250095367432
00-0025419,,2010,WR,0.731249988079071,-6.700000107288361
00-0026902,,2010,WR,0.7124999761581421,-6.7187501192092896
00-0026266,,2010,WR,0.6937500238418579,-6.737500071525574
00-0027470,,2010,WR,0.625,-6.806250095367432
00-0027450,,2010,WR,0.5562499761581421,-6.8750001192092896
00-0027813,,2010,WR,0.481249988079071,-6.950000107288361
00-0027755,,2010,WR,0.46875,-6.962500095367432
00-0027693,,2010,WR,0.4437499940395355,-6.987500101327896
00-0026536,,2010,WR,0.4375,-6.993750095367432
00-0026780,,2010,WR,0.4000000059604645,-7.031250089406967
00-0025432,,2010,WR,0.375,-7.056250095367432
00-0026032,,2010,WR,0.375,-7.056250095367432
00-0027056,,2010,WR,0.375,-7.056250095367432
00-0027059,,2010,WR,0.2874999940395355,-7.143750101327896
00-0022055,,2010,QB,2.6600000858306885,-7.171250104904175
00-0022725,,2010,WR,0.2437500059604644,-7.187500089406967
00-0026716,,2010,WR,0.2249999940395355,-7.206250101327896
00-0025461,,2010,WR,0.2062499970197677,-7.225000098347664
00-0024013,,2010,WR,0.1749999970197677,-7.256250098347664
00-0024756,,2010,WR,0.1687500029802322,-7.262500092387199
00-0022001,,2010,WR,0.1375000029802322,-7.293750092387199
00-0026331,,2010,WR,0.1124999970197677,-7.318750098347664
00-0027608,,2010,WR,0.1124999970197677,-7.318750098347664
00-0021915,,2010,WR,0.1062500029802322,-7.325000092387199
00-0027149,,2010,WR,0.1000000014901161,-7.3312500938773155
00-0027585,,2010,WR,0.09375,-7.337500095367432
00-0027261,,2010,WR,0.0874999985098838,-7.343750096857548
00-0022901,,2010,WR,0.0812499970197677,-7.350000098347664
00-0026056,,2010,WR,0.0750000029802322,-7.356250092387199
00-0027776,,2010,WR,0.0562499985098838,-7.375000096857548
00-0027692,,2010,WR,0.0437499992549419,-7.38750009611249
00-0022064,,2010,WR,0.0,-7.431250095367432
00-0023790,,2010,WR,0.0,-7.431250095367432
00-0024326,,2010,WR,0.0,-7.431250095367432
00-0026174,,2010,WR,0.0,-7.431250095367432
00-0026293,M.Slater,2010,WR,0.0,-7.431250095367432
00-0026665,,2010,WR,0.0,-7.431250095367432
00-0027308,,2010,WR,0.0,-7.431250095367432
00-0027754,,2010,QB,2.336250066757202,-7.495000123977661
00-0027796,J.Webb,2010,QB,2.317500114440918,-7.513750076293945
00-0024296,,2010,QB,2.286250114440918,-7.545000076293945
00-0025708,M.Moore,2010,QB,2.048750162124634,-7.7825000286102295
00-0025604,,2010,QB,1.7937500476837158,-8.037500143051147
00-0004161,,2010,QB,1.6675000190734863,-8.163750171661377
00-0024279,,2010,QB,1.621250033378601,-8.210000157356262
00-0026349,,2010,QB,1.6200000047683716,-8.211250185966492
00-0027071,,2010,QB,1.5575000047683716,-8.273750185966492
00-0025479,,2010,QB,1.5399999618530271,-8.291250228881836
00-0000865,,2010,QB,1.442500114440918,-8.388750076293945
00-0001545,,2010,QB,0.8550000190734863,-8.976250171661377
00-0002110,,2010,QB,0.6674999594688416,-9.163750231266022
00-0026296,,2010,QB,0.5850000381469727,-9.24625015258789
00-0026300,J.Johnson,2010,QB,0.5212500095367432,-9.31000018119812
00-0024264,K.Clemens,2010,QB,0.4462499916553497,-9.385000199079514
00-0022101,,2010,QB,0.4325000047683716,-9.398750185966492
00-0026625,B.Hoyer,2010,QB,0.3799999952316284,-9.451250195503235
00-0022864,L.McCown,2010,QB,0.324999988079071,-9.506250202655792
00-0025749,,2010,QB,0.25,-9.581250190734863
00-0027347,,2010,QB,0.1437499821186065,-9.687500208616257
00-0026544,C.Daniel,2010,QB,0.1400000005960464,-9.691250190138817
00-0025970,,2010,QB,0.1312500089406967,-9.700000181794167
00-0024812,,2010,QB,0.1187499985098838,-9.71250019222498
00-0027801,,2010,QB,0.1174999997019767,-9.713750191032887
00-0022177,,2010,QB,0.1049999967217445,-9.726250194013119
00-0022164,,2010,QB,0.050000000745058,-9.781250189989805
00-0019559,,2010,QB,0.0474999994039535,-9.78375019133091
00-0025592,,2010,QB,0.0450000017881393,-9.786250188946724
00-0019709,,2010,QB,0.0437499992549419,-9.787500191479921
00-0020608,,2010,QB,0.0425000004470348,-9.788750190287828
00-0027775,,2010,QB,0.0,-9.831250190734863
00-0019041,,2010,QB,-0.0112500004470348,-9.842500191181898
00-0020480,,2010,QB,-0.018750000745058,-9.850000191479921
00-0024300,,2010,QB,-0.0299999937415123,-9.861250184476376
00-0027804,,2010,QB,-0.0649999976158142,-9.896250188350677
00-0026196,,2010,QB,-0.2349999994039535,-10.066250190138817
00-0003315,,2010,QB,-0.4549999833106994,-10.286250174045563
00-0013694,,2010,,0.5875000357627869,
00-0020507,,2010,,1.0812500715255735,
00-0020804,,2010,,0.7312500476837158,
00-0022143,,2010,,2.200000047683716,
00-0022397,,2010,,1.068750023841858,
00-0022405,,2010,,1.893749952316284,
00-0022796,,2010,,0.4749999940395355,
00-0022999,,2010,,5.549999713897705,
00-0023063,,2010,,0.0,
00-0023683,,2010,,0.1750000119209289,
00-0023774,,2010,,1.0,
00-0024315,,2010,,1.2825000286102295,
00-0024394,,2010,,0.4124999940395355,
00-0024489,,2010,,1.5687499046325684,
00-0025524,,2010,,2.681250095367432,
00-0025568,,2010,,0.25,
00-0025631,,2010,,8.543749809265137,
00-0025672,,2010,,0.912500023841858,
00-0026033,,2010,,0.418749988079071,
00-0026069,,2010,,11.38124942779541,
00-0026286,,2010,,1.1875,
00-0026303,,2010,,2.4124999046325684,
00-0026323,,2010,,1.118749976158142,
00-0026344,,2010,,0.0812499970197677,
00-0026393,,2010,,5.78125,
00-0026723,,2010,,0.1000000014901161,
00-0026852,,2010,,0.574999988079071,
00-0027093,,2010,,0.6625000238418579,
00-0027106,,2010,,0.3499999940395355,
00-0027109,,2010,,1.1124999523162842,
00-0027844,,2010,,0.125,
00-0026164,C.Johnson,2009,RB,24.556249618530277,20.256249427795414
00-0026195,,2009,RB,20.381250381469727,16.081250190734863
00-0024275,,2009,RB,20.21875,15.918749809265137
00-0025394,A.Peterson,2009,RB,20.09375,15.793749809265137
00-0023500,F.Gore,2009,RB,17.412500381469727,13.112500190734863
00-0022165,,2009,TE,16.98124885559082,13.049998760223389
00-0023459,A.Rodgers,2009,QB,21.48500061035156,12.906250953674313
00-0022044,,2009,WR,19.681249618530277,12.149999618530277
00-0024221,V.Davis,2009,TE,15.78125,11.849999904632568
00-0021547,A.Gates,2009,TE,15.168749809265137,11.237499713897705
00-0024245,,2009,RB,15.517499923706056,11.217499732971193
00-0017915,,2009,RB,15.46875,11.168749809265137
00-0022736,,2009,RB,15.237500190734863,10.9375
00-0019641,,2009,RB,15.0,10.699999809265137
00-0011754,,2009,WR,17.962499618530273,10.431249618530273
00-0022984,,2009,RB,14.625,10.324999809265137
00-0022427,,2009,WR,17.837499618530273,10.306249618530273
00-0026213,J.Charles,2009,RB,14.606249809265137,10.306249618530273
00-0020498,,2009,WR,17.774999618530273,10.243749618530273
00-0022921,L.Fitzgerald,2009,WR,17.762500762939453,10.231250762939453
00-0023921,,2009,WR,17.424999237060547,9.893749237060547
00-0025549,B.Celek,2009,TE,13.818750381469728,9.887500286102297
00-0024334,B.Marshall,2009,WR,17.306249618530273,9.774999618530273
00-0020531,D.Brees,2009,QB,18.3387508392334,9.760001182556152
00-0025438,,2009,WR,16.9375,9.40625
00-0026184,M.Forte,2009,RB,13.5625,9.262499809265137
00-0005106,,2009,QB,17.7237491607666,9.144999504089355
00-0022127,J.Witten,2009,TE,13.0625,9.131249904632568
00-0023462,,2009,WR,16.65625,9.125
00-0024204,,2009,RB,13.39875030517578,9.098750114440916
00-0022787,M.Schaub,2009,QB,17.556249618530273,8.977499961853027
00-0026189,D.Jackson,2009,WR,16.462499618530273,8.931249618530273
00-0006101,,2009,TE,12.856249809265137,8.924999713897705
00-0010346,,2009,QB,17.418750762939453,8.840001106262207
00-0025431,,2009,WR,16.325000762939453,8.793750762939453
00-0026153,J.Stewart,2009,RB,12.949999809265137,8.649999618530273
00-0026289,T.Hightower,2009,RB,12.850000381469728,8.550000190734865
00-0021678,,2009,QB,17.113750457763672,8.535000801086426
00-0024242,,2009,RB,12.743749618530272,8.443749427795408
00-0026163,,2009,RB,12.743749618530272,8.443749427795408
00-0022922,,2009,TE,12.274999618530272,8.34374952316284
00-0019596,T.Brady,2009,QB,16.895000457763672,8.316250801086426
00-0022942,P.Rivers,2009,QB,16.822500228881836,8.24375057220459
00-0022924,B.Roethlisberger,2009,QB,16.688751220703125,8.110001564025879
00-0023465,,2009,TE,11.931249618530272,7.99999952316284
00-0024813,,2009,RB,12.15625,7.856249809265137
00-0017162,,2009,WR,15.356249809265137,7.824999809265137
00-0026988,,2009,RB,11.875,7.574999809265137
00-0023439,,2009,RB,11.824999809265137,7.524999618530273
00-0023496,,2009,WR,14.987500190734863,7.456250190734863
00-0022054,,2009,TE,11.162500381469728,7.231250286102297
00-0026204,,2009,RB,11.350000381469728,7.050000190734865
00-0024240,,2009,WR,14.524999618530272,6.993749618530272
00-0024359,,2009,RB,11.262499809265137,6.962499618530273
00-0023544,,2009,RB,11.206250190734863,6.90625
00-0024466,,2009,WR,14.375,6.84375
00-0020397,,2009,WR,14.368749618530272,6.837499618530272
00-0023564,D.Sproles,2009,RB,11.0625,6.762499809265137
00-0020536,,2009,RB,11.024999618530272,6.724999427795408
00-0025418,G.Olsen,2009,TE,10.574999809265137,6.643749713897705
00-0023440,,2009,RB,10.90625,6.606249809265137
00-0025425,,2009,TE,10.28125,6.349999904632568
00-0011022,,2009,QB,14.707500457763672,6.128750801086426
00-0010500,,2009,WR,13.625,6.09375
00-0026373,,2009,RB,10.368749618530272,6.068749427795408
00-0024217,,2009,RB,10.34375,6.043749809265137
00-0022084,,2009,WR,13.41249942779541,5.88124942779541
00-0022803,E.Manning,2009,QB,14.458749771118164,5.880000114440918
00-0026229,,2009,RB,10.087499618530272,5.787499427795408
00-0022178,,2009,RB,9.993749618530272,5.693749427795408
00-0004541,,2009,WR,13.212499618530272,5.681249618530272
00-0024226,J.Cutler,2009,QB,14.239999771118164,5.661250114440918
00-0027029,L.McCoy,2009,RB,9.90625,5.606249809265137
00-0020337,,2009,WR,13.087499618530272,5.556249618530272
00-0025637,,2009,RB,9.84375,5.543749809265137
00-0024267,,2009,WR,13.0625,5.53125
00-0026231,,2009,TE,9.412500381469728,5.481250286102297
00-0026178,,2009,TE,9.399999618530272,5.46874952316284
00-0020516,,2009,TE,9.28125,5.349999904632568
00-0023545,,2009,RB,9.618749618530272,5.318749427795408
00-0021231,,2009,QB,13.761249542236328,5.182499885559082
00-0022821,,2009,RB,9.475000381469728,5.175000190734865
00-0017200,,2009,QB,13.707499504089355,5.128749847412109
00-0023460,,2009,QB,13.645000457763672,5.066250801086426
00-0026998,,2009,WR,12.53125,5.0
00-0022840,,2009,RB,9.28125,4.981249809265137
00-0025389,,2009,WR,12.418749809265137,4.887499809265137
00-0023541,,2009,QB,13.448750495910645,4.870000839233398
00-0024236,,2009,RB,9.100000381469728,4.800000190734865
00-0027007,,2009,RB,8.975000381469727,4.675000190734863
00-0026188,,2009,TE,8.431249618530273,4.499999523162842
00-0021429,C.Palmer,2009,QB,13.06624984741211,4.487500190734863
00-0023437,,2009,RB,8.717499732971191,4.417499542236328
00-0026158,J.Flacco,2009,QB,12.920000076293944,4.341250419616697
00-0025466,,2009,WR,11.868749618530272,4.337499618530272
00-0025540,,2009,TE,8.143750190734863,4.212500095367432
00-0020438,,2009,WR,11.631250381469728,4.100000381469728
00-0021148,,2009,TE,7.681250095367432,3.7499999999999996
00-0021314,,2009,RB,8.006250381469727,3.7062501907348633
00-0024313,,2009,TE,7.618750095367432,3.6874999999999996
00-0012478,,2009,WR,11.206250190734863,3.6750001907348633
00-0025414,,2009,WR,11.087499618530272,3.5562496185302717
00-0020494,,2009,WR,11.0625,3.53125
00-0020270,,2009,RB,7.575000286102295,3.2750000953674316
00-0005091,,2009,RB,7.412499904632568,3.112499713897705
00-0027092,,2009,WR,10.606249809265137,3.0749998092651367
00-0026170,,2009,TE,6.868750095367432,2.9374999999999996
00-0026235,,2009,WR,10.449999809265137,2.9187498092651367
00-0026162,,2009,RB,7.212500095367432,2.9124999046325684
00-0026143,M.Ryan,2009,QB,11.4712495803833,2.8924999237060547
00-0022811,,2009,WR,10.237500190734863,2.7062501907348633
00-0027005,,2009,WR,10.175000190734863,2.6437501907348633
00-0026000,,2009,WR,10.056249618530272,2.5249996185302717
00-0021999,,2009,WR,9.912500381469728,2.3812503814697283
00-0022943,B.Watson,2009,TE,6.212500095367432,2.2812499999999996
00-0021190,,2009,RB,6.4375,2.1374998092651367
00-0026995,J.Maclin,2009,WR,9.65625,2.125
00-0024243,M.Lewis,2009,TE,5.987500190734863,2.056250095367431
00-0026901,M.Wallace,2009,WR,9.587499618530272,2.0562496185302717
00-0025399,M.Lynch,2009,RB,6.306250095367432,2.0062499046325684
00-0025487,,2009,RB,6.275000095367432,1.9749999046325684
00-0021182,,2009,RB,6.212500095367432,1.9124999046325684
00-0023612,,2009,TE,5.8125,1.881249904632568
00-0024272,,2009,WR,9.287500381469728,1.7562503814697283
00-0025529,,2009,WR,9.287500381469728,1.7562503814697283
00-0026345,P.Garcon,2009,WR,9.28125,1.75
00-0024011,,2009,RB,6.037499904632568,1.737499713897705
00-0020446,,2009,WR,9.25,1.71875
00-0023662,M.Cassel,2009,QB,10.28499984741211,1.7062501907348633
00-0022910,,2009,WR,9.199999809265137,1.6687498092651367
00-0022093,,2009,RB,5.962500095367432,1.6624999046325684
00-0022770,,2009,RB,5.900000095367432,1.5999999046325684
00-0026210,,2009,WR,9.106249809265137,1.5749998092651367
00-0022929,,2009,WR,9.043749809265137,1.5124998092651367
00-0007091,,2009,QB,10.06624984741211,1.4875001907348633
00-0022766,,2009,WR,9.0,1.46875
00-0023512,,2009,RB,5.662499904632568,1.362499713897705
00-0024276,,2009,TE,5.287499904632568,1.3562498092651363
00-0023367,,2009,WR,8.837499618530273,1.3062496185302734
00-0022807,,2009,WR,8.800000190734863,1.2687501907348633
00-0021163,,2009,WR,8.699999809265137,1.1687498092651367
00-0022909,,2009,WR,8.600000381469727,1.0687503814697266
00-0023438,,2009,WR,8.5625,1.03125
00-0026173,,2009,WR,8.556249618530273,1.0249996185302734
00-0026996,,2009,TE,4.887499809265137,0.9562497138977046
00-0026262,,2009,RB,5.193749904632568,0.8937497138977051
00-0021216,,2009,RB,5.15625,0.8562498092651367
00-0021756,,2009,TE,4.787499904632568,0.8562498092651363
00-0024301,,2009,TE,4.787499904632568,0.8562498092651363
00-0026913,,2009,WR,8.356249809265137,0.8249998092651367
00-0026144,D.McFadden,2009,RB,5.068749904632568,0.7687497138977051
00-0022738,,2009,TE,4.637499809265137,0.7062497138977046
00-0021357,,2009,RB,5.0,0.6999998092651367
00-0021236,,2009,TE,4.574999809265137,0.6437497138977046
00-0019484,,2009,RB,4.931250095367432,0.6312499046325684
00-0024268,A.Fasano,2009,TE,4.556250095367432,0.6249999999999996
00-0025410,,2009,WR,8.118749618530273,0.5874996185302734
00-0021976,,2009,RB,4.824999809265137,0.5249996185302734
00-0026314,,2009,WR,8.050000190734863,0.5187501907348633
00-0023436,A.Smith,2009,QB,9.09375,0.5150003433227539
00-0021931,,2009,WR,8.043749809265137,0.5124998092651367
00-0022414,,2009,WR,8.037500381469727,0.5062503814697266
00-0027006,K.Britt,2009,WR,8.006250381469727,0.47500038146972656
00-0026197,C.Henne,2009,QB,9.020000457763672,0.4412508010864258
00-0025542,,2009,TE,4.331250190734863,0.4000000953674312
00-0021940,,2009,K,0.3400000035762787,0.3400000035762787
00-0021179,,2009,RB,4.631249904632568,0.3312497138977051
00-0027003,,2009,RB,4.625,0.3249998092651367
00-0018958,,2009,WR,7.837500095367432,0.30625009536743164
00-0021929,,2009,TE,4.206250190734863,0.2750000953674312
00-0021191,,2009,WR,7.6875,0.15625
00-0025450,,2009,RB,4.425000190734863,0.125
00-0023752,,2009,TE,4.018750190734863,0.0875000953674312
00-0023630,,2009,TE,4.0,0.06874990463256792
00-0007681,,2009,WR,7.574999809265137,0.04374980926513672
00-0004091,P.Dawson,2009,K,0.025000000372529,0.025000000372529
00-0022484,,2009,TE,3.9375,0.006249904632567915
00-0024369,,2009,TE,3.9375,0.006249904632567915
00-0019693,,2009,RB,4.300000190734863,0.0
00-0021154,,2009,TE,3.931250095367432,0.0
00-0024218,,2009,QB,8.578749656677246,0.0
00-0026986,M.Crabtree,2009,WR,7.53125,0.0
00-0024324,,2009,WR,7.481249809265137,-0.05000019073486328
00-0021184,,2009,RB,4.243750095367432,-0.05625009536743164
00-0022781,,2009,WR,7.46875,-0.0625
00-0024294,,2009,RB,4.175000190734863,-0.125
00-0011795,,2009,WR,7.318749904632568,-0.21250009536743164
00-0022217,,2009,RB,4.021250247955322,-0.278749942779541
00-0022092,,2009,RB,4.006249904632568,-0.2937502861022949
00-0026898,M.Sanchez,2009,QB,8.272500038146973,-0.30624961853027344
00-0025460,,2009,WR,7.181250095367432,-0.34999990463256836
00-0026237,,2009,WR,7.150000095367432,-0.38124990463256836
00-0027089,L.Murphy,2009,WR,7.074999809265137,-0.4562501907348633
00-0027026,,2009,WR,7.006249904632568,-0.5250000953674316
00-0027125,Z.Miller,2009,TE,3.40625,-0.5250000953674321
00-0025439,,2009,RB,3.756249904632568,-0.5437502861022954
00-0026899,,2009,RB,3.756249904632568,-0.5437502861022954
00-0020285,,2009,TE,3.325000047683716,-0.6062500476837163
00-0024332,,2009,RB,3.693749904632568,-0.6062502861022954
00-0026796,,2009,RB,3.6875,-0.6125001907348633
00-0026498,M.Stafford,2009,QB,7.84250020980835,-0.7362494468688965
00-0027077,,2009,WR,6.78125,-0.75
00-0024460,,2009,RB,3.549999952316284,-0.7500002384185791
00-0027076,,2009,WR,6.737500190734863,-0.7937498092651367
00-0022250,,2009,RB,3.456249952316284,-0.8437502384185791
00-0025396,T.Ginn,2009,WR,6.637499809265137,-0.8937501907348633
00-0025465,,2009,WR,6.625,-0.90625
00-0023408,,2009,WR,6.574999809265137,-0.9562501907348633
00-0026026,,2009,TE,2.950000047683716,-0.9812500476837163
00-0016098,,2009,RB,3.2874999046325684,-1.012500286102295
00-0027155,,2009,RB,3.2687501907348637,-1.0312499999999996
00-0024389,De.Walker,2009,TE,2.856250047683716,-1.0750000476837163
00-0003035,,2009,TE,2.84375,-1.087500095367432
00-0023176,,2009,WR,6.394999980926514,-1.1362500190734863
00-0014655,,2009,TE,2.7874999046325684,-1.1437501907348637
00-0026941,,2009,RB,3.112499952316284,-1.187500238418579
00-0024287,,2009,TE,2.712500095367432,-1.21875
00-0021192,,2009,WR,6.243750095367432,-1.2874999046325684
00-0023832,,2009,TE,2.637500047683716,-1.2937500476837163
00-0027048,,2009,RB,2.950000047683716,-1.3500001430511475
00-0021213,,2009,TE,2.512500047683716,-1.4187500476837163
00-0022817,,2009,TE,2.46875,-1.462500095367432
00-0022156,,2009,WR,6.037499904632568,-1.4937500953674316
00-0025602,,2009,TE,2.4124999046325684,-1.5187501907348637
00-0027088,,2009,TE,2.356250047683716,-1.5750000476837163
00-0023457,,2009,WR,5.925000190734863,-1.6062498092651367
00-0025633,,2009,RB,2.674999952316284,-1.625000238418579
00-0027167,,2009,RB,2.6624999046325684,-1.637500286102295
00-0026281,,2009,TE,2.262500047683716,-1.6687500476837163
00-0021227,,2009,TE,2.21875,-1.712500095367432
00-0026298,,2009,TE,2.15625,-1.775000095367432
00-0021159,,2009,TE,2.125,-1.806250095367432
00-0022171,,2009,WR,5.574999809265137,-1.9562501907348633
00-0026201,M.Bennett,2009,TE,1.931249976158142,-2.00000011920929
00-0024260,,2009,RB,2.2874999046325684,-2.012500286102295
00-0027129,,2009,RB,2.28125,-2.0187501907348633
00-0021273,,2009,TE,1.899999976158142,-2.03125011920929
00-0022011,,2009,RB,2.212500095367432,-2.087500095367431
00-0022144,,2009,WR,5.425000190734863,-2.1062498092651367
00-0024607,,2009,TE,1.8125,-2.118750095367432
00-0021525,,2009,TE,1.8000000715255735,-2.131250023841859
00-0026121,,2009,RB,2.143749952316284,-2.156250238418579
00-0026123,,2009,TE,1.7374999523162842,-2.193750143051148
00-0021982,,2009,WR,5.268749713897705,-2.262500286102295
00-0026182,,2009,WR,5.224999904632568,-2.3062500953674316
00-0021755,,2009,RB,1.96875,-2.3312501907348633
00-0025997,,2009,RB,1.956249952316284,-2.343750238418579
00-0022746,,2009,TE,1.493749976158142,-2.43750011920929
00-0026956,,2009,RB,1.862499952316284,-2.437500238418579
00-0026035,D.Amendola,2009,WR,5.087500095367432,-2.4437499046325684
00-0019127,,2009,TE,1.431249976158142,-2.50000011920929
00-0026209,,2009,RB,1.7999999523162842,-2.500000238418579
00-0022288,,2009,RB,1.75,-2.5500001907348633
00-0027150,J.Edelman,2009,WR,4.962499618530273,-2.5687503814697266
00-0007213,,2009,TE,1.3312499523162842,-2.600000143051148
00-0026216,,2009,TE,1.3125,-2.618750095367432
00-0006305,,2009,RB,1.6749999523162842,-2.625000238418579
00-0024447,,2009,WR,4.862500190734863,-2.6687498092651367
00-0026993,,2009,QB,5.904999732971191,-2.6737499237060547
00-0026366,,2009,WR,4.84375,-2.6875
00-0025609,,2009,TE,1.2062499523162842,-2.725000143051148
00-0026953,,2009,WR,4.775000095367432,-2.7562499046325684
00-0024561,,2009,RB,1.53125,-2.7687501907348633
00-0015754,,2009,WR,4.731249809265137,-2.8000001907348633
00-0020268,,2009,TE,1.1124999523162842,-2.818750143051148
00-0026174,,2009,WR,4.706250190734863,-2.8249998092651367
00-0026579,,2009,RB,1.4625000953674316,-2.8375000953674316
00-0026342,,2009,RB,1.462499976158142,-2.837500214576721
00-0024465,,2009,WR,4.6875,-2.84375
00-0023679,,2009,TE,1.087499976158142,-2.84375011920929
00-0019650,,2009,WR,4.675000190734863,-2.8562498092651367
00-0026019,D.Woodhead,2009,RB,1.443750023841858,-2.8562501668930054
00-0019457,,2009,TE,1.068750023841858,-2.862500071525574
00-0009323,,2009,TE,1.0625,-2.868750095367432
00-0022706,,2009,TE,1.056249976158142,-2.87500011920929
00-0025622,,2009,WR,4.650000095367432,-2.8812499046325684
00-0026336,,2009,TE,1.0437500476837158,-2.8875000476837163
00-0027061,J.Cook,2009,TE,1.024999976158142,-2.90625011920929
00-0024846,,2009,RB,1.350000023841858,-2.9500001668930054
00-0026272,,2009,TE,0.962499976158142,-2.96875011920929
00-0025480,,2009,RB,1.3250000476837158,-2.9750001430511475
00-0026937,,2009,WR,4.550000190734863,-2.9812498092651367
00-0024529,,2009,TE,0.9500000476837158,-2.9812500476837163
00-0023682,R.Fitzpatrick,2009,QB,5.561249732971191,-3.0174999237060547
00-0020508,,2009,RB,1.2625000476837158,-3.0375001430511475
00-0025464,,2009,TE,0.84375,-3.087500095367432
00-0027070,,2009,TE,0.84375,-3.087500095367432
00-0023474,,2009,WR,4.440000057220459,-3.091249942779541
00-0027139,J.Phillips,2009,TE,0.8250000476837158,-3.1062500476837163
00-0020550,,2009,TE,0.824999988079071,-3.106250107288361
00-0020514,,2009,RB,1.1875,-3.1125001907348633
00-0026790,,2009,RB,1.1875,-3.1125001907348633
00-0022714,,2009,TE,0.7999999523162842,-3.131250143051148
00-0026757,,2009,TE,0.7562500238418579,-3.175000071525574
00-0008241,,2009,RB,1.087499976158142,-3.212500214576721
00-0026367,,2009,RB,1.0812499523162842,-3.218750238418579
00-0026453,,2009,RB,1.037500023841858,-3.2625001668930054
00-0024559,,2009,RB,0.987500011920929,-3.3125001788139343
00-0025409,,2009,QB,5.259999752044678,-3.3187499046325684
00-0024305,,2009,WR,4.162499904632568,-3.3687500953674316
00-0025864,,2009,TE,0.5562499761581421,-3.37500011920929
00-0025860,,2009,RB,0.90625,-3.3937501907348633
00-0023784,,2009,TE,0.53125,-3.400000095367432
00-0026176,J.Nelson,2009,WR,4.125,-3.40625
00-0023797,,2009,TE,0.512499988079071,-3.418750107288361
00-0023108,,2009,TE,0.4875000119209289,-3.443750083446503
00-0022847,,2009,TE,0.449999988079071,-3.481250107288361
00-0021915,,2009,WR,4.037499904632568,-3.4937500953674316
00-0026267,,2009,TE,0.40625,-3.525000095367432
00-0020342,,2009,TE,0.3937499821186065,-3.5375001132488255
00-0027135,,2009,TE,0.3687500059604645,-3.5625000894069676
00-0023506,,2009,TE,0.34375,-3.587500095367432
00-0021304,,2009,TE,0.3312500119209289,-3.600000083446503
00-0025490,,2009,TE,0.324999988079071,-3.606250107288361
00-0022126,,2009,TE,0.3187499940395355,-3.6125001013278966
00-0021255,,2009,TE,0.2874999940395355,-3.6437501013278966
00-0021166,,2009,WR,3.881249904632568,-3.650000095367432
00-0024738,,2009,RB,0.6499999761581421,-3.650000214576721
00-0004161,,2009,QB,4.912499904632568,-3.6662497520446777
00-0025559,,2009,WR,3.858749866485596,-3.672500133514404
00-0025841,,2009,RB,0.6187500357627869,-3.6812501549720764
00-0015601,,2009,RB,0.6187499761581421,-3.681250214576721
00-0025578,,2009,RB,0.5687500238418579,-3.7312501668930054
00-0024172,,2009,RB,0.5562499761581421,-3.743750214576721
00-0026957,D.Johnson,2009,TE,0.1812500059604644,-3.7500000894069676
00-0022897,,2009,RB,0.543749988079071,-3.7562502026557922
00-0027154,,2009,TE,0.168749988079071,-3.762500107288361
00-0020462,,2009,RB,0.5375000238418579,-3.7625001668930054
00-0021306,,2009,RB,0.512499988079071,-3.7875002026557922
00-0023074,,2009,RB,0.5062500238418579,-3.7937501668930054
00-0026191,,2009,WR,3.731250047683716,-3.799999952316284
00-0024261,,2009,TE,0.1312499940395355,-3.8000001013278966
00-0027140,,2009,RB,0.4937500059604645,-3.806250184774399
00-0026908,,2009,TE,0.1187499985098838,-3.812500096857548
00-0026931,,2009,TE,0.1187499985098838,-3.812500096857548
00-0023210,,2009,TE,0.1062500029802322,-3.8250000923872
00-0027157,,2009,TE,0.0874999985098838,-3.843750096857548
00-0026658,,2009,TE,0.0812499970197677,-3.8500000983476643
00-0026963,,2009,TE,0.0812499970197677,-3.8500000983476643
00-0026008,,2009,TE,0.0750000029802322,-3.8562500923872
00-0026669,,2009,TE,0.0750000029802322,-3.8562500923872
00-0027080,,2009,RB,0.4000000059604645,-3.900000184774399
00-0020805,,2009,RB,0.3937500119209289,-3.9062501788139343
00-0025535,,2009,RB,0.387499988079071,-3.9125002026557922
00-0027130,,2009,RB,0.375,-3.9250001907348633
00-0024682,,2009,TE,0.0,-3.931250095367432
00-0026225,,2009,TE,0.0,-3.931250095367432
00-0026372,,2009,TE,0.0,-3.931250095367432
00-0027040,,2009,TE,0.0,-3.931250095367432
00-0025615,,2009,RB,0.3624999821186065,-3.9375002086162567
00-0025955,,2009,RB,0.3312500119209289,-3.9687501788139343
00-0027120,,2009,RB,0.2999999821186065,-4.000000208616257
00-0027098,,2009,RB,0.2687500119209289,-4.031250178813934
00-0023251,,2009,RB,0.25,-4.050000190734863
00-0025701,,2009,RB,0.2374999970197677,-4.0625001937150955
00-0026319,,2009,RB,0.1375000029802322,-4.162500187754631
00-0026316,,2009,RB,0.1062500029802322,-4.193750187754631
00-0022434,,2009,RB,0.09375,-4.206250190734863
00-0026132,,2009,RB,0.0874999985098838,-4.212500192224979
00-0025708,M.Moore,2009,QB,4.363749980926514,-4.214999675750732
00-0026113,,2009,RB,0.0687500014901161,-4.231250189244747
00-0027141,,2009,RB,0.0375000014901161,-4.262500189244747
00-0026769,,2009,RB,0.03125,-4.268750190734863
00-0024103,,2009,RB,0.0062500005587935,-4.29375019017607
00-0026607,,2009,RB,0.0,-4.300000190734863
00-0025479,,2009,QB,4.210000038146973,-4.368749618530273
00-0026268,,2009,WR,3.143749952316284,-4.387500047683716
00-0019599,,2009,QB,4.184999942779541,-4.393749713897705
00-0023518,,2009,WR,2.9749999046325684,-4.556250095367432
00-0025486,,2009,WR,2.962500095367432,-4.568749904632568
00-0022725,,2009,WR,2.9375,-4.59375
00-0002099,,2009,WR,2.9125001430511475,-4.6187498569488525
00-0024408,,2009,QB,3.934999942779541,-4.643749713897705
00-0024345,,2009,WR,2.856250047683716,-4.674999952316284
00-0026221,,2009,WR,2.775000095367432,-4.756249904632568
00-0003292,,2009,QB,3.78125,-4.797499656677246
00-0025432,,2009,WR,2.6624999046325684,-4.868750095367432
00-0020679,,2009,QB,3.670000076293945,-4.908749580383301
00-0023310,,2009,WR,2.581249952316284,-4.950000047683716
00-0001477,,2009,WR,2.549999952316284,-4.981250047683716
00-0019281,,2009,WR,2.5,-5.03125
00-0025544,,2009,WR,2.450000047683716,-5.081249952316284
00-0025934,,2009,WR,2.356250047683716,-5.174999952316284
00-0021647,,2009,WR,2.2874999046325684,-5.243750095367432
00-0024318,,2009,QB,3.317500114440918,-5.261249542236328
00-0025462,,2009,WR,2.231250047683716,-5.299999952316284
00-0027063,,2009,WR,2.03125,-5.5
00-0003739,,2009,QB,2.931250095367432,-5.6474995613098145
00-0025463,,2009,WR,1.875,-5.65625
00-0022901,,2009,WR,1.8312500715255735,-5.699999928474426
00-0026983,D.Heyward-Bey,2009,WR,1.8312500715255735,-5.699999928474426
00-0024535,E.Weems,2009,WR,1.7687499523162842,-5.762500047683716
00-0024326,,2009,WR,1.7625000476837158,-5.768749952316284
00-0025423,,2009,QB,2.758749961853028,-5.819999694824219
00-0022055,,2009,QB,2.6937499046325684,-5.884999752044678
00-0023953,,2009,WR,1.568750023841858,-5.962499976158142
00-0019709,,2009,QB,2.602499961853028,-5.976249694824219
00-0023470,,2009,WR,1.5125000476837158,-6.018749952316284
00-0024297,,2009,WR,1.506250023841858,-6.024999976158142
00-0021508,,2009,WR,1.475000023841858,-6.056249976158142
00-0026300,J.Johnson,2009,QB,2.512500047683716,-6.06624960899353
00-0022164,,2009,QB,2.4725000858306885,-6.106249570846558
00-0005231,,2009,WR,1.381250023841858,-6.149999976158142
00-0022097,,2009,WR,1.2312500476837158,-6.299999952316284
00-0026100,,2009,WR,1.125,-6.40625
00-0026266,,2009,WR,1.125,-6.40625
00-0022177,,2009,QB,2.1475000381469727,-6.431249618530273
00-0027012,,2009,WR,1.100000023841858,-6.431249976158142
00-0023645,D.Anderson,2009,QB,2.1449999809265137,-6.433749675750732
00-0025388,,2009,QB,2.1312501430511475,-6.447499513626099
00-0026780,,2009,WR,1.0750000476837158,-6.456249952316284
00-0024432,,2009,WR,1.0625,-6.46875
00-0027105,,2009,WR,1.037500023841858,-6.493749976158142
00-0022421,,2009,WR,0.993749976158142,-6.537500023841858
00-0005720,,2009,WR,0.8562500476837158,-6.674999952316284
00-0022001,,2009,WR,0.856249988079071,-6.675000011920929
00-0023790,,2009,WR,0.78125,-6.75
00-0020245,,2009,QB,1.808750033378601,-6.769999623298645
00-0021175,,2009,WR,0.7437499761581421,-6.787500023841858
00-0026276,,2009,WR,0.7437499761581421,-6.787500023841858
00-0025417,,2009,WR,0.7250000238418579,-6.806249976158142
00-0027056,,2009,WR,0.7249999642372131,-6.806250035762787
00-0004915,,2009,WR,0.6937500238418579,-6.837499976158142
00-0022388,,2009,WR,0.6749999523162842,-6.856250047683716
00-0026716,,2009,WR,0.581250011920929,-6.949999988079071
00-0022064,,2009,WR,0.5625,-6.96875
00-0024259,,2009,WR,0.550000011920929,-6.981249988079071
00-0023429,,2009,WR,0.53125,-7.0
00-0024013,,2009,WR,0.5249999761581421,-7.006250023841858
00-0024463,,2009,WR,0.5062500238418579,-7.024999976158142
00-0023503,,2009,WR,0.4749999940395355,-7.0562500059604645
00-0026959,,2009,WR,0.449999988079071,-7.081250011920929
00-0023502,,2009,QB,1.4587500095367432,-7.119999647140503
00-0023968,,2009,WR,0.3937500119209289,-7.137499988079071
00-0023490,,2009,WR,0.324999988079071,-7.206250011920929
00-0020608,,2009,QB,1.3562500476837158,-7.22249960899353
00-0023442,,2009,WR,0.2750000059604645,-7.2562499940395355
00-0024171,,2009,WR,0.2562499940395355,-7.2750000059604645
00-0026364,,2009,WR,0.1875,-7.34375
00-0023531,,2009,WR,0.1749999970197677,-7.356250002980232
00-0021570,,2009,WR,0.1687500029802322,-7.362499997019768
00-0026902,,2009,WR,0.1624999940395355,-7.3687500059604645
00-0026562,,2009,WR,0.1500000059604644,-7.3812499940395355
00-0022882,,2009,WR,0.1187499985098838,-7.412500001490116
00-0026181,,2009,WR,0.1187499985098838,-7.412500001490116
00-0026333,,2009,WR,0.1187499985098838,-7.412500001490116
00-0021174,,2009,WR,0.1000000014901161,-7.431249998509884
00-0026753,,2009,WR,0.1000000014901161,-7.431249998509884
00-0022277,,2009,WR,0.09375,-7.4375
00-0025461,,2009,WR,0.09375,-7.4375
00-0025597,,2009,WR,0.09375,-7.4375
00-0026193,,2009,WR,0.09375,-7.4375
00-0026491,,2009,WR,0.09375,-7.4375
00-0027057,B.Tate,2009,WR,0.0687500014901161,-7.462499998509884
00-0026293,M.Slater,2009,WR,0.0375000014901161,-7.493749998509884
00-0024300,,2009,QB,1.0750000476837158,-7.50374960899353
00-0011641,,2009,WR,0.0,-7.53125
00-0025951,,2009,WR,0.0,-7.53125
00-0025992,,2009,WR,0.0,-7.53125
00-0026022,,2009,WR,0.0,-7.53125
00-0026186,,2009,WR,0.0,-7.53125
00-0026355,,2009,WR,0.0,-7.53125
00-0026357,,2009,WR,0.0,-7.53125
00-0026396,,2009,WR,0.0,-7.53125
00-0026296,,2009,QB,1.03125,-7.547499656677246
00-0022296,,2009,WR,-0.018750000745058,-7.550000000745058
00-0019559,,2009,QB,0.9512499570846558,-7.62749969959259
00-0027131,,2009,QB,0.9325000047683716,-7.6462496519088745
00-0026625,B.Hoyer,2009,QB,0.8862500190734863,-7.69249963760376
00-0024279,,2009,QB,0.6899999976158142,-7.888749659061432
00-0024225,,2009,QB,0.675000011920929,-7.903749644756317
00-0019041,,2009,QB,0.6462500095367432,-7.932499647140503
00-0027020,,2009,QB,0.5062500238418579,-8.072499632835388
00-0025561,,2009,QB,0.5037500262260437,-8.074999630451202
00-0003315,,2009,QB,0.3600000143051147,-8.218749642372131
00-0025430,D.Stanton,2009,QB,0.3537499904632568,-8.22499966621399
00-0024264,K.Clemens,2009,QB,0.3187499940395355,-8.25999966263771
00-0025604,,2009,QB,0.2262500077486038,-8.352499648928642
00-0022101,,2009,QB,0.1675000041723251,-8.411249652504921
00-0002110,,2009,QB,0.1112499982118606,-8.467499658465385
00-0026196,,2009,QB,0.0962499976158142,-8.482499659061432
00-0000865,,2009,QB,0.0425000004470348,-8.536249656230211
00-0024824,,2009,QB,0.0074999998323619,-8.571249656844884
00-0021206,J.McCown,2009,QB,0.0049999998882412,-8.573749656789005
00-0022864,L.McCown,2009,QB,0.0049999998882412,-8.573749656789005
00-0022912,,2009,QB,0.0,-8.578749656677246
00-0022121,,2009,QB,-0.0112500004470348,-8.589999657124281
00-0026349,,2009,QB,-0.0112500041723251,-8.589999660849571
00-0021296,,2009,QB,-0.0750000029802322,-8.653749659657478
00-0025970,,2009,QB,-0.0974999964237213,-8.676249653100967
00-0005755,,2009,QB,-0.1375000029802322,-8.716249659657478
00-0022005,,2009,QB,-0.2175000011920929,-8.796249657869339
00-0027134,,2009,QB,-0.2674999833106994,-8.846249639987946
00-0013694,,2009,,0.5499999523162842,
00-0019100,,2009,,1.46875,
00-0019135,,2009,,0.375,
00-0019587,,2009,,0.168749988079071,
00-0020507,,2009,,2.2874999046325684,
00-0020804,,2009,,0.993749976158142,
00-0021279,,2009,,0.3125,
00-0022003,,2009,,0.1437499970197677,
00-0022141,,2009,,0.5562499761581421,
00-0022143,,2009,,1.193750023841858,
00-0022397,,2009,,2.59375,
00-0022405,,2009,,1.774999976158142,
00-0022529,,2009,,0.6312500238418579,
00-0022796,,2009,,0.5250000357627869,
00-0022999,,2009,,1.96875,
00-0023063,,2009,,5.331250190734863,
00-0023683,,2009,,0.7687499523162842,
00-0023774,,2009,,1.4500000476837158,
00-0024315,,2009,,0.5375000238418579,
00-0024394,,2009,,1.0437500476837158,
00-0024489,,2009,,1.024999976158142,
00-0024825,,2009,,0.2875000238418579,
00-0025524,,2009,,4.068749904632568,
00-0025562,,2009,,0.0,
00-0025582,,2009,,0.09375,
00-0025631,,2009,,9.074999809265137,
00-0025672,,2009,,0.9499999284744264,
00-0026033,,2009,,1.5250000953674316,
00-0026069,,2009,,4.6875,
00-0026286,,2009,,1.931249976158142,
00-0026303,,2009,,0.8812500238418579,
00-0026344,,2009,,3.918750047683716,
00-0026393,,2009,,0.25,
00-0026723,,2009,,0.0750000029802322,
00-0027093,,2009,,0.0,
00-0027106,,2009,,0.1500000059604644,
00-0027109,,2009,,0.7750000357627869,
00-0024242,,2008,RB,19.243749618530277,14.412499427795414
00-0026184,M.Forte,2008,RB,19.09375,14.262499809265137
00-0022044,,2008,WR,20.03125,13.200000286102295
00-0006101,,2008,TE,16.362499237060547,13.174999237060547
00-0022921,L.Fitzgerald,2008,WR,19.462499618530277,12.631249904632572
00-0024275,,2008,RB,17.431249618530273,12.59999942779541
00-0022821,,2008,RB,17.375,12.543749809265137
00-0020536,,2008,RB,17.318750381469727,12.487500190734863
00-0019641,,2008,RB,17.243749618530273,12.41249942779541
00-0026229,,2008,RB,16.993749618530273,12.16249942779541
00-0021216,,2008,RB,16.862499237060547,12.031249046325684
00-0025394,A.Peterson,2008,RB,16.325000762939453,11.49375057220459
00-0026164,C.Johnson,2008,RB,15.612500190734863,10.78125
00-0025389,,2008,WR,17.5625,10.731250286102295
00-0021179,,2008,RB,15.40625,10.574999809265137
00-0023462,,2008,WR,16.662500381469727,9.831250667572021
00-0020531,D.Brees,2008,QB,18.91625022888184,9.782500267028812
00-0025399,M.Lynch,2008,RB,14.606249809265137,9.774999618530273
00-0024267,,2008,WR,16.575000762939453,9.743751049041748
00-0023544,,2008,RB,14.387499809265137,9.556249618530273
00-0022127,J.Witten,2008,TE,12.61750030517578,9.43000030517578
00-0024334,B.Marshall,2008,WR,16.256250381469727,9.425000667572021
00-0023500,F.Gore,2008,RB,14.243749618530272,9.412499427795408
00-0022084,,2008,WR,16.21875,9.387500286102295
00-0020337,,2008,WR,16.106250762939453,9.275001049041748
00-0022736,,2008,RB,14.012499809265137,9.181249618530273
00-0022165,,2008,TE,12.237500190734863,9.050000190734863
00-0023459,A.Rodgers,2008,QB,18.138750076293945,9.005000114440918
00-0021191,,2008,WR,15.625,8.793750286102295
00-0022427,,2008,WR,15.56874942779541,8.737499713897705
00-0023437,,2008,RB,13.327499389648438,8.496249198913574
00-0026204,,2008,RB,13.193750381469728,8.362500190734865
00-0022942,P.Rivers,2008,QB,17.40999984741211,8.276249885559082
00-0024226,J.Cutler,2008,QB,17.3125,8.178750038146973
00-0023545,,2008,RB,12.90625,8.074999809265137
00-0012478,,2008,WR,14.71875,7.887500286102295
00-0021547,A.Gates,2008,TE,11.024999618530272,7.837499618530272
00-0020498,,2008,WR,14.65625,7.825000286102295
00-0011754,,2008,WR,14.487500190734863,7.656250476837158
00-0025410,,2008,WR,14.387499809265137,7.556250095367432
00-0026182,,2008,WR,14.368749618530272,7.537499904632567
00-0023310,,2008,WR,14.362500190734863,7.531250476837158
00-0017162,,2008,WR,14.293749809265137,7.462500095367432
00-0022738,,2008,TE,10.618749618530272,7.431249618530272
00-0020494,,2008,WR,14.131250381469728,7.300000667572023
00-0022770,,2008,RB,12.118749618530272,7.287499427795408
00-0005091,,2008,RB,12.076250076293944,7.24499988555908
00-0024313,,2008,TE,10.387499809265137,7.199999809265137
00-0017200,,2008,QB,16.3174991607666,7.183749198913574
00-0024813,,2008,RB,11.993749618530272,7.162499427795408
00-0024217,,2008,RB,11.649999618530272,6.818749427795408
00-0010346,,2008,QB,15.886249542236328,6.752499580383301
00-0019863,,2008,RB,11.5625,6.731249809265137
00-0023496,,2008,WR,13.481249809265137,6.650000095367432
00-0010500,,2008,WR,13.375,6.543750286102295
00-0024332,,2008,RB,11.331250190734863,6.5
00-0023662,M.Cassel,2008,QB,15.301250457763672,6.1675004959106445
00-0020438,,2008,WR,12.956250190734863,6.125000476837158
00-0011022,,2008,QB,15.228750228881836,6.095000267028809
00-0026178,,2008,TE,9.231249809265137,6.043749809265137
00-0022984,,2008,RB,10.86875057220459,6.037500381469727
00-0004541,,2008,WR,12.850000381469728,6.018750667572023
00-0024260,,2008,RB,10.743749618530272,5.912499427795408
00-0004640,,2008,RB,10.662500381469728,5.831250190734865
00-0022054,,2008,TE,8.97499942779541,5.78749942779541
00-0021931,,2008,WR,12.512499809265137,5.681250095367432
00-0022217,,2008,RB,10.425000190734863,5.59375
00-0025425,,2008,TE,8.737500190734863,5.550000190734863
00-0018958,,2008,WR,12.368749618530272,5.537499904632567
00-0025529,,2008,WR,12.256250381469728,5.425000667572023
00-0025418,G.Olsen,2008,TE,8.587499618530273,5.399999618530273
00-0022807,,2008,WR,12.1875,5.356250286102295
00-0019693,,2008,RB,10.1875,5.356249809265137
00-0021314,,2008,RB,10.059999465942385,5.228749275207521
00-0026289,T.Hightower,2008,RB,9.743749618530272,4.912499427795408
00-0022811,,2008,WR,11.725000381469728,4.893750667572023
00-0026153,J.Stewart,2008,RB,9.637499809265137,4.806249618530273
00-0011795,,2008,WR,11.581250190734863,4.750000476837158
00-0002099,,2008,WR,11.5625,4.731250286102295
00-0022910,,2008,WR,11.556249618530272,4.724999904632567
00-0026189,D.Jackson,2008,WR,11.550000190734863,4.718750476837158
00-0024294,,2008,RB,9.543749809265137,4.712499618530273
00-0023612,,2008,TE,7.887499809265137,4.699999809265137
00-0019559,,2008,QB,13.619999885559082,4.486249923706055
00-0025604,,2008,QB,13.60124969482422,4.467499732971193
00-0021231,,2008,QB,13.587499618530272,4.453749656677244
00-0024268,A.Fasano,2008,TE,7.587500095367432,4.400000095367432
00-0024276,,2008,TE,7.525000095367432,4.337500095367432
00-0019484,,2008,RB,9.112500190734863,4.28125
00-0026170,,2008,TE,7.46875,4.28125
00-0022178,,2008,RB,9.024999618530272,4.193749427795408
00-0017915,,2008,RB,8.925000190734863,4.09375
00-0021190,,2008,RB,8.914999961853027,4.083749771118164
00-0023465,,2008,TE,7.212500095367432,4.025000095367432
00-0024204,,2008,RB,8.793749809265137,3.9624996185302734
00-0023564,D.Sproles,2008,RB,8.762499809265137,3.9312496185302734
00-0024245,,2008,RB,8.75,3.9187498092651367
00-0021976,,2008,RB,8.684999465942383,3.8537492752075195
00-0011236,,2008,TE,6.806250095367432,3.6187500953674316
00-0021678,,2008,QB,12.751250267028809,3.6175003051757812
00-0025396,T.Ginn,2008,WR,10.393750190734863,3.562500476837158
00-0024240,,2008,WR,10.375,3.543750286102295
00-0025540,,2008,TE,6.712500095367432,3.5250000953674316
00-0023438,,2008,WR,10.293749809265137,3.4625000953674316
00-0023460,,2008,QB,12.475000381469728,3.341250419616701
00-0022803,E.Manning,2008,QB,12.407500267028809,3.2737503051757812
00-0007681,,2008,WR,10.100000381469728,3.2687506675720233
00-0026144,D.McFadden,2008,RB,8.087499618530273,3.25624942779541
00-0024243,M.Lewis,2008,TE,6.368750095367432,3.1812500953674316
00-0022922,,2008,TE,6.362500190734863,3.1750001907348633
00-0026143,M.Ryan,2008,QB,12.25,3.1162500381469727
00-0021929,,2008,TE,6.206250190734863,3.0187501907348633
00-0023439,,2008,RB,7.699999809265137,2.8687496185302734
00-0005106,,2008,QB,11.948749542236328,2.814999580383301
00-0021154,,2008,TE,5.931250095367432,2.7437500953674316
00-0024466,,2008,WR,9.5625,2.731250286102295
00-0021755,,2008,RB,7.551249980926514,2.7199997901916504
00-0021148,,2008,TE,5.893749713897705,2.706249713897705
00-0026173,,2008,WR,9.518750190734863,2.687500476837158
00-0007024,,2008,WR,9.475000381469728,2.6437506675720233
00-0020270,,2008,RB,7.456250190734863,2.625
00-0020516,,2008,TE,5.706250190734863,2.5187501907348633
00-0020332,,2008,TE,5.6875,2.5
00-0023541,,2008,QB,11.62874984741211,2.494999885559082
00-0023456,,2008,WR,9.3125,2.481250286102295
00-0023457,,2008,WR,9.24250030517578,2.4112505912780744
00-0022781,,2008,WR,9.231249809265137,2.4000000953674316
00-0026158,J.Flacco,2008,QB,11.515000343322754,2.3812503814697266
00-0025419,,2008,WR,9.212499618530272,2.3812499046325666
00-0022250,,2008,RB,7.149999618530273,2.31874942779541
00-0021159,,2008,TE,5.34375,2.15625
00-0022126,,2008,TE,5.299999713897705,2.112499713897705
00-0024272,,2008,WR,8.912500381469727,2.0812506675720215
00-0003035,,2008,TE,5.231249809265137,2.0437498092651367
00-0022924,B.Roethlisberger,2008,QB,11.166250228881836,2.0325002670288086
00-0020527,,2008,RB,6.787499904632568,1.956249713897705
00-0004161,,2008,QB,10.9662504196167,1.8325004577636719
00-0022787,M.Schaub,2008,QB,10.907500267028809,1.7737503051757812
00-0022093,,2008,RB,6.543749809265137,1.7124996185302734
00-0024221,V.Davis,2008,TE,4.868750095367432,1.6812500953674316
00-0026195,,2008,RB,6.481249809265137,1.6499996185302734
00-0021982,,2008,WR,8.443750381469727,1.6125006675720215
00-0026367,,2008,RB,6.387499809265137,1.5562496185302734
00-0022929,,2008,WR,8.287500381469727,1.4562506675720215
00-0021182,,2008,RB,6.25,1.4187498092651367
00-0020397,,2008,WR,8.1875,1.356250286102295
00-0026262,,2008,RB,6.168749809265137,1.3374996185302734
00-0026201,M.Bennett,2008,TE,4.518749713897705,1.331249713897705
00-0022840,,2008,RB,6.150000095367432,1.3187499046325684
00-0016550,,2008,WR,8.125,1.293750286102295
00-0022144,,2008,WR,8.09375,1.262500286102295
00-0021273,,2008,TE,4.381249904632568,1.1937499046325684
00-0023408,,2008,WR,8.024999618530273,1.1937499046325684
00-0005755,,2008,QB,10.223750114440918,1.0900001525878906
00-0025487,,2008,RB,5.838749885559082,1.0074996948242188
00-0023506,,2008,TE,4.125,0.9375
00-0023479,,2008,RB,5.762499809265137,0.9312496185302734
00-0026213,J.Charles,2008,RB,5.743750095367432,0.9124999046325684
00-0025549,B.Celek,2008,TE,4.050000190734863,0.8625001907348633
00-0023367,,2008,WR,7.681250095367432,0.8500003814697266
00-0021166,,2008,WR,7.606249809265137,0.7750000953674316
00-0025438,,2008,WR,7.525000095367432,0.6937503814697266
00-0008241,,2008,RB,5.493750095367432,0.6624999046325684
00-0015754,,2008,WR,7.487500190734863,0.6562504768371582
00-0024345,,2008,WR,7.450000286102295,0.6187505722045898
00-0022766,,2008,WR,7.443749904632568,0.6125001907348633
00-0022156,,2008,WR,7.349999904632568,0.5187501907348633
00-0016098,,2008,RB,5.337500095367432,0.5062499046325684
00-0025479,,2008,QB,9.603750228881836,0.4700002670288086
00-0026000,,2008,WR,7.293749809265137,0.46250009536743164
00-0020285,,2008,TE,3.481250047683716,0.2937500476837158
00-0007468,,2008,WR,6.962500095367432,0.13125038146972656
00-0025450,,2008,RB,4.956250190734863,0.125
00-0022943,B.Watson,2008,TE,3.306250095367432,0.11875009536743208
00-0009119,,2008,TE,3.231250047683716,0.04375004768371582
00-0019650,,2008,WR,6.837500095367432,0.0062503814697265625
00-0003292,,2008,QB,9.133749961853027,0.0
00-0013013,,2008,RB,4.831250190734863,0.0
00-0020446,,2008,WR,6.831249713897705,0.0
00-0022706,,2008,TE,3.1875,0.0
00-0020679,,2008,QB,8.958749771118164,-0.17500019073486328
00-0007213,,2008,TE,2.993750095367432,-0.19374990463256792
00-0024172,,2008,RB,4.581250190734863,-0.25
00-0024369,,2008,TE,2.90625,-0.28125
00-0019642,,2008,WR,6.525000095367432,-0.30624961853027344
00-0025486,,2008,WR,6.5,-0.3312497138977051
00-0021647,,2008,WR,6.470000267028809,-0.3612494468688965
00-0025542,,2008,TE,2.806250095367432,-0.3812499046325679
00-0021227,,2008,TE,2.681250095367432,-0.5062499046325679
00-0025388,,2008,QB,8.601249694824219,-0.5325002670288086
00-0021163,,2008,WR,6.175000190734863,-0.6562495231628418
00-0021213,,2008,TE,2.525000095367432,-0.6624999046325679
00-0021184,,2008,RB,4.162499904632568,-0.6687502861022949
00-0020342,,2008,TE,2.481250047683716,-0.7062499523162842
00-0022414,,2008,WR,6.09375,-0.7374997138977051
00-0021376,,2008,RB,4.074999809265137,-0.7562503814697266
00-0021304,,2008,TE,2.368750095367432,-0.8187499046325679
00-0025860,,2008,RB,4.012499809265137,-0.8187503814697266
00-0004915,,2008,WR,5.993750095367432,-0.8374996185302734
00-0023531,,2008,WR,5.962500095367432,-0.8687496185302734
00-0021192,,2008,WR,5.949999809265137,-0.8812499046325684
00-0024013,,2008,WR,5.925000190734863,-0.9062495231628418
00-0021164,,2008,RB,3.918750047683716,-0.9125001430511475
00-0025609,,2008,TE,2.268749952316284,-0.9187500476837158
00-0002586,,2008,TE,2.2562499046325684,-0.9312500953674316
00-0024529,,2008,TE,2.2249999046325684,-0.9625000953674316
00-0006305,,2008,RB,3.849999904632568,-0.9812502861022954
00-0022889,,2008,WR,5.84375,-0.9874997138977051
00-0022926,,2008,RB,3.8125,-1.0187501907348633
00-0023429,,2008,WR,5.806250095367432,-1.0249996185302734
00-0025494,,2008,RB,3.774999856948853,-1.0562503337860103
00-0022909,,2008,WR,5.768749713897705,-1.0625
00-0020462,,2008,RB,3.768749713897705,-1.0625004768371582
00-0024359,,2008,RB,3.762500047683716,-1.0687501430511475
00-0023474,,2008,WR,5.717499732971191,-1.1137499809265137
00-0022725,,2008,WR,5.681250095367432,-1.1499996185302734
00-0023440,,2008,RB,3.662499904632568,-1.1687502861022954
00-0019599,,2008,QB,7.929999828338623,-1.2037501335144043
00-0025464,,2008,TE,1.912500023841858,-1.274999976158142
00-0025637,,2008,RB,3.543750047683716,-1.2875001430511475
00-0024389,De.Walker,2008,TE,1.887500047683716,-1.299999952316284
00-0020407,,2008,RB,3.53125,-1.3000001907348633
00-0021525,,2008,TE,1.78125,-1.40625
00-0022555,,2008,TE,1.7687499523162842,-1.4187500476837158
00-0014655,,2008,TE,1.7625000476837158,-1.4249999523162842
00-0023682,R.Fitzpatrick,2008,QB,7.706250190734863,-1.427499771118164
00-0025622,,2008,WR,5.375,-1.456249713897705
00-0026162,,2008,RB,3.3499999046325684,-1.481250286102295
00-0023210,,2008,TE,1.7000000476837158,-1.4874999523162842
00-0022893,,2008,RB,3.2874999046325684,-1.543750286102295
00-0022288,,2008,RB,3.2562499046325684,-1.575000286102295
00-0022001,,2008,WR,5.25,-1.581249713897705
00-0026272,,2008,TE,1.587499976158142,-1.600000023841858
00-0021236,,2008,TE,1.556249976158142,-1.631250023841858
00-0020490,,2008,WR,5.162499904632568,-1.6687498092651367
00-0022097,,2008,WR,5.150000095367432,-1.6812496185302734
00-0024324,,2008,WR,5.106249809265137,-1.7249999046325684
00-0026176,J.Nelson,2008,WR,5.099999904632568,-1.7312498092651367
00-0025633,,2008,RB,3.081249952316284,-1.750000238418579
00-0026336,,2008,TE,1.399999976158142,-1.787500023841858
00-0026224,H.Douglas,2008,WR,4.993750095367432,-1.8374996185302734
00-0025602,,2008,TE,1.337499976158142,-1.850000023841858
00-0023784,,2008,TE,1.3312499523162842,-1.8562500476837158
00-0024261,,2008,TE,1.3312499523162842,-1.8562500476837158
00-0023797,,2008,TE,1.287500023841858,-1.899999976158142
00-0021255,,2008,TE,1.225000023841858,-1.962499976158142
00-0026231,,2008,TE,1.212499976158142,-1.975000023841858
00-0020268,,2008,TE,1.1937499046325684,-1.9937500953674316
00-0019127,,2008,TE,1.1875,-2.0
00-0020127,,2008,TE,1.181249976158142,-2.006250023841858
00-0023630,,2008,TE,1.1687500476837158,-2.018749952316284
00-0024301,,2008,TE,1.1437499523162842,-2.043750047683716
00-0025463,,2008,WR,4.712500095367432,-2.1187496185302734
00-0024287,,2008,TE,1.0437500476837158,-2.143749952316284
00-0009323,,2008,TE,0.949999988079071,-2.237500011920929
00-0023752,,2008,TE,0.943750023841858,-2.243749976158142
00-0020550,,2008,TE,0.9437499642372132,-2.243750035762787
00-0021981,,2008,WR,4.556250095367432,-2.2749996185302734
00-0022041,,2008,TE,0.893750011920929,-2.293749988079071
00-0026209,,2008,RB,2.5374999046325684,-2.293750286102295
00-0005589,,2008,QB,6.81125020980835,-2.3224997520446777
00-0026216,,2008,TE,0.831250011920929,-2.356249988079071
00-0024549,,2008,RB,2.431250095367432,-2.400000095367431
00-0026314,,2008,WR,4.368750095367432,-2.4624996185302734
00-0024321,,2008,TE,0.71875,-2.46875
00-0023179,,2008,TE,0.699999988079071,-2.487500011920929
00-0020381,,2008,WR,4.3125,-2.518749713897705
00-0019644,,2008,TE,0.668749988079071,-2.518750011920929
00-0026026,,2008,TE,0.637499988079071,-2.550000011920929
00-0019457,,2008,TE,0.6187499761581421,-2.568750023841858
00-0020805,,2008,RB,2.25,-2.5812501907348633
00-0025414,,2008,WR,4.181250095367432,-2.6499996185302734
00-0016677,,2008,TE,0.4437499940395355,-2.7437500059604645
00-0022055,,2008,QB,6.317500114440918,-2.8162498474121094
00-0022847,,2008,TE,0.3500000238418579,-2.837499976158142
00-0022897,,2008,RB,1.993749976158142,-2.837500214576721
00-0021980,,2008,TE,0.34375,-2.84375
00-0022724,,2008,TE,0.3375000059604645,-2.8499999940395355
00-0023679,,2008,TE,0.3375000059604645,-2.8499999940395355
00-0026188,,2008,TE,0.3375000059604645,-2.8499999940395355
00-0021756,,2008,TE,0.3062500059604645,-2.8812499940395355
00-0025535,,2008,RB,1.950000047683716,-2.8812501430511475
00-0024682,,2008,TE,0.2874999940395355,-2.9000000059604645
00-0022817,,2008,TE,0.28125,-2.90625
00-0025490,,2008,TE,0.2750000059604645,-2.9124999940395355
00-0026267,,2008,TE,0.262499988079071,-2.925000011920929
00-0022746,,2008,TE,0.2437500059604644,-2.9437499940395355
00-0024607,,2008,TE,0.2437499910593032,-2.9437500089406967
00-0026251,,2008,TE,0.231249988079071,-2.956250011920929
00-0023108,,2008,TE,0.21875,-2.96875
00-0002565,,2008,TE,0.1937499940395355,-2.9937500059604645
00-0022907,,2008,TE,0.1937499940395355,-2.9937500059604645
00-0021084,,2008,TE,0.1875,-3.0
00-0019242,,2008,WR,3.798749923706055,-3.03249979019165
00-0026225,,2008,TE,0.1187499985098838,-3.068750001490116
00-0023490,,2008,WR,3.756249904632568,-3.074999809265137
00-0022483,,2008,TE,0.1000000014901161,-3.087499998509884
00-0023788,,2008,TE,0.0812499970197677,-3.1062500029802322
00-0023921,,2008,WR,3.674999952316284,-3.156249761581421
00-0024846,,2008,RB,1.65625,-3.1750001907348633
00-0024103,,2008,RB,1.625,-3.2062501907348633
00-0022064,,2008,WR,3.5999999046325684,-3.2312498092651367
00-0015601,,2008,RB,1.53125,-3.3000001907348633
00-0023881,,2008,RB,1.524999976158142,-3.306250214576721
00-0022011,,2008,RB,1.4812500476837158,-3.3500001430511475
00-0024465,,2008,WR,3.4437501430511475,-3.3874995708465576
00-0025615,,2008,RB,1.4375,-3.3937501907348633
00-0023645,D.Anderson,2008,QB,5.650000095367432,-3.4837498664855957
00-0025465,,2008,WR,3.337500095367432,-3.493749618530273
00-0025431,,2008,WR,3.3187499046325684,-3.5124998092651367
00-0023518,,2008,WR,3.3125,-3.518749713897705
00-0021306,,2008,RB,1.28125,-3.5500001907348633
00-0023512,,2008,RB,1.2374999523162842,-3.593750238418579
00-0023578,D.Orlovsky,2008,QB,5.471250057220459,-3.6624999046325684
00-0026113,,2008,RB,1.149999976158142,-3.681250214576721
00-0023470,,2008,WR,3.112499952316284,-3.718749761581421
00-0021508,,2008,WR,3.106250047683716,-3.7249996662139893
00-0026366,,2008,WR,3.087500095367432,-3.743749618530273
00-0021337,,2008,WR,3.0749998092651367,-3.7562499046325684
00-0025578,,2008,RB,1.0499999523162842,-3.781250238418579
00-0025997,,2008,RB,1.03125,-3.8000001907348633
00-0024460,,2008,RB,1.024999976158142,-3.806250214576721
00-0023764,,2008,RB,0.993749976158142,-3.837500214576721
00-0022739,,2008,WR,2.981250047683716,-3.8499996662139893
00-0001477,,2008,WR,2.962500095367432,-3.868749618530273
00-0025477,,2008,RB,0.943750023841858,-3.8875001668930054
00-0025913,,2008,RB,0.8500000238418579,-3.9812501668930054
00-0024279,,2008,QB,5.139999866485596,-3.9937500953674316
00-0022782,,2008,RB,0.8374999761581421,-3.993750214576721
00-0025480,,2008,RB,0.8062500357627869,-4.025000154972076
00-0026279,,2008,RB,0.8062500357627869,-4.025000154972076
00-0021296,,2008,QB,5.101250171661377,-4.03249979019165
00-0024011,,2008,RB,0.7875000238418579,-4.043750166893005
00-0021252,,2008,RB,0.78125,-4.050000190734863
00-0025458,,2008,RB,0.7749999761581421,-4.056250214576721
00-0020448,,2008,RB,0.7124999761581421,-4.118750214576721
00-0022434,,2008,RB,0.699999988079071,-4.131250202655792
00-0021152,,2008,WR,2.668750047683716,-4.162499666213989
00-0005231,,2008,WR,2.618750095367432,-4.212499618530273
00-0026432,,2008,RB,0.612500011920929,-4.218750178813934
00-0021955,,2008,RB,0.6000000238418579,-4.231250166893005
00-0026163,,2008,RB,0.59375,-4.237500190734863
00-0023561,,2008,RB,0.581250011920929,-4.250000178813934
00-0024236,,2008,RB,0.5812499523162842,-4.250000238418579
00-0019808,,2008,RB,0.5562499761581421,-4.275000214576721
00-0021153,,2008,WR,2.5375001430511475,-4.293749570846558
00-0023251,,2008,RB,0.4937500059604645,-4.337500184774399
00-0023806,,2008,RB,0.4812500178813934,-4.35000017285347
00-0021147,,2008,WR,2.4749999046325684,-4.356249809265137
00-0019794,,2008,RB,0.4625000059604645,-4.368750184774399
00-0024259,,2008,WR,2.456249952316284,-4.374999761581421
00-0026453,,2008,RB,0.4562500119209289,-4.375000178813934
00-0026029,,2008,RB,0.4437499940395355,-4.387500196695328
00-0019997,,2008,WR,2.424999952316284,-4.406249761581421
00-0023176,,2008,WR,2.401250123977661,-4.429999589920044
00-0026174,,2008,WR,2.393749952316284,-4.437499761581421
00-0022421,,2008,WR,2.368750095367432,-4.462499618530273
00-0025466,,2008,WR,2.356250047683716,-4.474999666213989
00-0020508,,2008,RB,0.356249988079071,-4.475000202655792
00-0022277,,2008,WR,2.337500095367432,-4.493749618530273
00-0020391,,2008,RB,0.3375000059604645,-4.493750184774399
00-0024763,,2008,RB,0.3312500119209289,-4.500000178813934
00-0019663,,2008,WR,2.3125,-4.518749713897705
00-0024326,,2008,WR,2.3125,-4.518749713897705
00-0026268,,2008,WR,2.3125,-4.518749713897705
00-0019647,,2008,RB,0.2687500119209289,-4.562500178813934
00-0019281,,2008,WR,2.2562499046325684,-4.574999809265137
00-0019831,,2008,RB,0.2562499940395355,-4.575000196695328
00-0023844,,2008,RB,0.2312500029802322,-4.600000187754631
00-0026342,,2008,RB,0.2312500029802322,-4.600000187754631
00-0020820,,2008,RB,0.2062499970197677,-4.6250001937150955
00-0025621,,2008,WR,2.200000047683716,-4.631249666213989
00-0019703,,2008,WR,2.1937499046325684,-4.637499809265137
00-0026353,,2008,RB,0.1749999970197677,-4.6562501937150955
00-0026316,,2008,RB,0.1687500029802322,-4.662500187754631
00-0020514,,2008,RB,0.1500000059604644,-4.681250184774399
00-0021175,,2008,WR,2.143749952316284,-4.687499761581421
00-0024158,,2008,RB,0.1375000029802322,-4.693750187754631
00-0021357,,2008,RB,0.1062500029802322,-4.725000187754631
00-0022797,,2008,RB,0.1062500029802322,-4.725000187754631
00-0024559,,2008,RB,0.09375,-4.737500190734863
00-0023074,,2008,RB,0.0812499970197677,-4.7500001937150955
00-0012642,,2008,WR,2.075000047683716,-4.756249666213989
00-0026364,,2008,WR,2.049999952316284,-4.781249761581421
00-0025701,,2008,RB,0.050000000745058,-4.781250189989805
00-0026399,,2008,RB,0.050000000745058,-4.781250189989805
00-0025439,,2008,RB,0.0437499992549419,-4.787500191479921
00-0026319,,2008,RB,0.03125,-4.800000190734863
00-0025437,,2008,RB,0.018750000745058,-4.812500189989805
00-0021845,,2008,RB,-0.018750000745058,-4.850000191479921
00-0026181,,2008,WR,1.856250047683716,-4.974999666213989
00-0022726,,2008,WR,1.8499999046325684,-4.981249809265137
00-0022701,,2008,WR,1.8187499046325684,-5.012499809265137
00-0005720,,2008,WR,1.6750000715255735,-5.156249642372131
00-0020617,,2008,WR,1.5812499523162842,-5.249999761581421
00-0026237,,2008,WR,1.506250023841858,-5.324999690055847
00-0020480,,2008,QB,3.808749914169312,-5.325000047683716
00-0019539,,2008,WR,1.462499976158142,-5.368749737739563
00-0016440,,2008,WR,1.443750023841858,-5.387499690055847
00-0026221,,2008,WR,1.4375,-5.393749713897705
00-0025460,,2008,WR,1.412500023841858,-5.418749690055847
00-0025432,,2008,WR,1.368749976158142,-5.462499737739563
00-0025533,,2008,WR,1.3125,-5.518749713897705
00-0025636,,2008,WR,1.243749976158142,-5.587499737739563
00-0025584,,2008,WR,1.1749999523162842,-5.656249761581421
00-0007091,,2008,QB,3.471250057220459,-5.662499904632568
00-0021915,,2008,WR,1.131250023841858,-5.699999690055847
00-0022135,,2008,WR,1.0875000953674316,-5.743749618530273
00-0021999,,2008,WR,1.0625,-5.768749713897705
00-0025559,,2008,WR,1.024999976158142,-5.806249737739563
00-0025892,,2008,WR,0.9874999523162842,-5.843749761581421
00-0026245,,2008,WR,0.956250011920929,-5.874999701976776
00-0024687,,2008,WR,0.918749988079071,-5.912499725818634
00-0023442,,2008,WR,0.8812500238418579,-5.949999690055847
00-0026266,,2008,WR,0.8624999523162842,-5.968749761581421
00-0026193,,2008,WR,0.7749999761581421,-6.056249737739563
00-0024174,,2008,WR,0.7250000238418579,-6.106249690055847
00-0025461,,2008,WR,0.706250011920929,-6.124999701976776
00-0025462,,2008,WR,0.637499988079071,-6.193749725818634
00-0006423,,2008,QB,2.9262499809265137,-6.207499980926514
00-0025417,,2008,WR,0.6187499761581421,-6.212499737739563
00-0024404,,2008,WR,0.6000000238418579,-6.231249690055847
00-0024297,,2008,WR,0.5062500238418579,-6.324999690055847
00-0024595,,2008,WR,0.4312500059604645,-6.399999707937241
00-0026345,P.Garcon,2008,WR,0.3937500119209289,-6.437499701976776
00-0022613,,2008,WR,0.387499988079071,-6.443749725818634
00-0024681,,2008,WR,0.375,-6.456249713897705
00-0020428,,2008,WR,0.34375,-6.487499713897705
00-0022901,,2008,WR,0.34375,-6.487499713897705
00-0026235,,2008,WR,0.3374999761581421,-6.493749737739563
00-0022882,,2008,WR,0.324999988079071,-6.506249725818634
00-0025515,,2008,WR,0.3187499940395355,-6.5124997198581696
00-0003739,,2008,QB,2.6212499141693115,-6.512500047683716
00-0026191,,2008,WR,0.3000000119209289,-6.531249701976776
00-0009311,,2008,QB,2.557499885559082,-6.576250076293945
00-0025544,,2008,WR,0.2249999940395355,-6.6062497198581696
00-0024305,,2008,WR,0.21875,-6.612499713897705
00-0022403,,2008,WR,0.2062499970197677,-6.624999716877937
00-0024251,,2008,WR,0.1812500059604644,-6.649999707937241
00-0023991,,2008,WR,0.1749999970197677,-6.656249716877937
00-0023790,,2008,WR,0.1375000029802322,-6.693749710917473
00-0024358,,2008,WR,0.1312500089406967,-6.699999704957008
00-0025556,,2008,WR,0.1187499985098838,-6.712499715387821
00-0025467,,2008,WR,0.1062500029802322,-6.724999710917473
00-0025614,,2008,WR,0.1000000014901161,-6.731249712407589
00-0019976,,2008,WR,0.0874999985098838,-6.743749715387821
00-0024535,E.Weems,2008,WR,0.0874999985098838,-6.743749715387821
00-0022171,,2008,WR,0.0812499970197677,-6.749999716877937
00-0026186,,2008,WR,0.0750000029802322,-6.756249710917473
00-0021429,C.Palmer,2008,QB,2.327499866485596,-6.806250095367432
00-0022912,,2008,QB,2.0225000381469727,-7.111249923706055
00-0024318,,2008,QB,1.8200000524520876,-7.31374990940094
00-0022177,,2008,QB,1.6762499809265137,-7.457499980926514
00-0025409,,2008,QB,1.6762499809265137,-7.457499980926514
00-0022121,,2008,QB,1.6675000190734863,-7.466249942779541
00-0007835,,2008,QB,1.1487499475479126,-7.985000014305115
00-0008442,,2008,QB,0.9362500309944152,-8.197499930858612
00-0025561,,2008,QB,0.8924999833106995,-8.241249978542328
00-0020608,,2008,QB,0.8499999642372131,-8.283749997615814
00-0024218,,2008,QB,0.7162500023841858,-8.417499959468842
00-0024225,,2008,QB,0.6912500262260437,-8.442499935626984
00-0025430,D.Stanton,2008,QB,0.6725000143051147,-8.461249947547913
00-0023502,,2008,QB,0.6449999809265137,-8.488749980926514
00-0020613,,2008,QB,0.6087499856948853,-8.524999976158142
00-0006355,,2008,QB,0.5874999761581421,-8.546249985694885
00-0022744,,2008,QB,0.4950000047683716,-8.638749957084656
00-0024300,,2008,QB,0.3774999976158142,-8.756249964237213
00-0022026,,2008,QB,0.3025000095367431,-8.831249952316284
00-0023504,,2008,QB,0.2537499964237213,-8.879999965429306
00-0019596,T.Brady,2008,QB,0.1899999976158142,-8.943749964237213
00-0026197,C.Henne,2008,QB,0.1675000041723251,-8.966249957680702
00-0022864,L.McCown,2008,QB,0.09375,-9.039999961853027
00-0020405,,2008,QB,0.0787499994039535,-9.054999962449074
00-0022039,,2008,QB,0.0600000023841857,-9.073749959468842
00-0022181,,2008,QB,0.050000000745058,-9.08374996110797
00-0026349,,2008,QB,0.0399999991059303,-9.093749962747097
00-0026234,,2008,QB,0.0199999995529651,-9.113749962300062
00-0022005,,2008,QB,0.0175000000745058,-9.116249961778522
00-0023158,,2008,QB,0.0149999996647238,-9.118749962188303
00-0026296,,2008,QB,-0.0112500004470348,-9.144999962300062
00-0020565,,2008,QB,-0.018750000745058,-9.152499962598085
00-0021206,J.McCown,2008,QB,-0.018750000745058,-9.152499962598085
00-0021379,,2008,QB,-0.0775000005960464,-9.211249962449074
00-0024264,K.Clemens,2008,QB,-0.0787499994039535,-9.212499961256981
00-0025592,,2008,QB,-0.1224999949336052,-9.256249956786633
00-0025423,,2008,QB,-0.1274999976158142,-9.261249959468842
00-0024408,,2008,QB,-0.2974999845027923,-9.43124994635582
00-0011958,,2008,,0.8125,
00-0013694,,2008,,0.4937500059604645,
00-0019100,,2008,,0.7312500476837158,
00-0019135,,2008,,0.0,
00-0019587,,2008,,0.2750000059604645,
00-0020507,,2008,,0.699999988079071,
00-0020804,,2008,,0.1187499985098838,
00-0021371,,2008,,0.3375000059604645,
00-0022003,,2008,,2.0625,
00-0022143,,2008,,0.956250011920929,
00-0022397,,2008,,1.774999976158142,
00-0022405,,2008,,1.056249976158142,
00-0022529,,2008,,0.5625,
00-0022796,,2008,,1.4874999523162842,
00-0022886,,2008,,0.518750011920929,
00-0022999,,2008,,1.5687499046325684,
00-0023063,,2008,,4.074999809265137,
00-0023683,,2008,,1.2000000476837158,
00-0023774,,2008,,1.1062500476837158,
00-0024315,,2008,,2.512500047683716,
00-0024394,,2008,,1.306249976158142,
00-0024489,,2008,,2.556250095367432,
00-0025524,,2008,,11.625,
00-0025582,,2008,,0.5625,
00-0025631,,2008,,1.443750023841858,
00-0025672,,2008,,0.3187499940395355,
00-0026033,,2008,,0.731249988079071,
00-0026069,,2008,,2.487499952316284,
00-0026286,,2008,,0.918749988079071,
00-0026303,,2008,,0.6875,
00-0021216,,2007,RB,23.149999618530277,18.656249523162845
00-0020536,,2007,RB,22.973751068115234,18.480000972747803
00-0019596,T.Brady,2007,QB,24.377500534057617,17.796250343322754
00-0011754,,2007,WR,24.081249237060547,16.893749237060547
00-0024245,,2007,RB,17.287500381469727,12.793750286102295
00-0021179,,2007,RB,17.043750762939453,12.550000667572021
00-0020498,,2007,WR,19.337499618530277,12.149999618530277
00-0012478,,2007,WR,19.1875,12.0
00-0022127,J.Witten,2007,TE,15.65625,12.0
00-0021678,,2007,QB,18.47749900817871,11.896248817443848
00-0006101,,2007,TE,15.387499809265137,11.731249809265137
00-0023438,,2007,WR,18.806249618530277,11.618749618530277
00-0020438,,2007,WR,18.606250762939453,11.418750762939453
00-0022921,L.Fitzgerald,2007,WR,18.51249885559082,11.32499885559082
00-0025394,A.Peterson,2007,RB,15.743749618530272,11.24999952316284
00-0019693,,2007,RB,15.443750381469728,10.950000286102297
00-0020397,,2007,WR,17.981250762939453,10.793750762939453
00-0010346,,2007,QB,17.193750381469727,10.612500190734863
00-0023544,,2007,RB,15.09375,10.599999904632568
00-0021547,A.Gates,2007,TE,14.212499618530272,10.556249618530272
00-0024466,,2007,WR,17.637500762939453,10.450000762939453
00-0022427,,2007,WR,17.556249618530273,10.368749618530273
00-0024334,B.Marshall,2007,WR,17.512500762939453,10.325000762939453
00-0023500,F.Gore,2007,RB,14.800000190734863,10.306250095367432
00-0022922,,2007,TE,13.912500381469728,10.256250381469728
00-0021755,,2007,RB,14.324999809265137,9.831249713897705
00-0022178,,2007,RB,14.300000190734863,9.806250095367432
00-0022924,B.Roethlisberger,2007,QB,16.295000076293945,9.713749885559082
00-0020531,D.Brees,2007,QB,16.207500457763672,9.626250267028809
00-0023645,D.Anderson,2007,QB,15.821249961853027,9.239999771118164
00-0024275,,2007,RB,13.34375,8.849999904632568
00-0007091,,2007,QB,15.396249771118164,8.8149995803833
00-0007681,,2007,WR,15.993749618530272,8.806249618530272
00-0005106,,2007,QB,15.217499732971191,8.636249542236328
00-0008241,,2007,RB,13.112500190734863,8.618750095367432
00-0024217,,2007,RB,13.050000190734863,8.556250095367432
00-0022738,,2007,TE,12.162500381469728,8.506250381469728
00-0019808,,2007,RB,12.725000381469728,8.231250286102297
00-0022165,,2007,TE,11.78125,8.125
00-0019642,,2007,WR,15.28125,8.09375
00-0022736,,2007,RB,12.58625030517578,8.092500209808348
00-0004915,,2007,WR,15.168749809265137,7.981249809265137
00-0010500,,2007,WR,14.981249809265137,7.793749809265137
00-0021429,C.Palmer,2007,QB,14.262500762939451,7.681250572204588
00-0025399,M.Lynch,2007,RB,12.138750076293944,7.644999980926512
00-0020337,,2007,WR,14.737500190734863,7.550000190734863
00-0023462,,2007,WR,14.6875,7.5
00-0022984,,2007,RB,11.643750190734863,7.150000095367432
00-0022001,,2007,WR,14.0,6.8125
00-0021314,,2007,RB,11.21875,6.724999904632568
00-0011022,,2007,QB,13.28499984741211,6.703749656677246
00-0022250,,2007,RB,11.0625,6.568749904632568
00-0024226,J.Cutler,2007,QB,13.14875030517578,6.567500114440916
00-0024260,,2007,RB,11.012499809265137,6.518749713897705
00-0024267,,2007,WR,13.5625,6.375
00-0019641,,2007,RB,10.850000381469728,6.356250286102297
00-0017200,,2007,QB,12.866250038146973,6.284999847412109
00-0023437,,2007,RB,10.63124942779541,6.1374993324279785
00-0023545,,2007,RB,10.59375,6.099999904632568
00-0022084,,2007,WR,13.106249809265137,5.918749809265137
00-0022811,,2007,WR,13.043749809265137,5.856249809265137
00-0024313,,2007,TE,9.487500190734863,5.831250190734863
00-0022093,,2007,RB,10.293749809265137,5.799999713897705
00-0016098,,2007,RB,10.1875,5.693749904632568
00-0021981,,2007,WR,12.84375,5.65625
00-0021306,,2007,RB,10.147500038146973,5.653749942779541
00-0023465,,2007,TE,9.100000381469728,5.443750381469728
00-0009311,,2007,QB,11.927499771118164,5.346249580383301
00-0022782,,2007,RB,9.800000190734863,5.306250095367432
00-0025410,,2007,WR,12.46875,5.28125
00-0004541,,2007,WR,12.449999809265137,5.262499809265137
00-0021231,,2007,QB,11.78499984741211,5.203749656677246
00-0024240,,2007,WR,12.368749618530272,5.181249618530272
00-0021929,,2007,TE,8.71875,5.0625
00-0004640,,2007,RB,9.537500381469728,5.043750286102297
00-0005720,,2007,WR,12.15625,4.96875
00-0022803,E.Manning,2007,QB,11.521249771118164,4.939999580383301
00-0021148,,2007,TE,8.59375,4.9375
00-0022807,,2007,WR,12.068750381469728,4.881250381469728
00-0022044,,2007,WR,11.943750381469728,4.756250381469728
00-0017162,,2007,WR,11.893750190734863,4.706250190734863
00-0024276,,2007,TE,8.24375057220459,4.58750057220459
00-0020446,,2007,WR,11.762499809265137,4.574999809265137
00-0021164,,2007,RB,9.056249618530272,4.56249952316284
00-0022942,P.Rivers,2007,QB,11.08625030517578,4.505000114440916
00-0019643,,2007,RB,8.84375,4.349999904632568
00-0021999,,2007,WR,11.487500190734863,4.300000190734863
00-0024242,,2007,RB,8.712499618530273,4.218749523162842
00-0024221,V.Davis,2007,TE,7.806250095367432,4.150000095367432
00-0024236,,2007,RB,8.568750381469727,4.075000286102295
00-0003035,,2007,TE,7.65625,4.0
00-0021182,,2007,RB,8.443750381469727,3.950000286102295
00-0024549,,2007,RB,8.4375,3.9437499046325684
00-0021931,,2007,WR,11.125,3.9375
00-0021190,,2007,RB,8.266249656677246,3.7724995613098145
00-0022909,,2007,WR,10.918749809265137,3.7312498092651367
00-0015601,,2007,RB,8.181249618530273,3.687499523162842
00-0024332,,2007,RB,8.1274995803833,3.633749485015869
00-0020285,,2007,TE,7.274999618530273,3.6187496185302734
00-0021976,,2007,RB,8.03125,3.5374999046325684
00-0021252,,2007,RB,8.018750190734863,3.5250000953674316
00-0022910,,2007,WR,10.618749618530272,3.4312496185302717
00-0022770,,2007,RB,7.881249904632568,3.3874998092651367
00-0020462,,2007,RB,7.849999904632568,3.3562498092651367
00-0022943,B.Watson,2007,TE,7.0,3.34375
00-0023470,,2007,WR,10.412500381469728,3.2250003814697283
00-0019647,,2007,RB,7.699999809265137,3.206249713897705
00-0024294,,2007,RB,7.699999809265137,3.206249713897705
00-0024218,,2007,QB,9.708749771118164,3.127499580383301
00-0005755,,2007,QB,9.699999809265137,3.1187496185302734
00-0005091,,2007,RB,7.381249904632568,2.8874998092651367
00-0025425,,2007,TE,6.525000095367432,2.8687500953674316
00-0023439,,2007,RB,7.318749904632568,2.8249998092651367
00-0022766,,2007,WR,9.981249809265137,2.7937498092651367
00-0025389,,2007,WR,9.925000190734863,2.7375001907348633
00-0022889,,2007,WR,9.856249809265137,2.6687498092651367
00-0020494,,2007,WR,9.818750381469728,2.6312503814697283
00-0022840,,2007,RB,7.106249809265137,2.612499713897705
00-0021236,,2007,TE,6.243750095367432,2.5875000953674316
00-0023460,,2007,QB,9.162500381469728,2.581250190734865
00-0018958,,2007,WR,9.72499942779541,2.53749942779541
00-0021337,,2007,WR,9.675000190734863,2.4875001907348633
00-0021213,,2007,TE,6.131249904632568,2.4749999046325684
00-0020455,,2007,TE,6.112500190734863,2.4562501907348633
00-0024369,,2007,TE,6.037499904632568,2.3812499046325684
00-0016550,,2007,WR,9.5625,2.375
00-0002099,,2007,WR,9.493749618530272,2.3062496185302717
00-0019703,,2007,WR,9.40625,2.21875
00-0022092,,2007,RB,6.637499809265137,2.143749713897705
00-0023570,,2007,WR,9.324999809265137,2.1374998092651367
00-0012642,,2007,WR,9.293749809265137,2.1062498092651367
00-0025418,G.Olsen,2007,TE,5.756249904632568,2.0999999046325684
00-0020471,,2007,RB,6.537499904632568,2.0437498092651367
00-0023612,,2007,TE,5.631249904632568,1.9749999046325684
00-0023506,,2007,TE,5.53125,1.875
00-0024243,M.Lewis,2007,TE,5.506249904632568,1.8499999046325684
00-0022064,,2007,WR,9.02500057220459,1.8375005722045898
00-0021982,,2007,WR,8.875,1.6875
00-0020820,,2007,RB,6.162499904632568,1.6687498092651367
00-0022206,,2007,RB,6.125,1.6312499046325684
00-0024279,,2007,QB,8.15250015258789,1.5712499618530273
00-0021192,,2007,WR,8.693750381469727,1.5062503814697266
00-0020407,,2007,RB,5.981249809265137,1.487499713897705
00-0007468,,2007,WR,8.550000190734863,1.3625001907348633
00-0021147,,2007,WR,8.431249618530273,1.2437496185302734
00-0022144,,2007,WR,8.40625,1.21875
00-0019281,,2007,WR,8.337499618530273,1.1499996185302734
00-0015754,,2007,WR,8.306249618530273,1.1187496185302734
00-0020332,,2007,TE,4.768750190734863,1.1125001907348633
00-0025535,,2007,RB,5.59375,1.0999999046325684
00-0008962,,2007,WR,8.212499618530273,1.0249996185302734
00-0024287,,2007,TE,4.675000190734863,1.0187501907348633
00-0019650,,2007,WR,8.175000190734863,0.9875001907348633
00-0022781,,2007,WR,8.137499809265137,0.9499998092651367
00-0021175,,2007,WR,8.081250190734863,0.8937501907348633
00-0011236,,2007,TE,4.487500190734863,0.8312501907348633
00-0022555,,2007,TE,4.462500095367432,0.8062500953674316
00-0022130,,2007,RB,5.287499904632568,0.7937498092651367
00-0021184,,2007,RB,5.118750095367432,0.625
00-0013080,,2007,TE,4.206250190734863,0.5500001907348633
00-0025465,,2007,WR,7.662499904632568,0.47499990463256836
00-0022288,,2007,RB,4.931250095367432,0.4375
00-0025439,,2007,RB,4.912499904632568,0.4187498092651367
00-0023496,,2007,WR,7.581250190734863,0.3937501907348633
00-0021273,,2007,TE,3.9875001907348633,0.3312501907348633
00-0021227,,2007,TE,3.987499952316284,0.3312499523162842
00-0020480,,2007,QB,6.903749942779541,0.32249975204467773
00-0020565,,2007,QB,6.882499694824219,0.30124950408935547
00-0022054,,2007,TE,3.956249952316284,0.2999999523162842
00-0020270,,2007,RB,4.75,0.25624990463256836
00-0024380,,2007,TE,3.912499904632568,0.2562499046325679
00-0019610,,2007,RB,4.712500095367432,0.21875
00-0021159,,2007,TE,3.806250095367432,0.15000009536743208
00-0021154,,2007,TE,3.787499904632568,0.13124990463256792
00-0022787,M.Schaub,2007,QB,6.677499771118164,0.09624958038330078
00-0024813,,2007,RB,4.581250190734863,0.08750009536743164
00-0011795,,2007,WR,7.1875,0.0
00-0013013,,2007,RB,4.493750095367432,0.0
00-0021141,,2007,QB,6.581250190734863,0.0
00-0022706,,2007,TE,3.65625,0.0
00-0023252,R.Gould,2007,K,0.0,0.0
00-0022901,,2007,WR,7.175000190734863,-0.012499809265136719
00-0019599,,2007,QB,6.561249732971191,-0.020000457763671875
00-0024204,,2007,RB,4.4375,-0.05625009536743164
00-0022879,,2007,WR,7.106250286102295,-0.08124971389770508
00-0019663,,2007,WR,7.106249809265137,-0.08125019073486328
00-0025419,,2007,WR,7.037499904632568,-0.15000009536743164
00-0007835,,2007,QB,6.386250019073486,-0.19500017166137695
00-0019559,,2007,QB,6.365000247955322,-0.21624994277954102
00-0014655,,2007,TE,3.40625,-0.25
00-0021163,,2007,WR,6.931250095367432,-0.25624990463256836
00-0001477,,2007,WR,6.925000190734863,-0.2624998092651367
00-0023479,,2007,RB,4.181250095367432,-0.3125
00-0021166,,2007,WR,6.862500190734863,-0.3249998092651367
00-0022156,,2007,WR,6.84375,-0.34375
00-0020516,,2007,TE,3.306250095367432,-0.3499999046325679
00-0019484,,2007,RB,4.118750095367432,-0.375
00-0006305,,2007,RB,4.018750190734863,-0.47499990463256836
00-0025458,,2007,RB,4.012499809265137,-0.4812502861022949
00-0023074,,2007,RB,3.974999904632568,-0.5187501907348637
00-0022126,,2007,TE,3.0999999046325684,-0.5562500953674316
00-0019644,,2007,TE,3.075000047683716,-0.5812499523162842
00-0025450,,2007,RB,3.8562498092651367,-0.6375002861022949
00-0021376,,2007,RB,3.806250095367432,-0.6874999999999996
00-0023367,,2007,WR,6.5,-0.6875
00-0023508,,2007,RB,3.793750047683716,-0.7000000476837158
00-0025615,,2007,RB,3.787499904632568,-0.7062501907348637
00-0022714,,2007,TE,2.918750047683716,-0.7374999523162842
00-0020514,,2007,RB,3.6750001907348633,-0.8187499046325684
00-0023457,,2007,WR,6.318749904632568,-0.8687500953674316
00-0024389,De.Walker,2007,TE,2.775000095367432,-0.8812499046325679
00-0022897,,2007,RB,3.549999952316284,-0.9437501430511475
00-0022724,,2007,TE,2.637500047683716,-1.0187499523162842
00-0006423,,2007,QB,5.557499885559082,-1.0237503051757812
00-0024850,,2007,RB,3.46875,-1.0250000953674316
00-0025431,,2007,WR,6.147500038146973,-1.0399999618530273
00-0009119,,2007,TE,2.5687499046325684,-1.0875000953674316
00-0024272,,2007,WR,6.056249618530273,-1.1312503814697266
00-0023564,D.Sproles,2007,RB,3.34375,-1.1500000953674316
00-0022164,,2007,QB,5.413750171661377,-1.1675000190734863
00-0025549,B.Celek,2007,TE,2.487499952316284,-1.1687500476837158
00-0021756,,2007,TE,2.450000047683716,-1.2062499523162842
00-0019863,,2007,RB,3.2624998092651367,-1.231250286102295
00-0025396,T.Ginn,2007,WR,5.893750190734863,-1.2937498092651367
00-0022011,,2007,RB,3.200000047683716,-1.2937500476837158
00-0021980,,2007,TE,2.206249952316284,-1.4500000476837158
00-0025479,,2007,QB,5.131249904632568,-1.450000286102295
00-0021317,,2007,TE,2.143749952316284,-1.5125000476837158
00-0024268,A.Fasano,2007,TE,2.143749952316284,-1.5125000476837158
00-0024318,,2007,QB,5.0625,-1.5187501907348633
00-0023490,,2007,WR,5.631249904632568,-1.5562500953674316
00-0003739,,2007,QB,4.992499828338623,-1.5887503623962402
00-0025540,,2007,TE,2.049999952316284,-1.6062500476837158
00-0019976,,2007,WR,5.53125,-1.65625
00-0022701,,2007,WR,5.525000095367432,-1.6624999046325684
00-0021845,,2007,RB,2.6875,-1.8062500953674316
00-0024264,K.Clemens,2007,QB,4.766250133514404,-1.815000057220459
00-0022893,,2007,RB,2.65625,-1.8375000953674316
00-0023764,,2007,RB,2.65625,-1.8375000953674316
00-0025542,,2007,TE,1.7999999523162842,-1.8562500476837158
00-0021525,,2007,TE,1.78125,-1.875
00-0025462,,2007,WR,5.293749809265137,-1.8937501907348633
00-0021206,J.McCown,2007,QB,4.683750152587891,-1.8975000381469727
00-0001661,,2007,TE,1.75,-1.90625
00-0021084,,2007,TE,1.7374999523162842,-1.9187500476837158
00-0022821,,2007,RB,2.575000047683716,-1.9187500476837158
00-0025464,,2007,TE,1.649999976158142,-2.006250023841858
00-0020613,,2007,QB,4.571249961853027,-2.010000228881836
00-0025602,,2007,TE,1.6437499523162842,-2.012500047683716
00-0023440,,2007,RB,2.46875,-2.0250000953674316
00-0020403,,2007,RB,2.462500095367432,-2.0312499999999996
00-0019709,,2007,QB,4.547500133514404,-2.033750057220459
00-0022847,,2007,TE,1.6124999523162842,-2.043750047683716
00-0020797,,2007,RB,2.393749952316284,-2.1000001430511475
00-0020342,,2007,TE,1.537500023841858,-2.118749976158142
00-0022929,,2007,WR,5.056250095367432,-2.1312499046325684
00-0023310,,2007,WR,5.056250095367432,-2.1312499046325684
00-0023897,,2007,TE,1.5125000476837158,-2.143749952316284
00-0024607,,2007,TE,1.5125000476837158,-2.143749952316284
00-0024297,,2007,WR,5.018750190734863,-2.1687498092651367
00-0023456,,2007,WR,4.981249809265137,-2.2062501907348633
00-0023179,,2007,TE,1.4249999523162842,-2.231250047683716
00-0019127,,2007,TE,1.4187500476837158,-2.237499952316284
00-0023784,,2007,TE,1.412500023841858,-2.243749976158142
00-0007213,,2007,TE,1.399999976158142,-2.256250023841858
00-0022041,,2007,TE,1.3812499046325684,-2.2750000953674316
00-0025437,,2007,RB,2.200000047683716,-2.293750047683716
00-0023630,,2007,TE,1.34375,-2.3125
00-0005101,,2007,TE,1.306249976158142,-2.350000023841858
00-0020428,,2007,WR,4.818749904632568,-2.3687500953674316
00-0019457,,2007,TE,1.1875,-2.46875
00-0024069,,2007,TE,1.100000023841858,-2.556249976158142
00-0019794,,2007,RB,1.918750047683716,-2.575000047683716
00-0023806,,2007,RB,1.887500047683716,-2.606250047683716
00-0021100,,2007,TE,0.993749976158142,-2.662500023841858
00-0025480,,2007,RB,1.825000047683716,-2.668750047683716
00-0022864,L.McCown,2007,QB,3.878750085830689,-2.7025001049041744
00-0025637,,2007,RB,1.7625000476837158,-2.731250047683716
00-0009323,,2007,TE,0.8937499523162842,-2.762500047683716
00-0020448,,2007,RB,1.7125000953674316,-2.78125
00-0025520,,2007,TE,0.875,-2.78125
00-0020127,,2007,TE,0.8624999523162842,-2.793750047683716
00-0024170,,2007,TE,0.7999999523162842,-2.856250047683716
00-0022912,,2007,QB,3.697499990463257,-2.8837502002716064
00-0022739,,2007,WR,4.287499904632568,-2.9000000953674316
00-0020985,,2007,TE,0.7374999523162842,-2.918750047683716
00-0024261,,2007,TE,0.7312500476837158,-2.924999952316284
00-0022746,,2007,TE,0.7124999761581421,-2.943750023841858
00-0021403,,2007,TE,0.699999988079071,-2.956250011920929
00-0023518,,2007,WR,4.206250190734863,-2.9812498092651367
00-0004161,,2007,QB,3.5799999237060547,-3.0012502670288086
00-0021647,,2007,WR,4.181249618530273,-3.0062503814697266
00-0022434,,2007,RB,1.4812500476837158,-3.012500047683716
00-0024300,,2007,QB,3.555000066757202,-3.026250123977661
00-0011770,,2007,WR,4.137499809265137,-3.0500001907348633
00-0022916,,2007,TE,0.5999999642372131,-3.056250035762787
00-0022754,,2007,WR,4.09375,-3.09375
00-0007661,,2007,RB,1.399999976158142,-3.0937501192092896
00-0023251,,2007,RB,1.3937499523162842,-3.1000001430511475
00-0024682,,2007,TE,0.550000011920929,-3.106249988079071
00-0022726,,2007,WR,4.074999809265137,-3.1125001907348633
00-0022217,,2007,RB,1.368749976158142,-3.1250001192092896
00-0024308,,2007,TE,0.5249999761581421,-3.131250023841858
00-0022121,,2007,QB,3.421250104904175,-3.1600000858306885
00-0016677,,2007,TE,0.4937500059604645,-3.1624999940395355
00-0022421,,2007,WR,4.012500286102295,-3.174999713897705
00-0022817,,2007,TE,0.4749999940395355,-3.1812500059604645
00-0024404,,2007,WR,4.0,-3.1875
00-0024324,,2007,WR,3.862499952316284,-3.325000047683716
00-0023531,,2007,WR,3.84375,-3.34375
00-0025494,,2007,RB,1.149999976158142,-3.3437501192092896
00-0025609,,2007,TE,0.3062500059604645,-3.3499999940395355
00-0003315,,2007,QB,3.226249933242798,-3.3550002574920654
00-0024359,,2007,RB,1.1312499046325684,-3.3625001907348633
00-0024321,,2007,TE,0.2874999940395355,-3.3687500059604645
00-0020805,,2007,RB,1.125,-3.3687500953674316
00-0021304,,2007,TE,0.2750000059604645,-3.3812499940395355
00-0018578,,2007,TE,0.2125000059604644,-3.4437499940395355
00-0021255,,2007,TE,0.2062499970197677,-3.4500000029802322
00-0022060,,2007,TE,0.2062499970197677,-3.4500000029802322
00-0020022,,2007,RB,1.037500023841858,-3.4562500715255737
00-0022759,,2007,TE,0.1937499940395355,-3.4625000059604645
00-0004637,,2007,TE,0.1812500059604644,-3.4749999940395355
00-0024698,,2007,RB,0.9937500357627868,-3.5000000596046448
00-0024067,,2007,TE,0.1500000059604644,-3.5062499940395355
00-0004293,,2007,QB,3.071249961853028,-3.5100002288818355
00-0022582,,2007,TE,0.1187499985098838,-3.537500001490116
00-0024301,,2007,TE,0.1187499985098838,-3.537500001490116
00-0006355,,2007,QB,3.0425000190734863,-3.538750171661377
00-0020550,,2007,TE,0.1124999970197677,-3.5437500029802322
00-0023051,,2007,TE,0.1062500029802322,-3.5499999970197678
00-0009443,,2007,TE,0.09375,-3.5625
00-0024077,,2007,TE,0.09375,-3.5625
00-0022797,,2007,RB,0.9249999523162842,-3.5687501430511475
00-0023521,,2007,TE,0.0812499970197677,-3.5750000029802322
00-0024172,,2007,RB,0.918749988079071,-3.5750001072883606
00-0002565,,2007,TE,0.0687500014901161,-3.587499998509884
00-0021508,,2007,WR,3.59375,-3.59375
00-0020391,,2007,RB,0.8999999761581421,-3.5937501192092896
00-0007744,,2007,WR,3.581249952316284,-3.606250047683716
00-0023953,,2007,WR,3.525000095367432,-3.662499904632568
00-0025578,,2007,RB,0.8062500357627869,-3.6875000596046448
00-0020527,,2007,RB,0.793749988079071,-3.7000001072883606
00-0016193,,2007,QB,2.852499961853028,-3.7287502288818355
00-0025498,,2007,RB,0.7562500238418579,-3.7375000715255737
00-0025701,,2007,RB,0.7562500238418579,-3.7375000715255737
00-0024289,,2007,RB,0.75,-3.7437500953674316
00-0020508,,2007,RB,0.71875,-3.7750000953674316
00-0005589,,2007,QB,2.8037500381469727,-3.7775001525878906
00-0021153,,2007,WR,3.400000095367432,-3.787499904632568
00-0022725,,2007,WR,3.3937501907348637,-3.7937498092651363
00-0019594,,2007,RB,0.675000011920929,-3.8187500834465027
00-0010668,,2007,WR,3.3500001430511475,-3.8374998569488525
00-0022057,,2007,RB,0.6312500238418579,-3.8625000715255737
00-0022883,,2007,RB,0.6000000238418579,-3.8937500715255737
00-0020490,,2007,WR,3.2249999046325684,-3.9625000953674316
00-0020679,,2007,QB,2.59000015258789,-3.991250038146973
00-0023442,,2007,WR,3.181250095367432,-4.006249904632568
00-0025477,,2007,RB,0.4749999940395355,-4.018750101327896
00-0007024,,2007,WR,3.1687498092651367,-4.018750190734863
00-0020452,,2007,WR,3.1499998569488525,-4.0375001430511475
00-0024326,,2007,WR,3.0625,-4.125
00-0023192,,2007,RB,0.3374999761581421,-4.1562501192092896
00-0023714,,2007,RB,0.293749988079071,-4.200000107288361
00-0022006,,2007,RB,0.2874999940395355,-4.206250101327896
00-0025633,,2007,RB,0.28125,-4.212500095367432
00-0023858,,2007,RB,0.2250000089406967,-4.268750086426735
00-0023591,,2007,RB,0.2249999940395355,-4.268750101327896
00-0025417,,2007,WR,2.856250047683716,-4.331249952316284
00-0024625,,2007,RB,0.1437500119209289,-4.350000083446503
00-0021509,,2007,RB,0.1312499940395355,-4.362500101327896
00-0024846,,2007,RB,0.1312499940395355,-4.362500101327896
00-0023436,A.Smith,2007,QB,2.216249942779541,-4.365000247955322
00-0021936,,2007,RB,0.1000000014901161,-4.3937500938773155
00-0023891,,2007,RB,0.0750000029802322,-4.418750092387199
00-0023561,,2007,RB,0.0687500014901161,-4.4250000938773155
00-0011024,,2007,QB,2.1075000762939453,-4.473750114440918
00-0020305,,2007,QB,2.096250057220459,-4.485000133514404
00-0025561,,2007,QB,2.0924999713897705,-4.488750219345093
00-0024011,,2007,RB,7.450580596923828e-09,-4.493750087916851
00-0003663,,2007,RB,0.0,-4.493750095367432
00-0021357,,2007,RB,0.0,-4.493750095367432
00-0020608,,2007,QB,2.081249952316284,-4.500000238418579
00-0017915,,2007,RB,-0.03125,-4.525000095367432
00-0020381,,2007,WR,2.637500047683716,-4.549999952316284
00-0024259,,2007,WR,2.618750095367432,-4.568749904632568
00-0025708,M.Moore,2007,QB,1.981250047683716,-4.6000001430511475
00-0024174,,2007,WR,2.549999952316284,-4.637500047683716
00-0019997,,2007,WR,2.525000095367432,-4.662499904632568
00-0024225,,2007,QB,1.8799999952316284,-4.701250195503235
00-0022388,,2007,WR,2.4749999046325684,-4.712500095367432
00-0023541,,2007,QB,1.806249976158142,-4.775000214576721
00-0022613,,2007,WR,2.28125,-4.90625
00-0024013,,2007,WR,2.262500047683716,-4.924999952316284
00-0007576,,2007,QB,1.652500033378601,-4.928750157356262
00-0023408,,2007,WR,2.25,-4.9375
00-0024463,,2007,WR,2.25,-4.9375
00-0023429,,2007,WR,2.09375,-5.09375
00-0023176,,2007,WR,2.049999952316284,-5.137500047683716
00-0016440,,2007,WR,1.981250047683716,-5.206249952316284
00-0024465,,2007,WR,1.943750023841858,-5.243749976158142
00-0022055,,2007,QB,1.3125,-5.268750190734863
00-0025427,,2007,QB,1.222499966621399,-5.358750224113464
00-0022026,,2007,QB,1.215000033378601,-5.366250157356262
00-0021176,,2007,WR,1.818750023841858,-5.368749976158142
00-0004673,,2007,WR,1.8125,-5.375
00-0003292,,2007,QB,1.183750033378601,-5.397500157356262
00-0025460,,2007,WR,1.7374999523162842,-5.450000047683716
00-0021174,,2007,WR,1.6062500476837158,-5.581249952316284
00-0023459,A.Rodgers,2007,QB,0.9762499928474426,-5.605000197887421
00-0019552,,2007,WR,1.568750023841858,-5.618749976158142
00-0023551,,2007,WR,1.5625,-5.625
00-0024305,,2007,WR,1.5374999046325684,-5.650000095367432
00-0025529,,2007,WR,1.5,-5.6875
00-0025533,,2007,WR,1.475000023841858,-5.712499976158142
00-0009163,,2007,WR,1.4749999046325684,-5.712500095367432
00-0025388,,2007,QB,0.8324999809265137,-5.74875020980835
00-0019623,,2007,QB,0.8162499666213989,-5.765000224113464
00-0025616,,2007,WR,1.412500023841858,-5.774999976158142
00-0011641,,2007,WR,1.399999976158142,-5.787500023841858
00-0021152,,2007,WR,1.34375,-5.84375
00-0022403,,2007,WR,1.3125,-5.875
00-0021379,,2007,QB,0.6924999952316284,-5.888750195503235
00-0000865,,2007,QB,0.6612499952316284,-5.920000195503235
00-0023474,,2007,WR,1.1937499046325684,-5.993750095367432
00-0022744,,2007,QB,0.5550000071525574,-6.026250183582306
00-0024398,,2007,WR,1.1375000476837158,-6.049999952316284
00-0020434,,2007,QB,0.5099999904632568,-6.0712502002716064
00-0024358,,2007,WR,1.1062500476837158,-6.081249952316284
00-0022177,,2007,QB,0.4912499785423279,-6.090000212192535
00-0019302,,2007,WR,1.0812499523162842,-6.106250047683716
00-0022414,,2007,WR,1.0437500476837158,-6.143749952316284
00-0024447,,2007,WR,1.037500023841858,-6.149999976158142
00-0025461,,2007,WR,1.03125,-6.15625
00-0023662,M.Cassel,2007,QB,0.4199999868869781,-6.161250203847885
00-0021277,,2007,QB,0.3824999928474426,-6.198750197887421
00-0019539,,2007,WR,0.96875,-6.21875
00-0025559,,2007,WR,0.931249976158142,-6.256250023841858
00-0024408,,2007,QB,0.3250000178813934,-6.25625017285347
00-0024171,,2007,WR,0.918749988079071,-6.268750011920929
00-0021780,,2007,WR,0.90625,-6.28125
00-0025432,,2007,WR,0.9000000357627869,-6.287499964237213
00-0025438,,2007,WR,0.893750011920929,-6.293749988079071
00-0023452,,2007,WR,0.875,-6.3125
00-0013232,,2007,WR,0.8625000715255737,-6.324999928474426
00-0022240,,2007,WR,0.824999988079071,-6.362500011920929
00-0024148,,2007,WR,0.824999988079071,-6.362500011920929
00-0021296,,2007,QB,0.1825000047683715,-6.398750185966492
00-0023921,,2007,WR,0.7875000238418579,-6.399999976158142
00-0020617,,2007,WR,0.7749999761581421,-6.412500023841858
00-0008442,,2007,QB,0.166250005364418,-6.415000185370445
00-0022124,,2007,WR,0.7625000476837158,-6.424999952316284
00-0025409,,2007,QB,0.1124999970197677,-6.4687501937150955
00-0023504,,2007,QB,0.0949999988079071,-6.486250191926956
00-0025486,,2007,WR,0.6937500238418579,-6.493749976158142
00-0022590,,2007,QB,0.0824999958276748,-6.498750194907188
00-0023158,,2007,QB,0.0324999988079071,-6.548750191926956
00-0018272,,2007,QB,0.0237499997019767,-6.5575001910328865
00-0019242,,2007,WR,0.612500011920929,-6.574999988079071
00-0019816,,2007,QB,-0.0062500000931322,-6.5875001908279955
00-0024310,,2007,WR,0.5875000357627869,-6.599999964237213
00-0010455,,2007,QB,-0.018750000745058,-6.600000191479921
00-0025604,,2007,QB,-0.0225000008940696,-6.603750191628933
00-0023502,,2007,QB,-0.0337500013411045,-6.615000192075968
00-0024824,,2007,QB,-0.0437499992549419,-6.625000189989805
00-0025584,,2007,WR,0.550000011920929,-6.637499988079071
00-0025515,,2007,WR,0.543749988079071,-6.643750011920929
00-0023549,,2007,WR,0.53125,-6.65625
00-0024340,,2007,WR,0.5062500238418579,-6.681249976158142
00-0021927,,2007,WR,0.46875,-6.71875
00-0025505,,2007,WR,0.46875,-6.71875
00-0025423,,2007,QB,-0.1375000029802322,-6.7187501937150955
00-0023928,,2007,WR,0.4312500059604645,-6.7562499940395355
00-0024345,,2007,WR,0.418749988079071,-6.768750011920929
00-0023968,,2007,WR,0.375,-6.8125
00-0019041,,2007,QB,-0.2787500023841858,-6.860000193119049
00-0021570,,2007,WR,0.2687500119209289,-6.918749988079071
00-0023790,,2007,WR,0.2687500119209289,-6.918749988079071
00-0022097,,2007,WR,0.2125000059604644,-6.9749999940395355
00-0024542,,2007,WR,0.1812500059604644,-7.0062499940395355
00-0023623,,2007,WR,0.1624999940395355,-7.0250000059604645
00-0023822,,2007,WR,0.1437499970197677,-7.043750002980232
00-0024756,,2007,WR,0.1312499940395355,-7.0562500059604645
00-0021915,,2007,WR,0.125,-7.0625
00-0024553,,2007,WR,0.1000000014901161,-7.087499998509884
00-0025463,,2007,WR,0.1000000014901161,-7.087499998509884
00-0025794,,2007,WR,0.0999999940395355,-7.0875000059604645
00-0023655,,2007,WR,0.09375,-7.09375
00-0019721,,2007,WR,0.0874999985098838,-7.100000001490116
00-0025636,,2007,WR,0.03125,-7.15625
00-0020692,,2007,WR,-0.018750000745058,-7.206250000745058
00-0011958,,2007,,1.21875,
00-0013694,,2007,,1.3250000476837158,
00-0015830,,2007,,1.131250023841858,
00-0019100,,2007,,1.2312500476837158,
00-0019135,,2007,,0.1687500029802322,
00-0019587,,2007,,0.824999988079071,
00-0020507,,2007,,2.400000095367432,
00-0021279,,2007,,0.1375000029802322,
00-0022003,,2007,,2.21875,
00-0022141,,2007,,1.1062500476837158,
00-0022143,,2007,,1.0187499523162842,
00-0022290,,2007,,0.1187499985098838,
00-0022397,,2007,,3.25,
00-0022529,,2007,,0.8875000476837158,
00-0022796,,2007,,2.15625,
00-0022999,,2007,,0.1687500029802322,
00-0023063,,2007,,5.681250095367432,
00-0023572,,2007,,0.2125000059604644,
00-0023683,,2007,,0.7625000476837158,
00-0023774,,2007,,0.2000000029802322,
00-0024315,,2007,,1.899999976158142,
00-0024364,,2007,,0.1062500029802322,
00-0024394,,2007,,2.3999998569488525,
00-0024489,,2007,,0.987500011920929,
00-0025337,,2007,,0.4812500178813934,
00-0025524,,2007,,1.2687499523162842,
00-0025562,,2007,,0.0687500014901161,
00-0025568,,2007,,0.1875,
00-0025582,,2007,,0.71875,
00-0025631,,2007,,0.643750011920929,
00-0020536,,2006,RB,30.068750381469727,25.793750286102295
00-0022736,,2006,RB,25.962499618530277,21.687499523162845
00-0021976,,2006,RB,23.181249618530277,18.906249523162845
00-0021216,,2006,RB,20.662500381469727,16.387500286102295
00-0023500,F.Gore,2006,RB,20.0625,15.787499904632568
00-0000745,,2006,RB,18.668750762939453,14.393750667572021
00-0022250,,2006,RB,18.037500381469727,13.762500286102295
00-0024275,,2006,RB,17.356250762939453,13.081250667572021
00-0024217,,2006,RB,16.725000381469727,12.450000286102295
00-0007024,,2006,WR,18.850000381469727,11.856250286102295
00-0010346,,2006,QB,19.342500686645508,11.251250267028809
00-0012478,,2006,WR,17.6875,10.693749904632568
00-0021547,A.Gates,2006,TE,13.587499618530272,10.549999713897703
00-0021184,,2006,RB,14.806249618530272,10.53124952316284
00-0020407,,2006,RB,14.637499809265137,10.362499713897705
00-0020498,,2006,WR,17.0625,10.068749904632568
00-0007681,,2006,WR,16.862499237060547,9.868749141693115
00-0004541,,2006,WR,16.837499618530273,9.843749523162842
00-0020527,,2006,RB,14.118749618530272,9.84374952316284
00-0024245,,2006,RB,14.037500381469728,9.762500286102297
00-0020397,,2006,WR,16.649999618530273,9.656249523162842
00-0006305,,2006,RB,13.931249618530272,9.65624952316284
00-0021314,,2006,RB,13.887499809265137,9.612499713897705
00-0022782,,2006,RB,13.743749618530272,9.46874952316284
00-0020337,,2006,WR,16.231250762939453,9.237500667572021
00-0022910,,2006,WR,16.193750381469727,9.200000286102295
00-0006101,,2006,TE,12.1875,9.150000095367432
00-0022922,,2006,TE,12.15625,9.118750095367432
00-0020438,,2006,WR,15.793749809265137,8.799999713897705
00-0022909,,2006,WR,15.699999809265137,8.706249713897705
00-0019641,,2006,RB,12.858750343322754,8.583750247955322
00-0008241,,2006,RB,12.850000381469728,8.575000286102297
00-0022044,,2006,WR,15.568750381469728,8.575000286102297
00-0020516,,2006,TE,11.59375,8.556250095367432
00-0023544,,2006,RB,12.75,8.474999904632568
00-0020245,,2006,QB,16.497499465942383,8.406249046325684
00-0020285,,2006,TE,11.375,8.337500095367432
00-0021153,,2006,WR,15.231249809265137,8.237499713897705
00-0020531,D.Brees,2006,QB,16.260000228881836,8.168749809265137
00-0019281,,2006,WR,15.037500381469728,8.043750286102297
00-0018958,,2006,WR,14.887499809265137,7.893749713897705
00-0016098,,2006,RB,12.112500190734863,7.837500095367432
00-0019693,,2006,RB,12.043749809265137,7.768749713897705
00-0019599,,2006,QB,15.77750015258789,7.686249732971191
00-0021148,,2006,TE,10.643750190734863,7.606250286102295
00-0020471,,2006,RB,11.806249618530272,7.53124952316284
00-0022738,,2006,TE,10.524999618530272,7.487499713897703
00-0022084,,2006,WR,14.381250381469728,7.387500286102297
00-0023437,,2006,RB,11.568750381469728,7.293750286102297
00-0004304,,2006,RB,11.556249618530272,7.28124952316284
00-0004640,,2006,RB,11.4375,7.162499904632568
00-0024466,,2006,WR,13.862500190734863,6.868750095367432
00-0019642,,2006,WR,13.737500190734863,6.743750095367432
00-0021429,C.Palmer,2006,QB,14.80875015258789,6.717499732971191
00-0019663,,2006,WR,13.662500381469728,6.668750286102297
00-0022811,,2006,WR,13.537500381469728,6.543750286102297
00-0006043,,2006,WR,13.237500190734863,6.243750095367432
00-0005720,,2006,WR,13.162500381469728,6.168750286102297
00-0022127,J.Witten,2006,TE,9.087499618530272,6.049999713897703
00-0017162,,2006,WR,13.03125,6.037499904632568
00-0022178,,2006,RB,10.28749942779541,6.0124993324279785
00-0021236,,2006,TE,9.0,5.962500095367432
00-0003035,,2006,TE,8.975000381469727,5.937500476837158
00-0022126,,2006,TE,8.943750381469727,5.906250476837158
00-0002099,,2006,WR,12.737500190734863,5.743750095367432
00-0019596,T.Brady,2006,QB,13.720000267028809,5.628749847412109
00-0009311,,2006,QB,13.619999885559082,5.528749465942383
00-0024236,,2006,RB,9.743749618530272,5.46874952316284
00-0022921,L.Fitzgerald,2006,WR,12.412500381469728,5.418750286102297
00-0022840,,2006,RB,9.600000381469728,5.325000286102297
00-0021164,,2006,RB,9.475000381469728,5.200000286102297
00-0022943,B.Watson,2006,TE,8.231249809265137,5.193749904632568
00-0024011,,2006,RB,9.46875,5.193749904632568
00-0019863,,2006,RB,9.324999809265137,5.049999713897705
00-0022942,P.Rivers,2006,QB,13.048749923706056,4.957499504089357
00-0023457,,2006,WR,11.743749618530272,4.74999952316284
00-0023470,,2006,WR,11.6875,4.693749904632568
00-0019647,,2006,RB,8.899999618530273,4.624999523162842
00-0024218,,2006,QB,12.703749656677246,4.612499237060547
00-0023438,,2006,WR,11.568750381469728,4.575000286102297
00-0022893,,2006,RB,8.75,4.474999904632568
00-0024332,,2006,RB,8.6875,4.412499904632568
00-0011022,,2006,QB,12.480000495910645,4.388750076293945
00-0020494,,2006,WR,11.262499809265137,4.268749713897705
00-0019610,,2006,RB,8.481249809265137,4.206249713897705
00-0008561,,2006,WR,11.11875057220459,4.125000476837158
00-0011795,,2006,WR,10.893750190734863,3.9000000953674316
00-0022803,E.Manning,2006,QB,11.991250038146973,3.8999996185302734
00-0023440,,2006,RB,8.087499618530273,3.812499523162842
00-0005106,,2006,QB,11.887499809265137,3.7962493896484375
00-0021179,,2006,RB,8.018750190734863,3.7437500953674316
00-0001477,,2006,WR,10.725000381469728,3.7312502861022967
00-0009163,,2006,WR,10.662500381469728,3.6687502861022967
00-0024242,,2006,RB,7.900000095367432,3.625
00-0024384,,2006,RB,7.8125,3.5374999046325684
00-0022924,B.Roethlisberger,2006,QB,11.557499885559082,3.466249465942383
00-0023465,,2006,TE,6.456249713897705,3.4187498092651367
00-0022217,,2006,RB,7.65625,3.3812499046325684
00-0023545,,2006,RB,7.512499809265137,3.237499713897705
00-0022807,,2006,WR,10.1875,3.1937499046325684
00-0024313,,2006,TE,6.1875,3.1500000953674316
00-0013013,,2006,RB,7.375,3.0999999046325684
00-0021176,,2006,WR,10.09375,3.0999999046325684
00-0011024,,2006,QB,11.118749618530272,3.0274991989135724
00-0020446,,2006,WR,10.012499809265137,3.018749713897705
00-0022912,,2006,QB,11.0,2.908749580383301
00-0019643,,2006,RB,7.181250095367432,2.90625
00-0023439,,2006,RB,7.131249904632568,2.8562498092651367
00-0021678,,2006,QB,10.895000457763672,2.8037500381469727
00-0019559,,2006,QB,10.823749542236328,2.732499122619629
00-0021980,,2006,TE,5.768750190734863,2.731250286102295
00-0010500,,2006,WR,9.662500381469728,2.6687502861022967
00-0022165,,2006,TE,5.668749809265137,2.6312499046325684
00-0017644,,2006,TE,5.662499904632568,2.625
00-0022121,,2006,QB,10.667499542236328,2.576249122619629
00-0021192,,2006,WR,9.53125,2.5374999046325684
00-0005091,,2006,RB,6.806250095367432,2.53125
00-0021190,,2006,RB,6.77625036239624,2.5012502670288086
00-0023436,A.Smith,2006,QB,10.571249961853027,2.479999542236328
00-0024240,,2006,WR,9.418749809265137,2.424999713897705
00-0023518,,2006,WR,9.40625,2.4124999046325684
00-0021213,,2006,TE,5.3125,2.2750000953674316
00-0022064,,2006,WR,9.193750381469728,2.2000002861022967
00-0023612,,2006,TE,5.206250190734863,2.168750286102295
00-0022929,,2006,WR,8.993749618530273,1.9999995231628418
00-0024294,,2006,RB,6.15625,1.8812499046325684
00-0022889,,2006,WR,8.868749618530273,1.8749995231628418
00-0022427,,2006,WR,8.856249809265137,1.862499713897705
00-0021147,,2006,WR,8.78125,1.7874999046325684
00-0023506,,2006,TE,4.75,1.7125000953674316
00-0002565,,2006,TE,4.737500190734863,1.700000286102295
00-0021337,,2006,WR,8.693750381469727,1.700000286102295
00-0020455,,2006,TE,4.700000286102295,1.6625003814697266
00-0019976,,2006,WR,8.606249809265137,1.612499713897705
00-0022156,,2006,WR,8.606249809265137,1.612499713897705
00-0022093,,2006,RB,5.875,1.5999999046325684
00-0019721,,2006,WR,8.537500381469727,1.543750286102295
00-0007213,,2006,TE,4.556250095367432,1.5187501907348633
00-0022555,,2006,TE,4.543749809265137,1.5062499046325684
00-0024276,,2006,TE,4.431250095367432,1.3937501907348633
00-0004161,,2006,QB,9.462499618530272,1.3712491989135724
00-0021159,,2006,TE,4.318749904632568,1.28125
00-0020608,,2006,QB,9.368749618530272,1.2774991989135724
00-0021191,,2006,WR,8.231249809265137,1.237499713897705
00-0007091,,2006,QB,9.292499542236328,1.201249122619629
00-0020270,,2006,RB,5.474999904632568,1.1999998092651367
00-0007744,,2006,WR,8.181249618530273,1.1874995231628418
00-0022701,,2006,WR,8.125,1.1312499046325684
00-0022704,,2006,TE,4.09375,1.0562500953674316
00-0020403,,2006,RB,5.231249809265137,0.9562497138977051
00-0021273,,2006,TE,3.962500095367432,0.9250001907348637
00-0023456,,2006,WR,7.918749809265137,0.9249997138977051
00-0024221,V.Davis,2006,TE,3.9375,0.9000000953674316
00-0024267,,2006,WR,7.887499809265137,0.8937497138977051
00-0023508,,2006,RB,5.137499809265137,0.8624997138977051
00-0020474,,2006,RB,5.131249904632568,0.8562498092651367
00-0022781,,2006,WR,7.800000190734863,0.8062500953674316
00-0023676,,2006,RB,5.068749904632568,0.7937498092651367
00-0019484,,2006,RB,4.949999809265137,0.6749997138977051
00-0023367,,2006,WR,7.637500286102295,0.6437501907348633
00-0023615,,2006,RB,4.918749809265137,0.6437497138977051
00-0011770,,2006,WR,7.456249713897705,0.46249961853027344
00-0015290,,2006,WR,7.418749809265137,0.4249997138977051
00-0021182,,2006,RB,4.625,0.34999990463256836
00-0019919,,2006,TE,3.331249952316284,0.2937500476837158
00-0010072,,2006,K,0.2899999916553497,0.2899999916553497
00-0024225,,2006,QB,8.380000114440918,0.28874969482421875
00-0020332,,2006,TE,3.299999952316284,0.2625000476837158
00-0022011,,2006,RB,4.525000095367432,0.25
00-0020904,,2006,WR,7.237500190734863,0.24375009536743164
00-0009119,,2006,TE,3.2749998569488525,0.23749995231628418
00-0021154,,2006,TE,3.268749952316284,0.23125004768371582
00-0011754,,2006,WR,7.206250190734863,0.21250009536743164
00-0020462,,2006,RB,4.425000190734863,0.15000009536743164
00-0020127,,2006,TE,3.1624999046325684,0.125
00-0021317,,2006,TE,3.137500047683716,0.10000014305114746
00-0022821,,2006,RB,4.368750095367432,0.09375
00-0000108,,2006,K,0.0274999998509883,0.0274999998509883
00-0004811,,2006,K,0.0125000001862645,0.0125000001862645
00-0021252,,2006,RB,4.275000095367432,0.0
00-0023496,,2006,WR,6.993750095367432,0.0
00-0023502,,2006,QB,8.0912504196167,0.0
00-0024261,,2006,TE,3.0374999046325684,0.0
00-0022766,,2006,WR,6.974999904632568,-0.01875019073486328
00-0021084,,2006,TE,2.962500095367432,-0.07499980926513627
00-0022001,,2006,WR,6.893750190734863,-0.09999990463256836
00-0002068,,2006,WR,6.887499809265137,-0.10625028610229492
00-0019644,,2006,TE,2.887500047683716,-0.14999985694885254
00-0022714,,2006,TE,2.887500047683716,-0.14999985694885254
00-0000166,,2006,TE,2.875,-0.16249990463256836
00-0008442,,2006,QB,7.887499809265137,-0.2037506103515625
00-0013232,,2006,WR,6.75,-0.24375009536743164
00-0019808,,2006,RB,4.006249904632568,-0.2687501907348633
00-0008962,,2006,WR,6.71875,-0.27500009536743164
00-0010333,,2006,TE,2.75,-0.28749990463256836
00-0020342,,2006,TE,2.575000047683716,-0.46249985694885254
00-0022754,,2006,WR,6.487500190734863,-0.5062499046325684
00-0022916,,2006,TE,2.5,-0.5374999046325684
00-0014655,,2006,TE,2.4749999046325684,-0.5625
00-0019457,,2006,TE,2.21875,-0.8187499046325684
00-0022901,,2006,WR,6.150000095367432,-0.84375
00-0002586,,2006,TE,2.150000095367432,-0.8874998092651363
00-0021227,,2006,TE,2.0999999046325684,-0.9375
00-0021750,,2006,RB,3.3125,-0.9625000953674316
00-0024301,,2006,TE,2.056250095367432,-0.9812498092651363
00-0023074,,2006,RB,3.28125,-0.9937500953674316
00-0021141,,2006,QB,7.071249961853027,-1.0200004577636719
00-0024287,,2006,TE,2.0062499046325684,-1.03125
00-0020268,,2006,TE,2.0,-1.0374999046325684
00-0023897,,2006,TE,1.975000023841858,-1.0624998807907104
00-0024243,M.Lewis,2006,TE,1.975000023841858,-1.0624998807907104
00-0021231,,2006,QB,7.025000095367432,-1.0662503242492676
00-0021673,,2006,RB,3.1875,-1.0875000953674316
00-0020452,,2006,WR,5.852499961853027,-1.1412501335144043
00-0013042,,2006,QB,6.934999942779541,-1.1562504768371582
00-0022706,,2006,TE,1.850000023841858,-1.1874998807907104
00-0022130,,2006,RB,3.049999952316284,-1.2250001430511475
00-0007835,,2006,QB,6.838749885559082,-1.2525005340576172
00-0023217,,2006,TE,1.756250023841858,-1.2812498807907104
00-0013888,,2006,WR,5.693749904632568,-1.3000001907348633
00-0022144,,2006,WR,5.693749904632568,-1.3000001907348633
00-0002102,,2006,TE,1.7000000476837158,-1.3374998569488525
00-0011236,,2006,TE,1.6812500953674316,-1.3562498092651367
00-0024268,A.Fasano,2006,TE,1.662500023841858,-1.3749998807907104
00-0023531,,2006,WR,5.606250286102295,-1.3874998092651367
00-0021100,,2006,TE,1.59375,-1.4437499046325684
00-0022102,,2006,WR,5.550000190734863,-1.4437499046325684
00-0021166,,2006,WR,5.518750190734863,-1.4749999046325684
00-0021929,,2006,TE,1.5625,-1.4749999046325684
00-0024260,,2006,RB,2.775000095367432,-1.4999999999999996
00-0020805,,2006,RB,2.6875,-1.5875000953674316
00-0004052,,2006,RB,2.668750047683716,-1.6062500476837158
00-0016550,,2006,WR,5.375,-1.6187500953674316
00-0013080,,2006,TE,1.375,-1.6624999046325684
00-0021304,,2006,TE,1.3624999523162842,-1.6749999523162842
00-0020797,,2006,RB,2.556250095367432,-1.7187499999999996
00-0016677,,2006,TE,1.2687499523162842,-1.7687499523162842
00-0020022,,2006,RB,2.5062499046325684,-1.7687501907348633
00-0022879,,2006,WR,5.21875,-1.7750000953674316
00-0002110,,2006,QB,6.309999942779541,-1.7812504768371582
00-0003400,,2006,TE,1.2312499284744265,-1.8062499761581419
00-0015601,,2006,RB,2.4437501430511475,-1.8312499523162842
00-0023442,,2006,WR,5.15625,-1.8375000953674316
00-0019594,,2006,RB,2.418750047683716,-1.8562500476837158
00-0022006,,2006,RB,2.418750047683716,-1.8562500476837158
00-0022054,,2006,TE,1.131250023841858,-1.9062498807907104
00-0022746,,2006,TE,1.125,-1.9124999046325684
00-0011224,,2006,TE,1.056249976158142,-1.9812499284744263
00-0020514,,2006,RB,2.293750047683716,-1.9812500476837158
00-0007468,,2006,WR,4.993750095367432,-2.0
00-0022582,,2006,TE,1.03125,-2.0062499046325684
00-0022725,,2006,WR,4.918749809265137,-2.075000286102295
00-0023462,,2006,WR,4.912499904632568,-2.0812501907348633
00-0010668,,2006,WR,4.90625,-2.0875000953674316
00-0024013,,2006,WR,4.900000095367432,-2.09375
00-0000552,,2006,RB,2.1624999046325684,-2.1125001907348633
00-0005755,,2006,QB,5.941250324249268,-2.1500000953674316
00-0021525,,2006,TE,0.8812500238418579,-2.1562498807907104
00-0021152,,2006,WR,4.8125,-2.1812500953674316
00-0020985,,2006,TE,0.8500000238418579,-2.1874998807907104
00-0021756,,2006,TE,0.824999988079071,-2.2124999165534973
00-0022388,,2006,WR,4.768750190734863,-2.2249999046325684
00-0022847,,2006,TE,0.800000011920929,-2.2374998927116394
00-0019831,,2006,RB,1.993750095367432,-2.2812499999999996
00-0024308,,2006,TE,0.7437499761581421,-2.2937499284744263
00-0022060,,2006,TE,0.7374999523162842,-2.299999952316284
00-0009323,,2006,TE,0.731249988079071,-2.3062499165534973
00-0022797,,2006,RB,1.962500095367432,-2.3124999999999996
00-0022288,,2006,RB,1.943750023841858,-2.3312500715255737
00-0021306,,2006,RB,1.9312498569488523,-2.343750238418579
00-0020964,,2006,RB,1.9250000715255735,-2.350000023841858
00-0023258,,2006,TE,0.6625000238418579,-2.3749998807907104
00-0024326,,2006,WR,4.599999904632568,-2.3937501907348633
00-0023460,,2006,QB,5.692500114440918,-2.3987503051757812
00-0023490,,2006,WR,4.550000190734863,-2.4437499046325684
00-0020550,,2006,TE,0.5874999761581421,-2.4499999284744263
00-0021376,,2006,RB,1.7999999523162842,-2.4750001430511475
00-0001661,,2006,TE,0.543749988079071,-2.4937499165534973
00-0021255,,2006,TE,0.5249999761581421,-2.5124999284744263
00-0022817,,2006,TE,0.5249999761581421,-2.5124999284744263
00-0004637,,2006,TE,0.5,-2.5374999046325684
00-0003663,,2006,RB,1.725000023841858,-2.5500000715255737
00-0021813,,2006,TE,0.4812500178813934,-2.556249886751175
00-0024408,,2006,QB,5.533750057220459,-2.5575003623962402
00-0018578,,2006,TE,0.4625000059604645,-2.574999898672104
00-0019127,,2006,TE,0.4625000059604645,-2.574999898672104
00-0024369,,2006,TE,0.4437499940395355,-2.593749910593033
00-0020391,,2006,RB,1.65625,-2.6187500953674316
00-0021508,,2006,WR,4.300000190734863,-2.6937499046325684
00-0022724,,2006,TE,0.34375,-2.6937499046325684
00-0023844,,2006,RB,1.5812499523162842,-2.6937501430511475
00-0024389,De.Walker,2006,TE,0.3125,-2.7249999046325684
00-0021403,,2006,TE,0.2687500119209289,-2.7687498927116394
00-0002159,,2006,RB,1.493749976158142,-2.7812501192092896
00-0005101,,2006,TE,0.231249988079071,-2.8062499165534973
00-0023218,,2006,TE,0.21875,-2.8187499046325684
00-0024380,,2006,TE,0.21875,-2.8187499046325684
00-0022907,,2006,TE,0.1687500029802322,-2.868749901652336
00-0022135,,2006,WR,4.106249809265137,-2.887500286102295
00-0019539,,2006,WR,4.09375,-2.9000000953674316
00-0023479,,2006,RB,1.3562500476837158,-2.918750047683716
00-0021183,,2006,TE,0.1062500029802322,-2.931249901652336
00-0023878,,2006,TE,0.1000000014901161,-2.9374999031424522
00-0020508,,2006,RB,1.337499976158142,-2.9375001192092896
00-0023429,,2006,WR,4.043750286102295,-2.9499998092651367
00-0009443,,2006,TE,0.0687500014901161,-2.9687499031424522
00-0023521,,2006,TE,0.0687500014901161,-2.9687499031424522
00-0001222,,2006,TE,0.0625,-2.9749999046325684
00-0023547,,2006,RB,1.2999999523162842,-2.9750001430511475
00-0024334,B.Marshall,2006,WR,4.006249904632568,-2.9875001907348633
00-0020381,,2006,WR,3.96875,-3.0250000953674316
00-0011551,,2006,TE,-0.0062500000931322,-3.0437499047257006
00-0021260,,2006,RB,1.2312500476837158,-3.043750047683716
00-0024359,,2006,RB,1.2312500476837158,-3.043750047683716
00-0021845,,2006,RB,1.212499976158142,-3.0625001192092896
00-0022177,,2006,QB,5.026249885559082,-3.065000534057617
00-0022421,,2006,WR,3.924999952316284,-3.0687501430511475
00-0022926,,2006,RB,1.181249976158142,-3.0937501192092896
00-0023561,,2006,RB,1.131250023841858,-3.1437500715255737
00-0022092,,2006,RB,1.125,-3.1500000953674316
00-0019794,,2006,RB,1.0625,-3.2125000953674316
00-0023474,,2006,WR,3.762500047683716,-3.231250047683716
00-0004915,,2006,WR,3.712500095367432,-3.2812499999999996
00-0024202,,2006,RB,0.956250011920929,-3.3187500834465027
00-0022773,,2006,RB,0.918749988079071,-3.3562501072883606
00-0023576,,2006,RB,0.918749988079071,-3.3562501072883606
00-0022097,,2006,WR,3.59375,-3.4000000953674316
00-0021174,,2006,WR,3.581249952316284,-3.4125001430511475
00-0019552,,2006,WR,3.4937498569488525,-3.500000238418579
00-0020315,,2006,RB,0.762499988079071,-3.5125001072883606
00-0017611,,2006,WR,3.456249952316284,-3.5375001430511475
00-0021999,,2006,WR,3.450000047683716,-3.543750047683716
00-0014450,,2006,RB,0.7250000238418579,-3.5500000715255737
00-0020448,,2006,RB,0.6625000238418579,-3.6125000715255737
00-0022414,,2006,WR,3.375,-3.6187500953674316
00-0010747,,2006,RB,0.643750011920929,-3.6312500834465027
00-0001361,,2006,QB,4.460000038146973,-3.6312503814697266
00-0023192,,2006,RB,0.5625,-3.7125000953674316
00-0021755,,2006,RB,0.4562500119209289,-3.8187500834465027
00-0021927,,2006,WR,3.168750047683716,-3.825000047683716
00-0010632,,2006,RB,0.449999988079071,-3.8250001072883606
00-0021955,,2006,RB,0.449999988079071,-3.8250001072883606
00-0021509,,2006,RB,0.4437499940395355,-3.831250101327896
00-0023512,,2006,RB,0.4312500059604645,-3.843750089406967
00-0022431,,2006,RB,0.4000000059604645,-3.875000089406967
00-0022564,,2006,RB,0.3687500059604645,-3.906250089406967
00-0023591,,2006,RB,0.356249988079071,-3.9187501072883606
00-0024297,,2006,WR,3.0687499046325684,-3.9250001907348633
00-0021357,,2006,RB,0.34375,-3.9312500953674316
00-0024289,,2006,RB,0.3375000059604645,-3.937500089406967
00-0024251,,2006,WR,3.025000095367432,-3.9687499999999996
00-0023159,,2006,RB,0.3062500059604645,-3.968750089406967
00-0019533,,2006,RB,0.28125,-3.9937500953674316
00-0023489,,2006,RB,0.2437500059604644,-4.031250089406967
00-0020376,,2006,RB,0.2437499910593032,-4.031250104308128
00-0023891,,2006,RB,0.1875,-4.087500095367432
00-0007546,,2006,RB,0.1812500059604644,-4.093750089406967
00-0024226,J.Cutler,2006,QB,3.990000009536743,-4.101250410079956
00-0022180,,2006,RB,0.1624999940395355,-4.112500101327896
00-0006355,,2006,QB,3.973749876022339,-4.11750054359436
00-0019650,,2006,WR,2.875,-4.118750095367432
00-0021936,,2006,RB,0.15625,-4.118750095367432
00-0017200,,2006,QB,3.961250066757202,-4.130000352859497
00-0019590,,2006,RB,0.1375000029802322,-4.137500092387199
00-0022057,,2006,RB,0.1375000029802322,-4.137500092387199
00-0022872,,2006,RB,0.0562499985098838,-4.218750096857548
00-0023426,,2006,RB,0.0562499985098838,-4.218750096857548
00-0023064,,2006,RB,0.050000000745058,-4.225000094622374
00-0024189,,2006,RB,0.050000000745058,-4.225000094622374
00-0022228,,2006,RB,0.03125,-4.243750095367432
00-0019153,,2006,RB,0.0125000001862645,-4.262500095181167
00-0021209,,2006,RB,0.0125000001862645,-4.262500095181167
00-0022538,,2006,RB,0.0125000001862645,-4.262500095181167
00-0022801,,2006,RB,0.0125000001862645,-4.262500095181167
00-0022055,,2006,QB,3.8112499713897705,-4.280000448226929
00-0019302,,2006,WR,2.275000095367432,-4.71875
00-0024272,,2006,WR,2.25,-4.743750095367432
00-0021931,,2006,WR,2.081249952316284,-4.9125001430511475
00-0016440,,2006,WR,2.0687501430511475,-4.924999952316284
00-0006627,,2006,WR,1.9875000715255735,-5.006250023841858
00-0021163,,2006,WR,1.9499999284744265,-5.043750166893005
00-0021981,,2006,WR,1.9124999046325684,-5.081250190734863
00-0001627,,2006,WR,1.899999976158142,-5.0937501192092896
00-0004673,,2006,WR,1.875,-5.118750095367432
00-0003739,,2006,QB,2.947499990463257,-5.143750429153442
00-0001823,,2006,QB,2.9125001430511475,-5.178750276565552
00-0021973,,2006,WR,1.7312499284744265,-5.262500166893005
00-0022171,,2006,WR,1.65625,-5.337500095367432
00-0021993,,2006,WR,1.587499976158142,-5.4062501192092896
00-0023176,,2006,WR,1.5125000476837158,-5.481250047683716
00-0023452,,2006,WR,1.493749976158142,-5.5000001192092896
00-0022307,,2006,WR,1.4249999523162842,-5.5687501430511475
00-0019623,,2006,QB,2.5137500762939453,-5.577500343322754
00-0015754,,2006,WR,1.40625,-5.587500095367432
00-0021780,,2006,WR,1.3875000476837158,-5.606250047683716
00-0023222,,2006,WR,1.350000023841858,-5.643750071525574
00-0023645,D.Anderson,2006,QB,2.401249885559082,-5.690000534057617
00-0000865,,2006,QB,2.3924999237060547,-5.6987504959106445
00-0023504,,2006,QB,2.380000114440918,-5.711250305175781
00-0023570,,2006,WR,1.256250023841858,-5.737500071525574
00-0024305,,2006,WR,1.256250023841858,-5.737500071525574
00-0022164,,2006,QB,2.299999952316284,-5.791250467300415
00-0021353,,2006,WR,1.1687499284744265,-5.825000166893005
00-0024324,,2006,WR,1.1124999523162842,-5.8812501430511475
00-0020490,,2006,WR,0.993749976158142,-6.0000001192092896
00-0020428,,2006,WR,0.8812500238418579,-6.112500071525574
00-0023623,,2006,WR,0.84375,-6.150000095367432
00-0024279,,2006,QB,1.931250095367432,-6.160000324249268
00-0023953,,2006,WR,0.78125,-6.212500095367432
00-0023657,,2006,WR,0.706250011920929,-6.287500083446503
00-0021129,,2006,WR,0.6937499642372131,-6.3000001311302185
00-0022726,,2006,WR,0.6624999642372131,-6.3312501311302185
00-0022873,,2006,WR,0.625,-6.368750095367432
00-0020617,,2006,WR,0.6187500357627869,-6.375000059604645
00-0021460,,2006,WR,0.612500011920929,-6.381250083446503
00-0020434,,2006,QB,1.662500023841858,-6.428750395774841
00-0021982,,2006,WR,0.550000011920929,-6.443750083446503
00-0024044,,2006,WR,0.5249999761581421,-6.4687501192092896
00-0022826,,2006,WR,0.5062500238418579,-6.487500071525574
00-0024318,,2006,QB,1.587499976158142,-6.503750443458557
00-0024259,,2006,WR,0.46875,-6.525000095367432
00-0023981,,2006,WR,0.4562500119209289,-6.537500083446503
00-0023968,,2006,WR,0.4437499940395355,-6.550000101327896
00-0022124,,2006,WR,0.4312500059604645,-6.562500089406967
00-0023867,,2006,WR,0.418749988079071,-6.575000107288361
00-0020305,,2006,QB,1.4987499713897705,-6.592500448226929
00-0006777,,2006,WR,0.3812499940395355,-6.612500101327896
00-0013268,,2006,WR,0.375,-6.618750095367432
00-0017697,,2006,WR,0.375,-6.618750095367432
00-0020794,,2006,WR,0.356249988079071,-6.637500107288361
00-0020565,,2006,QB,1.4487500190734863,-6.642500400543213
00-0024404,,2006,WR,0.3312500119209289,-6.662500083446503
00-0019997,,2006,WR,0.324999988079071,-6.668750107288361
00-0024293,,2006,WR,0.324999988079071,-6.668750107288361
00-0023503,,2006,WR,0.3187499940395355,-6.675000101327896
00-0011641,,2006,WR,0.3062500059604645,-6.687500089406967
00-0020525,,2006,WR,0.2312500029802322,-6.762500092387199
00-0024465,,2006,WR,0.2312500029802322,-6.762500092387199
00-0020613,,2006,QB,1.3274999856948853,-6.763750433921814
00-0023889,,2006,WR,0.2249999940395355,-6.768750101327896
00-0020480,,2006,QB,1.3187499046325684,-6.772500514984131
00-0012642,,2006,WR,0.21875,-6.775000095367432
00-0020692,,2006,WR,0.2125000059604644,-6.781250089406967
00-0021212,,2006,WR,0.2125000059604644,-6.781250089406967
00-0021175,,2006,WR,0.2062499970197677,-6.787500098347664
00-0019703,,2006,WR,0.1812500059604644,-6.812500089406967
00-0021886,,2006,WR,0.1687500029802322,-6.825000092387199
00-0022308,,2006,WR,0.1687500029802322,-6.825000092387199
00-0023701,,2006,WR,0.1687500029802322,-6.825000092387199
00-0022005,,2006,QB,1.256250023841858,-6.835000395774841
00-0023310,,2006,WR,0.125,-6.868750095367432
00-0021629,,2006,WR,0.1187499985098838,-6.875000096857548
00-0023947,,2006,WR,0.1187499985098838,-6.875000096857548
00-0020735,,2006,WR,0.09375,-6.900000095367432
00-0019242,,2006,WR,0.0812499970197677,-6.912500098347664
00-0024174,,2006,WR,0.0812499970197677,-6.912500098347664
00-0024407,,2006,WR,0.050000000745058,-6.943750094622374
00-0024398,,2006,WR,-0.025000000372529,-7.018750095739961
00-0003292,,2006,QB,0.9975000023841858,-7.093750417232513
00-0022787,M.Schaub,2006,QB,0.6512500047683716,-7.440000414848328
00-0010455,,2006,QB,0.5199999809265137,-7.5712504386901855
00-0024296,,2006,QB,0.4562500119209289,-7.63500040769577
00-0006423,,2006,QB,0.3937500119209289,-7.69750040769577
00-0020405,,2006,QB,0.3512499928474426,-7.740000426769257
00-0016193,,2006,QB,0.2724999785423279,-7.818750441074371
00-0022026,,2006,QB,0.2399999946355819,-7.851250424981117
00-0021206,J.McCown,2006,QB,0.21875,-7.872500419616699
00-0005589,,2006,QB,0.067500002682209,-8.02375041693449
00-0018272,,2006,QB,0.0587499998509883,-8.03250041976571
00-0023459,A.Rodgers,2006,QB,0.0587499998509883,-8.03250041976571
00-0023859,,2006,QB,0.0274999998509883,-8.06375041976571
00-0022590,,2006,QB,0.0125000001862645,-8.078750419430435
00-0021379,,2006,QB,0.0,-8.0912504196167
00-0022039,,2006,QB,0.0,-8.0912504196167
00-0023682,R.Fitzpatrick,2006,QB,0.0,-8.0912504196167
00-0019041,,2006,QB,-0.0087500000372529,-8.100000419653952
00-0023662,M.Cassel,2006,QB,-0.0199999995529651,-8.111250419169664
00-0024362,,2006,QB,-0.03125,-8.1225004196167
00-0024264,K.Clemens,2006,QB,-0.0624999962747097,-8.153750415891409
00-0024300,,2006,QB,-0.2112499922513961,-8.302500411868095
00-0000251,,2006,,3.912499904632568,
00-0005229,,2006,,0.9249999523162842,
00-0007254,,2006,,1.1375000476837158,
00-0007357,,2006,,0.125,
00-0011958,,2006,,2.8249998092651367,
00-0013694,,2006,,1.5812499523162842,
00-0014775,,2006,,0.65625,
00-0015420,,2006,,0.1000000014901161,
00-0015830,,2006,,3.862499952316284,
00-0019100,,2006,,2.71875,
00-0019135,,2006,,0.9187500476837158,
00-0019587,,2006,,0.71875,
00-0019932,,2006,,0.1312499940395355,
00-0020507,,2006,,1.756250023841858,
00-0020804,,2006,,0.125,
00-0021279,,2006,,2.081249952316284,
00-0021371,,2006,,0.324999988079071,
00-0022003,,2006,,0.943750023841858,
00-0022141,,2006,,1.3312499523162842,
00-0022143,,2006,,3.387500047683716,
00-0022397,,2006,,1.131250023841858,
00-0022405,,2006,,0.3687499761581421,
00-0022796,,2006,,2.8687498569488525,
00-0022886,,2006,,0.1750000119209289,
00-0022970,,2006,,0.4124999940395355,
00-0022999,,2006,,0.2687500119209289,
00-0023683,,2006,,0.6312500238418579,
00-0024315,,2006,,2.331249952316284,
00-0024394,,2006,,0.7625000476837158,
00-0024489,,2006,,1.806249976158142,
00-0019647,,2005,RB,23.549999237060547,19.462499141693115
00-0020536,,2005,RB,22.89249992370605,18.80499982833862
00-0021976,,2005,RB,22.518749237060547,18.431249141693115
00-0000745,,2005,RB,22.4375,18.34999990463257
00-0008241,,2005,RB,19.39375114440918,15.306251049041748
00-0020337,,2005,WR,21.237499237060547,14.581249237060547
00-0020462,,2005,RB,18.424999237060547,14.337499141693115
00-0021547,A.Gates,2005,TE,16.193750381469727,13.487500429153442
00-0021179,,2005,RB,16.99250030517578,12.90500020980835
00-0022921,L.Fitzgerald,2005,WR,19.25,12.59375
00-0020397,,2005,WR,18.59375,11.9375
00-0020407,,2005,RB,15.612500190734863,11.525000095367432
00-0022084,,2005,WR,18.018749237060547,11.362499237060547
00-0007681,,2005,WR,17.956249237060547,11.299999237060547
00-0020494,,2005,WR,17.75,11.09375
00-0022736,,2005,RB,14.600000381469728,10.512500286102297
00-0005720,,2005,WR,17.006250381469727,10.350000381469727
00-0021216,,2005,RB,14.25,10.162499904632568
00-0007024,,2005,WR,16.787500381469727,10.131250381469727
00-0020446,,2005,WR,16.5625,9.90625
00-0019641,,2005,RB,13.987500190734863,9.900000095367432
00-0020516,,2005,TE,12.53125,9.825000047683716
00-0021148,,2005,TE,12.381250381469728,9.675000429153444
00-0021429,C.Palmer,2005,QB,16.614999771118164,9.446249961853027
00-0004640,,2005,RB,13.412500381469728,9.325000286102297
00-0019594,,2005,RB,13.412500381469728,9.325000286102297
00-0022738,,2005,TE,11.77500057220459,9.068750619888306
00-0019610,,2005,RB,13.068750381469728,8.981250286102297
00-0020285,,2005,TE,11.418749809265137,8.712499856948853
00-0021979,,2005,RB,12.768750190734863,8.681250095367432
00-0006101,,2005,TE,11.28125,8.575000047683716
00-0019596,T.Brady,2005,QB,15.581250190734863,8.412500381469727
00-0022127,J.Witten,2005,TE,11.106249809265137,8.399999856948853
00-0022178,,2005,RB,12.40625,8.318749904632568
00-0004541,,2005,WR,14.962499618530272,8.306249618530272
00-0019642,,2005,WR,14.837499618530272,8.181249618530272
00-0010346,,2005,QB,15.14875030517578,7.980000495910643
00-0017162,,2005,WR,14.46875,7.8125
00-0022250,,2005,RB,11.875,7.787499904632568
00-0004304,,2005,RB,11.837499618530272,7.74999952316284
00-0015290,,2005,WR,14.262499809265137,7.606249809265137
00-0020438,,2005,WR,14.112500190734863,7.456250190734863
00-0006043,,2005,WR,13.949999809265137,7.293749809265137
00-0022840,,2005,RB,11.38124942779541,7.2937493324279785
00-0007091,,2005,QB,14.412500381469728,7.243750572204592
00-0022092,,2005,RB,11.175000190734863,7.087500095367432
00-0023440,,2005,RB,11.118749618530272,7.03124952316284
00-0020498,,2005,WR,13.65625,7.0
00-0021164,,2005,RB,10.962499618530272,6.87499952316284
00-0022803,E.Manning,2005,QB,14.029999732971191,6.861249923706055
00-0010668,,2005,WR,13.493749618530272,6.837499618530272
00-0020245,,2005,QB,13.692500114440918,6.523750305175781
00-0009163,,2005,WR,13.15625,6.5
00-0013042,,2005,QB,13.639999389648438,6.471249580383301
00-0021236,,2005,TE,9.137499809265137,6.4312498569488525
00-0010500,,2005,WR,13.081250190734863,6.425000190734863
00-0023437,,2005,RB,10.49375057220459,6.406250476837158
00-0011754,,2005,WR,13.03125,6.375
00-0022126,,2005,TE,9.074999809265137,6.3687498569488525
00-0015218,,2005,WR,13.018750190734863,6.362500190734863
00-0021192,,2005,WR,12.987500190734863,6.331250190734863
00-0022893,,2005,RB,10.40625,6.318749904632568
00-0021147,,2005,WR,12.793749809265137,6.137499809265137
00-0006355,,2005,QB,13.172499656677246,6.003749847412109
00-0020531,D.Brees,2005,QB,13.12125015258789,5.952500343322754
00-0022217,,2005,RB,9.943750381469728,5.856250286102297
00-0003292,,2005,QB,13.010000228881836,5.841250419616699
00-0019703,,2005,WR,12.462499618530272,5.806249618530272
00-0001361,,2005,QB,12.90999984741211,5.741250038146973
00-0019693,,2005,RB,9.731249809265137,5.643749713897705
00-0022916,,2005,TE,8.25,5.543750047683716
00-0017644,,2005,TE,8.175000190734863,5.468750238418579
00-0021159,,2005,TE,8.149999618530273,5.443749666213989
00-0021191,,2005,WR,12.012499809265137,5.356249809265137
00-0004161,,2005,QB,12.37125015258789,5.202500343322754
00-0018958,,2005,WR,11.71875,5.0625
00-0008561,,2005,WR,11.699999809265137,5.043749809265137
00-0002110,,2005,QB,12.193750381469728,5.025000572204592
00-0011770,,2005,WR,11.662500381469728,5.006250381469728
00-0019659,,2005,TE,7.581249713897705,4.874999761581421
00-0008962,,2005,WR,11.524999618530272,4.868749618530272
00-0023465,,2005,TE,7.556250095367432,4.8500001430511475
00-0022001,,2005,WR,11.481249809265137,4.824999809265137
00-0010442,,2005,RB,8.581250190734863,4.493750095367432
00-0013080,,2005,TE,7.162499904632568,4.456249952316284
00-0004052,,2005,RB,8.506250381469727,4.418750286102295
00-0017915,,2005,RB,8.412500381469727,4.325000286102295
00-0022165,,2005,TE,6.862500190734863,4.156250238418579
00-0011024,,2005,QB,11.271249771118164,4.102499961853027
00-0016550,,2005,WR,10.649999618530272,3.9937496185302717
00-0020474,,2005,RB,8.074999809265137,3.987499713897705
00-0022910,,2005,WR,10.568750381469728,3.9125003814697283
00-0007661,,2005,RB,7.987499713897705,3.8999996185302734
00-0022782,,2005,RB,7.956249713897705,3.8687496185302734
00-0005106,,2005,QB,10.84000015258789,3.671250343322754
00-0007213,,2005,TE,6.318749904632568,3.612499952316284
00-0011795,,2005,WR,10.1875,3.53125
00-0022926,,2005,RB,7.606249809265137,3.518749713897705
00-0013013,,2005,RB,7.599999904632568,3.5124998092651367
00-0021314,,2005,RB,7.556250095367432,3.46875
00-0021190,,2005,RB,7.548749923706055,3.461249828338623
00-0022909,,2005,WR,10.106249809265137,3.4499998092651367
00-0001823,,2005,QB,10.58625030517578,3.4175004959106428
00-0022924,B.Roethlisberger,2005,QB,10.518750190734863,3.3500003814697266
00-0012478,,2005,WR,9.96875,3.3125
00-0016098,,2005,RB,7.375,3.2874999046325684
00-0004915,,2005,WR,9.899999618530272,3.2437496185302717
00-0022943,B.Watson,2005,TE,5.943749904632568,3.237499952316284
00-0005589,,2005,QB,10.37125015258789,3.202500343322754
00-0023074,,2005,RB,7.243750095367432,3.15625
00-0019976,,2005,WR,9.756250381469728,3.1000003814697283
00-0023544,,2005,RB,7.081250190734863,2.9937500953674316
00-0020964,,2005,RB,7.034999847412109,2.9474997520446777
00-0020904,,2005,WR,9.5625,2.90625
00-0023506,,2005,TE,5.606249809265137,2.8999998569488525
00-0020608,,2005,QB,10.020000457763672,2.851250648498535
00-0022901,,2005,WR,9.443750381469728,2.7875003814697283
00-0021100,,2005,TE,5.443749904632568,2.737499952316284
00-0020514,,2005,RB,6.793750286102295,2.7062501907348633
00-0005092,,2005,RB,6.768750190734863,2.6812500953674316
00-0022097,,2005,WR,9.331250190734863,2.6750001907348633
00-0021353,,2005,WR,9.131250381469728,2.4750003814697283
00-0011022,,2005,QB,9.611249923706056,2.4425001144409197
00-0023500,F.Gore,2005,RB,6.431250095367432,2.34375
00-0021712,,2005,TE,5.037499904632568,2.331249952316284
00-0022044,,2005,WR,8.925000190734863,2.2687501907348633
00-0002159,,2005,RB,6.25,2.1624999046325684
00-0020022,,2005,RB,6.224999904632568,2.1374998092651367
00-0001215,,2005,RB,6.175000190734863,2.0875000953674316
00-0023612,,2005,TE,4.768750190734863,2.062500238418579
00-0022177,,2005,QB,9.22624969482422,2.057499885559084
00-0022897,,2005,RB,6.125,2.0374999046325684
00-0021929,,2005,TE,4.650000095367432,1.9437501430511475
00-0015091,,2005,RB,6.03125,1.9437499046325684
00-0021223,,2005,RB,6.025000095367432,1.9375
00-0019997,,2005,WR,8.581250190734863,1.9250001907348633
00-0015601,,2005,RB,5.962500095367432,1.875
00-0022704,,2005,TE,4.518750190734863,1.812500238418579
00-0021376,,2005,RB,5.893750190734863,1.8062500953674316
00-0019721,,2005,WR,8.418749809265137,1.7624998092651367
00-0021152,,2005,WR,8.33750057220459,1.6812505722045898
00-0022006,,2005,RB,5.75,1.6624999046325684
00-0020332,,2005,TE,4.337500095367432,1.6312501430511475
00-0014655,,2005,TE,4.206250190734863,1.500000238418579
00-0005231,,2005,WR,8.068750381469727,1.4125003814697266
00-0021183,,2005,TE,4.087500095367432,1.3812501430511475
00-0020381,,2005,WR,7.943749904632568,1.2874999046325684
00-0023479,,2005,RB,5.368750095367432,1.28125
00-0019533,,2005,RB,5.324999809265137,1.237499713897705
00-0001477,,2005,WR,7.849999904632568,1.1937499046325684
00-0023470,,2005,WR,7.787499904632568,1.1312499046325684
00-0023217,,2005,TE,3.8125,1.1062500476837158
00-0017200,,2005,QB,8.145000457763672,0.9762506484985352
00-0003035,,2005,TE,3.681249856948853,0.9749999046325688
00-0019599,,2005,QB,8.117500305175781,0.9487504959106445
00-0020527,,2005,RB,5.012499809265137,0.9249997138977051
00-0021154,,2005,TE,3.59375,0.8875000476837158
00-0021317,,2005,TE,3.512500047683716,0.8062500953674316
00-0007744,,2005,WR,7.400000095367432,0.7437500953674316
00-0010333,,2005,TE,3.450000047683716,0.7437500953674316
00-0021163,,2005,WR,7.34375,0.6875
00-0019644,,2005,TE,3.362499952316284,0.65625
00-0023456,,2005,WR,7.173749923706055,0.5174999237060547
00-0013888,,2005,WR,7.15625,0.5
00-0021213,,2005,TE,3.181250095367432,0.4750001430511479
00-0023561,,2005,RB,4.556250095367432,0.46875
00-0023457,,2005,WR,7.025000095367432,0.36875009536743164
00-0021508,,2005,WR,6.962500095367432,0.30625009536743164
00-0021260,,2005,RB,4.368750095367432,0.28125
00-0022102,,2005,WR,6.931250095367432,0.27500009536743164
00-0001627,,2005,WR,6.837500095367432,0.18125009536743164
00-0019650,,2005,WR,6.712500095367432,0.05625009536743164
00-0000166,,2005,TE,2.75,0.04375004768371582
00-0023518,,2005,WR,6.699999809265137,0.04374980926513672
00-0001980,,2005,K,0.025000000372529,0.025000000372529
00-0021184,,2005,RB,4.099999904632568,0.012499809265136719
00-0020797,,2005,RB,4.09375,0.006249904632568359
00-0002099,,2005,WR,6.65625,0.0
00-0005091,,2005,RB,4.087500095367432,0.0
00-0008442,,2005,QB,7.168749809265137,0.0
00-0021084,,2005,TE,2.706249952316284,0.0
00-0017693,,2005,K,-0.025000000372529,-0.025000000372529
00-0019663,,2005,WR,6.556250095367432,-0.09999990463256836
00-0022781,,2005,WR,6.550000190734863,-0.10624980926513672
00-0000552,,2005,RB,3.981250047683716,-0.10625004768371582
00-0020127,,2005,TE,2.5874998569488525,-0.11875009536743164
00-0021306,,2005,RB,3.931250095367432,-0.15624999999999956
00-0020187,,2005,TE,2.549999952316284,-0.15625
00-0022754,,2005,WR,6.456250190734863,-0.19999980926513672
00-0022706,,2005,TE,2.46875,-0.23749995231628418
00-0019539,,2005,WR,6.418749809265137,-0.23750019073486328
00-0019564,,2005,TE,2.456249952316284,-0.25
00-0009323,,2005,TE,2.4437499046325684,-0.2625000476837158
00-0015754,,2005,WR,6.331250190734863,-0.3249998092651367
00-0023438,,2005,WR,6.324999809265137,-0.3312501907348633
00-0021273,,2005,TE,2.3187501430511475,-0.3874998092651367
00-0006305,,2005,RB,3.6999998092651367,-0.3875002861022949
00-0021980,,2005,TE,2.3125,-0.3937499523162842
00-0021981,,2005,WR,6.1875,-0.46875
00-0001661,,2005,TE,2.231250047683716,-0.47499990463256836
00-0019863,,2005,RB,3.5999999046325684,-0.4875001907348633
00-0002068,,2005,WR,6.099999904632568,-0.5562500953674316
00-0020471,,2005,RB,3.512500047683716,-0.5750000476837158
00-0021141,,2005,QB,6.590000152587891,-0.5787496566772461
00-0003400,,2005,TE,2.09375,-0.6124999523162842
00-0002586,,2005,TE,2.056250095367432,-0.6499998569488521
00-0023615,,2005,RB,3.424999952316284,-0.6625001430511475
00-0022011,,2005,RB,3.4124999046325684,-0.6750001907348633
00-0004293,,2005,QB,6.465000152587891,-0.7037496566772461
00-0022005,,2005,QB,6.449999809265137,-0.71875
00-0006627,,2005,WR,5.931250095367432,-0.7249999046325684
00-0022385,,2005,TE,1.9562500715255735,-0.7499998807907107
00-0009119,,2005,TE,1.875,-0.8312499523162842
00-0019919,,2005,TE,1.837499976158142,-0.8687499761581421
00-0022821,,2005,RB,3.21875,-0.8687500953674316
00-0022164,,2005,QB,6.284999847412109,-0.8837499618530273
00-0013268,,2005,WR,5.768750190734863,-0.8874998092651367
00-0003663,,2005,RB,3.181250095367432,-0.9062499999999996
00-0020342,,2005,TE,1.756250023841858,-0.9499999284744263
00-0021282,,2005,TE,1.743749976158142,-0.9624999761581421
00-0023545,,2005,RB,3.1187498569488525,-0.9687502384185791
00-0023462,,2005,WR,5.662499904632568,-0.9937500953674316
00-0019457,,2005,TE,1.7000000476837158,-1.0062499046325684
00-0023508,,2005,RB,3.0687499046325684,-1.0187501907348633
00-0023512,,2005,RB,3.03125,-1.0562500953674316
00-0022156,,2005,WR,5.575000286102295,-1.081249713897705
00-0005101,,2005,TE,1.6062500476837158,-1.0999999046325684
00-0021166,,2005,WR,5.537500381469727,-1.1187496185302734
00-0021206,J.McCown,2005,QB,5.948750019073486,-1.2199997901916504
00-0021231,,2005,QB,5.948750019073486,-1.2199997901916504
00-0022064,,2005,WR,5.404999732971191,-1.2512502670288086
00-0022538,,2005,RB,2.806250095367432,-1.2812499999999996
00-0021182,,2005,RB,2.7874999046325684,-1.3000001907348633
00-0022555,,2005,TE,1.3062500953674316,-1.3999998569488525
00-0022057,,2005,RB,2.681250095367432,-1.4062499999999996
00-0021227,,2005,TE,1.2999999523162842,-1.40625
00-0021525,,2005,TE,1.28125,-1.4249999523162842
00-0020428,,2005,WR,5.224999904632568,-1.4312500953674316
00-0019831,,2005,RB,2.650000095367432,-1.4374999999999996
00-0021530,,2005,WR,5.150000095367432,-1.5062499046325684
00-0022026,,2005,QB,5.632499694824219,-1.536250114440918
00-0022054,,2005,TE,1.068750023841858,-1.6374999284744263
00-0021209,,2005,RB,2.4437499046325684,-1.6437501907348633
00-0022701,,2005,WR,5.0,-1.65625
00-0021268,,2005,TE,1.037500023841858,-1.6687499284744263
00-0022889,,2005,WR,4.862500190734863,-1.7937498092651367
00-0021982,,2005,WR,4.850000381469727,-1.8062496185302734
00-0020490,,2005,WR,4.837500095367432,-1.8187499046325684
00-0019643,,2005,RB,2.2312498092651367,-1.856250286102295
00-0021554,,2005,TE,0.8374999761581421,-1.868749976158142
00-0020985,,2005,TE,0.8125,-1.8937499523162842
00-0023442,,2005,WR,4.75,-1.90625
00-0003103,,2005,TE,0.793749988079071,-1.9124999642372131
00-0021357,,2005,RB,2.137500047683716,-1.9500000476837158
00-0022929,,2005,WR,4.699999809265137,-1.9562501907348633
00-0020550,,2005,TE,0.71875,-1.9874999523162842
00-0002565,,2005,TE,0.7124999761581421,-1.993749976158142
00-0009842,,2005,TE,0.7124999761581421,-1.993749976158142
00-0023108,,2005,TE,0.7000000476837158,-2.0062499046325684
00-0023679,,2005,TE,0.6499999761581421,-2.056249976158142
00-0004637,,2005,TE,0.6437499523162842,-2.0625
00-0023072,,2005,TE,0.637499988079071,-2.068749964237213
00-0007576,,2005,QB,5.091249942779541,-2.0774998664855957
00-0022427,,2005,WR,4.556250095367432,-2.0999999046325684
00-0022484,,2005,TE,0.606249988079071,-2.099999964237213
00-0006666,,2005,TE,0.6000000238418579,-2.1062499284744263
00-0022255,,2005,RB,1.96875,-2.1187500953674316
00-0023630,,2005,TE,0.5687500238418579,-2.1374999284744263
00-0016677,,2005,TE,0.543749988079071,-2.162499964237213
00-0004673,,2005,WR,4.456250190734863,-2.1999998092651367
00-0015523,,2005,RB,1.887500047683716,-2.200000047683716
00-0023547,,2005,RB,1.887500047683716,-2.200000047683716
00-0022232,,2005,TE,0.4937499761581421,-2.212499976158142
00-0020452,,2005,WR,4.443749904632568,-2.2125000953674316
00-0023541,,2005,QB,4.947500228881836,-2.221249580383301
00-0022912,,2005,QB,4.924999713897705,-2.2437500953674316
00-0003739,,2005,QB,4.916250228881836,-2.252499580383301
00-0021304,,2005,TE,0.4437499940395355,-2.2624999582767487
00-0021756,,2005,TE,0.4437499940395355,-2.2624999582767487
00-0022714,,2005,TE,0.4312499761581421,-2.274999976158142
00-0020268,,2005,TE,0.4124999940395355,-2.2937499582767487
00-0022725,,2005,WR,4.337500095367432,-2.3187499046325684
00-0007468,,2005,WR,4.324999809265137,-2.3312501907348633
00-0022051,,2005,TE,0.3687499761581421,-2.337499976158142
00-0020308,,2005,QB,4.801249980926514,-2.367499828338623
00-0021509,,2005,RB,1.71875,-2.3687500953674316
00-0017924,,2005,TE,0.3187500238418579,-2.3874999284744263
00-0021813,,2005,TE,0.3125,-2.393749952316284
00-0021999,,2005,WR,4.262499809265137,-2.3937501907348633
00-0022766,,2005,WR,4.256249904632568,-2.4000000953674316
00-0022215,,2005,TE,0.293749988079071,-2.412499964237213
00-0021352,,2005,TE,0.2875000238418579,-2.4187499284744263
00-0009443,,2005,TE,0.2874999940395355,-2.4187499582767487
00-0023439,,2005,RB,1.65625,-2.4312500953674316
00-0002102,,2005,TE,0.262499988079071,-2.443749964237213
00-0022582,,2005,TE,0.2374999970197677,-2.4687499552965164
00-0022110,,2005,TE,0.2312500029802322,-2.474999949336052
00-0023248,,2005,TE,0.2249999940395355,-2.4812499582767487
00-0022447,,2005,TE,0.21875,-2.487499952316284
00-0023704,,2005,TE,0.2062499970197677,-2.4999999552965164
00-0019484,,2005,RB,1.5750000476837158,-2.512500047683716
00-0021176,,2005,WR,4.137500286102295,-2.518749713897705
00-0022847,,2005,TE,0.1749999970197677,-2.5312499552965164
00-0023452,,2005,WR,4.125,-2.53125
00-0021252,,2005,RB,1.5499999523162842,-2.5375001430511475
00-0018272,,2005,QB,4.630000114440918,-2.5387496948242188
00-0021868,,2005,TE,0.1500000059604644,-2.5562499463558197
00-0023676,,2005,RB,1.5187499523162842,-2.5687501430511475
00-0022041,,2005,TE,0.1312499940395355,-2.5749999582767487
00-0018578,,2005,TE,0.1187499985098838,-2.5874999538064003
00-0023531,,2005,WR,4.0625,-2.59375
00-0022219,,2005,TE,0.1000000014901161,-2.606249950826168
00-0011551,,2005,TE,0.09375,-2.612499952316284
00-0021636,,2005,TE,0.0812499970197677,-2.6249999552965164
00-0023163,,2005,TE,0.0750000029802322,-2.631249949336052
00-0022825,,2005,RB,1.431249976158142,-2.6562501192092896
00-0023192,,2005,RB,1.4249999523162842,-2.6625001430511475
00-0022726,,2005,WR,3.987499952316284,-2.668750047683716
00-0023570,,2005,WR,3.931250095367432,-2.724999904632568
00-0008196,,2005,RB,1.2374999523162842,-2.8500001430511475
00-0020780,,2005,WR,3.668750047683716,-2.987499952316284
00-0021750,,2005,RB,1.09375,-2.9937500953674316
00-0020391,,2005,RB,1.0812499523162842,-3.0062501430511475
00-0014450,,2005,RB,1.0750000476837158,-3.012500047683716
00-0023503,,2005,WR,3.593749761581421,-3.062500238418579
00-0021150,,2005,RB,0.987500011920929,-3.1000000834465027
00-0022770,,2005,RB,0.975000023841858,-3.1125000715255737
00-0017892,,2005,RB,0.949999988079071,-3.1375001072883606
00-0019794,,2005,RB,0.912500023841858,-3.1750000715255737
00-0020403,,2005,RB,0.90625,-3.1812500953674316
00-0020376,,2005,RB,0.8375000357627869,-3.2500000596046448
00-0022288,,2005,RB,0.824999988079071,-3.2625001072883606
00-0023591,,2005,RB,0.7875000238418579,-3.3000000715255737
00-0019673,,2005,RB,0.65625,-3.4312500953674316
00-0022180,,2005,RB,0.6312500238418579,-3.4562500715255737
00-0020587,,2005,RB,0.6312499642372131,-3.4562501311302185
00-0020315,,2005,RB,0.625,-3.4625000953674316
00-0022431,,2005,RB,0.612500011920929,-3.4750000834465027
00-0006423,,2005,QB,3.6649999618530273,-3.5037498474121094
00-0023564,D.Sproles,2005,RB,0.5625,-3.5250000953674316
00-0020917,,2005,RB,0.5562499761581421,-3.5312501192092896
00-0011727,,2005,WR,3.112499952316284,-3.543750047683716
00-0010455,,2005,QB,3.6050000190734863,-3.5637497901916504
00-0022135,,2005,WR,3.049999952316284,-3.606250047683716
00-0020805,,2005,RB,0.481249988079071,-3.6062501072883606
00-0023576,,2005,RB,0.4749999940395355,-3.612500101327896
00-0020508,,2005,RB,0.4625000059604645,-3.625000089406967
00-0022733,,2005,RB,0.4625000059604645,-3.625000089406967
00-0020700,,2005,RB,0.4562500119209289,-3.6312500834465027
00-0021755,,2005,RB,0.3937500119209289,-3.6937500834465027
00-0020430,,2005,RB,0.387499988079071,-3.7000001072883606
00-0019552,,2005,WR,2.950000047683716,-3.706249952316284
00-0019590,,2005,RB,0.375,-3.7125000953674316
00-0003136,,2005,RB,0.3687500059604645,-3.718750089406967
00-0021845,,2005,RB,0.3625000119209289,-3.7250000834465027
00-0002380,,2005,RB,0.3187499940395355,-3.768750101327896
00-0021931,,2005,WR,2.8812499046325684,-3.7750000953674316
00-0022093,,2005,RB,0.2937500178813934,-3.793750077486038
00-0010747,,2005,RB,0.262499988079071,-3.8250001072883606
00-0018588,,2005,RB,0.2374999970197677,-3.850000098347664
00-0022130,,2005,RB,0.21875,-3.8687500953674316
00-0022811,,2005,WR,2.78125,-3.875
00-0000942,,2005,RB,0.2000000029802322,-3.8875000923871994
00-0018501,,2005,RB,0.1812500059604644,-3.906250089406967
00-0020046,,2005,RB,0.1812500059604644,-3.906250089406967
00-0020448,,2005,RB,0.1687500029802322,-3.9187500923871994
00-0012642,,2005,WR,2.731250047683716,-3.924999952316284
00-0019242,,2005,WR,2.7249999046325684,-3.9312500953674316
00-0022564,,2005,RB,0.15625,-3.9312500953674316
00-0023658,,2005,WR,2.6937499046325684,-3.9625000953674316
00-0019057,,2005,RB,0.1062500029802322,-3.9812500923871994
00-0021006,,2005,WR,2.668750047683716,-3.987499952316284
00-0021253,,2005,RB,0.0874999985098838,-4.000000096857548
00-0021673,,2005,RB,0.0687500014901161,-4.0187500938773155
00-0021048,,2005,RB,0.0437499992549419,-4.04375009611249
00-0019453,,2005,RB,0.0375000014901161,-4.0500000938773155
00-0021936,,2005,RB,0.025000000372529,-4.062500094994903
00-0023654,,2005,RB,0.018750000745058,-4.068750094622374
00-0023502,,2005,QB,3.086250066757202,-4.082499742507935
00-0017896,,2005,RB,0.0,-4.087500095367432
00-0022807,,2005,WR,2.543750047683716,-4.112499952316284
00-0005755,,2005,QB,3.036249876022339,-4.132499933242798
00-0022072,,2005,WR,2.481250047683716,-4.174999952316284
00-0023682,R.Fitzpatrick,2005,QB,2.9674999713897705,-4.201249837875366
00-0022787,M.Schaub,2005,QB,2.9624998569488525,-4.206249952316284
00-0022087,,2005,WR,2.4437499046325684,-4.212500095367432
00-0023474,,2005,WR,2.4375,-4.21875
00-0017611,,2005,WR,2.337500095367432,-4.318749904632568
00-0021424,,2005,WR,2.293750047683716,-4.362499952316284
00-0020984,,2005,WR,2.262500047683716,-4.393749952316284
00-0020427,,2005,WR,2.25,-4.40625
00-0023490,,2005,WR,2.2325000762939453,-4.423749923706055
00-0016440,,2005,WR,2.137500047683716,-4.518749952316284
00-0020525,,2005,WR,2.1312499046325684,-4.525000095367432
00-0021175,,2005,WR,2.125,-4.53125
00-0021174,,2005,WR,2.0625,-4.59375
00-0002962,,2005,WR,1.893749952316284,-4.762500047683716
00-0008560,,2005,WR,1.893749952316284,-4.762500047683716
00-0022144,,2005,WR,1.8812499046325684,-4.775000095367432
00-0019455,,2005,WR,1.84375,-4.8125
00-0023549,,2005,WR,1.84375,-4.8125
00-0019505,,2005,WR,1.6375000476837158,-5.018749952316284
00-0022171,,2005,WR,1.631250023841858,-5.024999976158142
00-0019623,,2005,QB,2.0299999713897705,-5.138749837875366
00-0021852,,2005,WR,1.4812499284744265,-5.175000071525574
00-0020794,,2005,WR,1.3937500715255735,-5.262499928474426
00-0021647,,2005,WR,1.3812499046325684,-5.275000095367432
00-0020583,,2005,WR,1.368749976158142,-5.287500023841858
00-0020480,,2005,QB,1.8737499713897705,-5.294999837875366
00-0019302,,2005,WR,1.34375,-5.3125
00-0022879,,2005,WR,1.3312499523162842,-5.325000047683716
00-0022124,,2005,WR,1.3125,-5.34375
00-0021406,,2005,WR,1.28125,-5.375
00-0021094,,2005,WR,1.21875,-5.4375
00-0019041,,2005,QB,1.7037501335144043,-5.464999675750732
00-0023623,,2005,WR,1.1875,-5.46875
00-0022744,,2005,QB,1.6162500381469729,-5.552499771118164
00-0021993,,2005,WR,1.0437500476837158,-5.612499952316284
00-0022664,,2005,WR,1.0437500476837158,-5.612499952316284
00-0013232,,2005,WR,1.03125,-5.625
00-0022621,,2005,WR,1.0125000476837158,-5.643749952316284
00-0022039,,2005,QB,1.5212500095367432,-5.6474997997283936
00-0016193,,2005,QB,1.4674999713897705,-5.701249837875366
00-0021780,,2005,WR,0.90625,-5.75
00-0021927,,2005,WR,0.887499988079071,-5.768750011920929
00-0019559,,2005,QB,1.368749976158142,-5.799999833106995
00-0020464,,2005,WR,0.8562500476837158,-5.799999952316284
00-0023436,A.Smith,2005,QB,1.3312499523162842,-5.8374998569488525
00-0000865,,2005,QB,1.3025000095367432,-5.8662497997283936
00-0001532,,2005,WR,0.75,-5.90625
00-0019660,,2005,WR,0.65625,-6.0
00-0001545,,2005,QB,1.148750066757202,-6.019999742507935
00-0021915,,2005,WR,0.606249988079071,-6.050000011920929
00-0020021,,2005,WR,0.5812499523162842,-6.075000047683716
00-0022826,,2005,WR,0.5562499761581421,-6.100000023841858
00-0023496,,2005,WR,0.5562499761581421,-6.100000023841858
00-0023493,,2005,WR,0.5375000238418579,-6.118749976158142
00-0021560,,2005,WR,0.53125,-6.125
00-0022951,,2005,WR,0.512499988079071,-6.143750011920929
00-0023176,,2005,WR,0.481249988079071,-6.175000011920929
00-0021425,,2005,WR,0.4187500178813934,-6.237499982118607
00-0021153,,2005,WR,0.418749988079071,-6.237500011920929
00-0010261,,2005,QB,0.9275000095367432,-6.2412497997283936
00-0023662,M.Cassel,2005,QB,0.9137500524520874,-6.254999756813049
00-0021923,,2005,WR,0.4000000059604645,-6.2562499940395355
00-0023701,,2005,WR,0.387499988079071,-6.268750011920929
00-0008598,,2005,WR,0.3187500238418579,-6.337499976158142
00-0023625,,2005,WR,0.2874999940395355,-6.3687500059604645
00-0021460,,2005,WR,0.28125,-6.375
00-0021570,,2005,WR,0.28125,-6.375
00-0022751,,2005,WR,0.262499988079071,-6.393750011920929
00-0004780,,2005,WR,0.21875,-6.4375
00-0021379,,2005,QB,0.7162500023841858,-6.452499806880951
00-0021337,,2005,WR,0.2000000029802322,-6.456249997019768
00-0020485,,2005,WR,0.1812500059604644,-6.4749999940395355
00-0022774,,2005,QB,0.6924999952316284,-6.476249814033508
00-0012637,,2005,WR,0.1749999970197677,-6.481250002980232
00-0019905,,2005,WR,0.1749999970197677,-6.481250002980232
00-0023039,,2005,WR,0.1437499970197677,-6.512500002980232
00-0022121,,2005,QB,0.6475000381469727,-6.521249771118164
00-0022613,,2005,WR,0.1312499940395355,-6.5250000059604645
00-0020613,,2005,QB,0.6312500238418579,-6.537499785423279
00-0023151,,2005,WR,0.1000000014901161,-6.556249998509884
00-0022388,,2005,WR,0.09375,-6.5625
00-0022827,,2005,QB,0.5600000023841858,-6.608749806880951
00-0022055,,2005,QB,0.5262500047683716,-6.642499804496765
00-0023607,,2005,WR,0.0125000001862645,-6.6437499998137355
00-0005180,,2005,QB,0.5174999833106995,-6.651249825954437
00-0020692,,2005,WR,-0.018750000745058,-6.675000000745058
00-0000722,,2005,QB,0.4199999868869781,-6.748749822378159
00-0001335,,2005,QB,0.3812500238418579,-6.787499785423279
00-0020434,,2005,QB,0.3787499964237213,-6.789999812841415
00-0022731,,2005,QB,0.3624999821186065,-6.80624982714653
00-0022768,,2005,QB,0.3337500095367431,-6.8349997997283936
00-0015700,,2005,QB,0.1875,-6.981249809265137
00-0020405,,2005,QB,0.178749993443489,-6.989999815821648
00-0022942,P.Rivers,2005,QB,0.15625,-7.012499809265137
00-0009311,,2005,QB,0.0850000008940696,-7.083749808371067
00-0022027,,2005,QB,0.0425000004470348,-7.126249808818102
00-0023578,D.Orlovsky,2005,QB,0.0324999988079071,-7.13624981045723
00-0003315,,2005,QB,-0.0125000001862645,-7.181249809451401
00-0020679,,2005,QB,-0.0125000001862645,-7.181249809451401
00-0021678,,2005,QB,-0.0125000001862645,-7.181249809451401
00-0019816,,2005,QB,-0.018750000745058,-7.187499810010195
00-0004229,,2005,QB,-0.0237500071525573,-7.192499816417694
00-0005363,,2005,QB,-0.0587500035762786,-7.227499812841415
00-0023459,A.Rodgers,2005,QB,-0.168749988079071,-7.337499797344208
00-0000251,,2005,,6.199999809265137,
00-0004768,,2005,,1.787500023841858,
00-0005229,,2005,,1.4249999523162842,
00-0007254,,2005,,3.368750095367432,
00-0007357,,2005,,0.4937500059604645,
00-0011958,,2005,,3.3812499046325684,
00-0013694,,2005,,1.4874999523162842,
00-0014775,,2005,,1.7999999523162842,
00-0015420,,2005,,3.849999904632568,
00-0015830,,2005,,2.900000095367432,
00-0019100,,2005,,1.556249976158142,
00-0019135,,2005,,0.8375000357627869,
00-0019172,,2005,,0.4375,
00-0019587,,2005,,1.5437500476837158,
00-0019932,,2005,,1.368749976158142,
00-0020507,,2005,,2.856250047683716,
00-0021279,,2005,,4.106249809265137,
00-0022003,,2005,,0.5,
00-0022141,,2005,,2.368750095367432,
00-0022143,,2005,,0.1437500119209289,
00-0022397,,2005,,0.4312499761581421,
00-0022405,,2005,,1.4375,
00-0022796,,2005,,1.0812499523162842,
00-0022970,,2005,,1.2999999523162842,
00-0023063,,2005,,0.637499988079071,
00-0023683,,2005,,0.993749976158142,
00-0000745,,2004,RB,21.725000381469727,17.65000057220459
00-0020536,,2004,RB,20.88249969482422,16.807499885559082
00-0019647,,2004,RB,20.174999237060547,16.09999942779541
00-0021979,,2004,RB,20.162500381469727,16.08750057220459
00-0010442,,2004,RB,19.950000762939453,15.875000953674316
00-0008241,,2004,RB,19.131250381469727,15.05625057220459
00-0011795,,2004,WR,20.5625,14.037499904632568
00-0006101,,2004,TE,16.89375114440918,13.95625114440918
00-0003739,,2004,QB,23.32999992370605,13.418749809265133
00-0021216,,2004,RB,17.256250381469727,13.18125057220459
00-0021547,A.Gates,2004,TE,15.962499618530272,13.024999618530272
00-0010346,,2004,QB,22.505001068115234,12.593750953674316
00-0007744,,2004,WR,18.868749618530277,12.343749523162845
00-0004304,,2004,RB,16.299999237060547,12.22499942779541
00-0021153,,2004,WR,18.4375,11.912499904632568
00-0007681,,2004,WR,18.075000762939453,11.550000667572021
00-0007024,,2004,WR,17.831249237060547,11.306249141693115
00-0020397,,2004,WR,17.518749237060547,10.993749141693115
00-0012478,,2004,WR,17.40625,10.881249904632568
00-0022127,J.Witten,2004,TE,13.8125,10.875
00-0019976,,2004,WR,17.30875015258789,10.783750057220459
00-0021179,,2004,RB,14.600000381469728,10.525000572204592
00-0019641,,2004,RB,14.59375,10.518750190734863
00-0020407,,2004,RB,14.568750381469728,10.493750572204592
00-0020498,,2004,WR,16.850000381469727,10.325000286102295
00-0006305,,2004,RB,14.287500381469728,10.212500572204592
00-0022178,,2004,RB,14.106249809265137,10.03125
00-0019610,,2004,RB,13.88124942779541,9.806249618530273
00-0013013,,2004,RB,13.793749809265137,9.71875
00-0004640,,2004,RB,13.681249618530272,9.606249809265135
00-0004541,,2004,WR,16.075000762939453,9.550000667572021
00-0010500,,2004,WR,15.90625,9.381249904632568
00-0007661,,2004,RB,13.30625057220459,9.231250762939453
00-0019663,,2004,WR,15.606249809265137,9.081249713897705
00-0020527,,2004,RB,13.137499809265137,9.0625
00-0002099,,2004,WR,15.387499809265137,8.862499713897705
00-0016098,,2004,RB,12.931249618530272,8.856249809265135
00-0019831,,2004,RB,12.90625,8.831250190734863
00-0022725,,2004,WR,15.268750190734863,8.743750095367432
00-0015290,,2004,WR,14.918750762939451,8.39375066757202
00-0011022,,2004,QB,18.193750381469727,8.282500267028809
00-0021236,,2004,TE,11.131250381469728,8.193750381469728
00-0021999,,2004,WR,14.71875,8.193749904632568
00-0015754,,2004,WR,14.606250762939451,8.08125066757202
00-0022782,,2004,RB,12.081250190734863,8.006250381469727
00-0020455,,2004,TE,10.90625,7.96875
00-0022044,,2004,WR,14.274999618530272,7.74999952316284
00-0001215,,2004,RB,11.693750381469728,7.618750572204592
00-0015218,,2004,WR,14.074999809265137,7.549999713897705
00-0005092,,2004,RB,11.524999618530272,7.449999809265135
00-0017644,,2004,TE,10.34375,7.40625
00-0011770,,2004,WR,13.887499809265137,7.362499713897705
00-0021148,,2004,TE,10.225000381469728,7.287500381469728
00-0009163,,2004,WR,13.756250381469728,7.231250286102297
00-0020285,,2004,TE,9.962499618530272,7.024999618530272
00-0020474,,2004,RB,11.024999618530272,6.949999809265135
00-0015165,,2004,RB,11.0024995803833,6.927499771118164
00-0019703,,2004,WR,13.337499618530272,6.81249952316284
00-0021976,,2004,RB,10.868749618530272,6.793749809265135
00-0017162,,2004,WR,13.306249618530272,6.78124952316284
00-0022092,,2004,RB,10.58750057220459,6.512500762939453
00-0020446,,2004,WR,13.024999618530272,6.49999952316284
00-0006355,,2004,QB,16.25374984741211,6.342499732971191
00-0021152,,2004,WR,12.806249618530272,6.28124952316284
00-0019693,,2004,RB,10.262500762939451,6.187500953674315
00-0013042,,2004,QB,16.06624984741211,6.154999732971191
00-0008561,,2004,WR,12.622499465942385,6.097499370574953
00-0011754,,2004,WR,12.573749542236328,6.0487494468688965
00-0005106,,2004,QB,15.940000534057615,6.028750419616697
00-0020438,,2004,WR,12.493749618530272,5.96874952316284
00-0020315,,2004,RB,9.831250190734863,5.756250381469727
00-0004161,,2004,QB,15.5337495803833,5.622499465942383
00-0001823,,2004,QB,15.462499618530272,5.551249504089354
00-0022138,,2004,RB,9.612500190734863,5.537500381469727
00-0022910,,2004,WR,12.050000190734863,5.525000095367432
00-0020531,D.Brees,2004,QB,15.228750228881836,5.317500114440918
00-0018958,,2004,WR,11.793749809265137,5.268749713897705
00-0022921,L.Fitzgerald,2004,WR,11.58750057220459,5.062500476837158
00-0022840,,2004,RB,9.112500190734863,5.037500381469727
00-0022909,,2004,WR,11.362500190734863,4.837500095367432
00-0019599,,2004,QB,14.716249465942385,4.804999351501467
00-0019596,T.Brady,2004,QB,14.024999618530272,4.113749504089354
00-0019644,,2004,TE,7.006249904632568,4.068749904632568
00-0021314,,2004,RB,8.112500190734863,4.037500381469727
00-0022736,,2004,RB,8.074999809265137,4.0
00-0021147,,2004,WR,10.524999618530272,3.99999952316284
00-0012642,,2004,WR,10.40625,3.8812499046325684
00-0021154,,2004,TE,6.775000095367432,3.8375000953674316
00-0018501,,2004,RB,7.868750095367432,3.793750286102295
00-0020245,,2004,QB,13.670000076293944,3.7587499618530256
00-0021190,,2004,RB,7.806250095367432,3.731250286102295
00-0022180,,2004,RB,7.762499809265137,3.6875
00-0021100,,2004,TE,6.574999809265137,3.6374998092651367
00-0019484,,2004,RB,7.668749809265137,3.59375
00-0022738,,2004,TE,6.525000095367432,3.5875000953674316
00-0021191,,2004,WR,10.074999809265137,3.549999713897705
00-0021353,,2004,WR,10.074999809265137,3.549999713897705
00-0013888,,2004,WR,10.043749809265137,3.518749713897705
00-0020494,,2004,WR,10.03749942779541,3.5124993324279785
00-0022126,,2004,TE,6.356249809265137,3.4187498092651367
00-0008749,,2004,TE,6.224999904632568,3.2874999046325684
00-0007091,,2004,QB,13.1875,3.276249885559082
00-0020381,,2004,WR,9.78125,3.2562499046325684
00-0011727,,2004,WR,9.675000190734863,3.1500000953674316
00-0021337,,2004,WR,9.600000381469728,3.0750002861022967
00-0013080,,2004,TE,5.993750095367432,3.0562500953674316
00-0022165,,2004,TE,5.956250190734863,3.0187501907348633
00-0022726,,2004,WR,9.524999618530272,2.99999952316284
00-0015091,,2004,RB,6.987500190734863,2.9125003814697266
00-0004294,,2004,TE,5.84375,2.90625
00-0020608,,2004,QB,12.741250038146973,2.8299999237060547
00-0019650,,2004,WR,9.34375,2.8187499046325684
00-0020525,,2004,WR,9.168749809265137,2.643749713897705
00-0007213,,2004,TE,5.418750286102295,2.481250286102295
00-0020964,,2004,RB,6.526249885559082,2.4512500762939453
00-0020904,,2004,WR,8.956250190734863,2.4312500953674316
00-0021159,,2004,TE,5.368750095367432,2.4312500953674316
00-0000166,,2004,TE,5.293749809265137,2.3562498092651367
00-0010333,,2004,TE,5.268750190734863,2.3312501907348633
00-0002159,,2004,RB,6.287499904632568,2.2125000953674316
00-0021376,,2004,RB,6.212500095367432,2.137500286102295
00-0022097,,2004,WR,8.59375,2.0687499046325684
00-0022177,,2004,QB,11.921249389648438,2.0099992752075195
00-0015523,,2004,RB,6.03125,1.9562501907348633
00-0019642,,2004,WR,8.425000190734863,1.9000000953674316
00-0021141,,2004,QB,11.71125030517578,1.8000001907348615
00-0020516,,2004,TE,4.706250190734863,1.7687501907348633
00-0019564,,2004,TE,4.699999809265137,1.7624998092651367
00-0005091,,2004,RB,5.768750190734863,1.6937503814697266
00-0009842,,2004,TE,4.606249809265137,1.6687498092651367
00-0020452,,2004,WR,8.106249809265137,1.581249713897705
00-0022916,,2004,TE,4.493750095367432,1.5562500953674316
00-0021150,,2004,RB,5.556250095367432,1.481250286102295
00-0022217,,2004,RB,5.543750286102295,1.4687504768371582
00-0021183,,2004,TE,4.393750190734863,1.4562501907348633
00-0003292,,2004,QB,11.331250190734863,1.4200000762939453
00-0015601,,2004,RB,5.425000190734863,1.3500003814697266
00-0013232,,2004,WR,7.806249618530273,1.2812495231628418
00-0002586,,2004,TE,4.206250190734863,1.2687501907348633
00-0016550,,2004,WR,7.731249809265137,1.206249713897705
00-0017892,,2004,RB,5.275000095367432,1.200000286102295
00-0020462,,2004,RB,5.256249904632568,1.1812500953674316
00-0022084,,2004,WR,7.662499904632568,1.1374998092651367
00-0009829,,2004,RB,5.199999809265137,1.125
00-0005883,,2004,RB,5.15625,1.0812501907348633
00-0001477,,2004,WR,7.557499885559082,1.0324997901916504
00-0020514,,2004,RB,5.081250190734863,1.0062503814697266
00-0021084,,2004,TE,3.943749904632568,1.006249904632568
00-0020403,,2004,RB,5.037499904632568,0.9625000953674316
00-0019659,,2004,TE,3.893749952316284,0.9562499523162842
00-0021163,,2004,WR,7.449999809265137,0.9249997138977051
00-0016193,,2004,QB,10.807499885559082,0.8962497711181641
00-0017486,,2004,RB,4.96875,0.8937501907348633
00-0021223,,2004,RB,4.924999713897705,0.8499999046325684
00-0020448,,2004,RB,4.875,0.8000001907348633
00-0020513,,2004,WR,7.306250095367432,0.78125
00-0021213,,2004,TE,3.637500047683716,0.7000000476837158
00-0003035,,2004,TE,3.512500047683716,0.5750000476837158
00-0019559,,2004,QB,10.470000267028809,0.5587501525878906
00-0022924,B.Roethlisberger,2004,QB,10.452500343322754,0.5412502288818359
00-0020797,,2004,RB,4.599999904632568,0.5250000953674316
00-0005720,,2004,WR,7.03125,0.5062499046325684
00-0000552,,2004,RB,4.518750190734863,0.44375038146972656
00-0011224,,2004,TE,3.3125,0.375
00-0020127,,2004,TE,3.306250095367432,0.3687500953674321
00-0022893,,2004,RB,4.412499904632568,0.33750009536743164
00-0019606,,2004,WR,6.849999904632568,0.3249998092651367
00-0016919,A.Vinatieri,2004,K,0.2599999904632568,0.2599999904632568
00-0021184,,2004,RB,4.306250095367432,0.23125028610229492
00-0022156,,2004,WR,6.756249904632568,0.23124980926513672
00-0001361,,2004,QB,10.029999732971191,0.11874961853027344
00-0004780,,2004,WR,6.59375,0.06874990463256836
00-0006423,,2004,QB,9.973750114440918,0.0625
00-0019770,,2004,K,0.050000000745058,0.050000000745058
00-0019041,,2004,QB,9.956250190734863,0.04500007629394531
00-0020476,,2004,TE,2.981250047683716,0.04375004768371582
00-0005101,,2004,TE,2.96875,0.03125
00-0004637,,2004,TE,2.9375,0.0
00-0019722,,2004,RB,4.074999809265137,0.0
00-0021192,,2004,WR,6.525000095367432,0.0
00-0021429,C.Palmer,2004,QB,9.911250114440918,0.0
00-0021981,,2004,WR,6.525000095367432,0.0
00-0017693,,2004,K,-0.03125,-0.03125
00-0022057,,2004,RB,4.0,-0.07499980926513672
00-0019533,,2004,RB,3.974999904632568,-0.0999999046325688
00-0019490,,2004,K,-0.125,-0.125
00-0006627,,2004,WR,6.393749713897705,-0.13125038146972656
00-0019808,,2004,RB,3.868750095367432,-0.20624971389770463
00-0022102,,2004,WR,6.300000190734863,-0.22499990463256836
00-0020820,,2004,RB,3.806249856948853,-0.26874995231628374
00-0003663,,2004,RB,3.743750095367432,-0.33124971389770463
00-0022095,,2004,RB,3.743750095367432,-0.33124971389770463
00-0021268,,2004,TE,2.575000047683716,-0.3624999523162842
00-0003396,,2004,WR,6.143750190734863,-0.38124990463256836
00-0011236,,2004,TE,2.549999952316284,-0.3875000476837158
00-0022129,,2004,TE,2.456249952316284,-0.4812500476837158
00-0021273,,2004,TE,2.4375,-0.5
00-0012637,,2004,WR,6.006249904632568,-0.5187501907348633
00-0004915,,2004,WR,5.993750095367432,-0.53125
00-0020342,,2004,TE,2.400000095367432,-0.5374999046325679
00-0022144,,2004,WR,5.981249809265137,-0.5437502861022949
00-0021252,,2004,RB,3.450000047683716,-0.6249997615814209
00-0007468,,2004,WR,5.881249904632568,-0.6437501907348633
00-0022704,,2004,TE,2.28125,-0.65625
00-0016677,,2004,TE,2.243750095367432,-0.6937499046325679
00-0021164,,2004,RB,3.3812499046325684,-0.6937499046325684
00-0022011,,2004,RB,3.368750095367432,-0.7062497138977046
00-0006804,,2004,TE,2.21875,-0.71875
00-0020490,,2004,WR,5.800000190734863,-0.7249999046325684
00-0022051,,2004,TE,2.1312499046325684,-0.8062500953674316
00-0022164,,2004,QB,9.078749656677246,-0.8325004577636719
00-0013639,,2004,WR,5.681250095367432,-0.84375
00-0022825,,2004,RB,3.212500095367432,-0.8624997138977046
00-0022215,,2004,TE,2.049999952316284,-0.8875000476837158
00-0020427,,2004,WR,5.606249809265137,-0.9187502861022949
00-0022001,,2004,WR,5.53125,-0.9937500953674316
00-0001661,,2004,TE,1.893749952316284,-1.043750047683716
00-0019127,,2004,TE,1.856250047683716,-1.081249952316284
00-0022006,,2004,RB,2.9749999046325684,-1.0999999046325684
00-0022171,,2004,WR,5.418749809265137,-1.106250286102295
00-0019457,,2004,TE,1.8125,-1.125
00-0020471,,2004,RB,2.9437499046325684,-1.1312499046325684
00-0021206,J.McCown,2004,QB,8.758749961853027,-1.1525001525878906
00-0021227,,2004,TE,1.774999976158142,-1.162500023841858
00-0021098,,2004,RB,2.875,-1.1999998092651367
00-0021756,,2004,TE,1.7375000715255735,-1.1999999284744265
00-0019516,,2004,RB,2.8687498569488525,-1.2062499523162842
00-0001627,,2004,WR,5.306250095367432,-1.21875
00-0013728,,2004,TE,1.7000000476837158,-1.2374999523162842
00-0013268,,2004,WR,5.287499904632568,-1.2375001907348633
00-0003400,,2004,TE,1.6375000476837158,-1.2999999523162842
00-0021929,,2004,TE,1.625,-1.3125
00-0016373,,2004,WR,5.181250095367432,-1.34375
00-0008196,,2004,RB,2.668750047683716,-1.406249761581421
00-0020550,,2004,TE,1.524999976158142,-1.412500023841858
00-0019464,,2004,TE,1.5187499523162842,-1.4187500476837158
00-0009119,,2004,TE,1.46875,-1.46875
00-0019660,,2004,WR,5.025000095367432,-1.5
00-0021980,,2004,TE,1.431249976158142,-1.506250023841858
00-0022232,,2004,TE,1.4187500476837158,-1.5187499523162842
00-0022826,,2004,WR,4.956250190734863,-1.5687499046325684
00-0020171,,2004,WR,4.949999809265137,-1.575000286102295
00-0019863,,2004,RB,2.487499952316284,-1.5874998569488525
00-0022060,,2004,TE,1.34375,-1.59375
00-0022751,,2004,WR,4.925000190734863,-1.5999999046325684
00-0020268,,2004,TE,1.2999999523162842,-1.6375000476837158
00-0022897,,2004,RB,2.40625,-1.6687498092651367
00-0021525,,2004,TE,1.2687499523162842,-1.6687500476837158
00-0014450,,2004,RB,2.362499952316284,-1.7124998569488525
00-0002962,,2004,WR,4.793749809265137,-1.731250286102295
00-0010668,,2004,WR,4.787499904632568,-1.7375001907348633
00-0022759,,2004,TE,1.193750023841858,-1.743749976158142
00-0021406,,2004,WR,4.78125,-1.7437500953674316
00-0021282,,2004,TE,1.1875,-1.75
00-0008560,,2004,WR,4.768750190734863,-1.7562499046325684
00-0006043,,2004,WR,4.731249809265137,-1.793750286102295
00-0017356,,2004,TE,1.0812499523162842,-1.8562500476837158
00-0021509,,2004,RB,2.212500095367432,-1.8624997138977046
00-0021636,,2004,TE,1.0499999523162842,-1.8875000476837158
00-0019721,,2004,WR,4.631249904632568,-1.8937501907348633
00-0022093,,2004,RB,2.150000095367432,-1.9249997138977046
00-0022538,,2004,RB,2.1000001430511475,-1.9749996662139893
00-0021260,,2004,RB,2.0999999046325684,-1.9749999046325684
00-0008962,,2004,WR,4.518750190734863,-2.0062499046325684
00-0022582,,2004,TE,0.931249976158142,-2.006250023841858
00-0020187,,2004,TE,0.912500023841858,-2.024999976158142
00-0020497,,2004,WR,4.481249809265137,-2.043750286102295
00-0021176,,2004,WR,4.46875,-2.0562500953674316
00-0020805,,2004,RB,2.0062499046325684,-2.0687499046325684
00-0020332,,2004,TE,0.862500011920929,-2.074999988079071
00-0022054,,2004,TE,0.84375,-2.09375
00-0020984,,2004,WR,4.393750190734863,-2.1312499046325684
00-0003103,,2004,TE,0.78125,-2.15625
00-0020700,,2004,RB,1.90625,-2.1687498092651367
00-0018578,,2004,TE,0.7562500238418579,-2.181249976158142
00-0021175,,2004,WR,4.331250190734863,-2.1937499046325684
00-0020428,,2004,WR,4.293749809265137,-2.231250286102295
00-0013422,,2004,TE,0.637499988079071,-2.300000011920929
00-0003136,,2004,RB,1.7687500715255735,-2.306249737739563
00-0022385,,2004,TE,0.6312500238418579,-2.306249976158142
00-0022922,,2004,TE,0.625,-2.3125
00-0002102,,2004,TE,0.574999988079071,-2.362500011920929
00-0021182,,2004,RB,1.681249976158142,-2.3937498331069946
00-0021209,,2004,RB,1.6749999523162842,-2.3999998569488525
00-0019907,,2004,TE,0.512499988079071,-2.425000011920929
00-0019539,,2004,WR,4.099999904632568,-2.4250001907348633
00-0005779,,2004,RB,1.6437499523162842,-2.4312498569488525
00-0004574,,2004,TE,0.4875000119209289,-2.449999988079071
00-0020985,,2004,TE,0.46875,-2.46875
00-0019643,,2004,RB,1.600000023841858,-2.474999785423279
00-0006666,,2004,TE,0.4625000059604645,-2.4749999940395355
00-0022706,,2004,TE,0.4625000059604645,-2.4749999940395355
00-0022847,,2004,TE,0.4562500119209289,-2.481249988079071
00-0019134,,2004,RB,1.5437499284744265,-2.5312498807907104
00-0009443,,2004,TE,0.3687499761581421,-2.568750023841858
00-0021409,,2004,TE,0.34375,-2.59375
00-0022250,,2004,RB,1.4500000476837158,-2.624999761581421
00-0021554,,2004,TE,0.3062500059604645,-2.6312499940395355
00-0011551,,2004,TE,0.293749988079071,-2.643750011920929
00-0015811,,2004,WR,3.875,-2.6500000953674316
00-0009323,,2004,TE,0.2750000059604645,-2.6624999940395355
00-0022889,,2004,WR,3.862499952316284,-2.6625001430511475
00-0019919,,2004,TE,0.2312500029802322,-2.7062499970197678
00-0002565,,2004,TE,0.2249999940395355,-2.7125000059604645
00-0022943,B.Watson,2004,TE,0.2249999940395355,-2.7125000059604645
00-0022449,,2004,RB,1.318750023841858,-2.756249785423279
00-0003803,,2004,TE,0.1687500029802322,-2.7687499970197678
00-0022901,,2004,WR,3.756249904632568,-2.7687501907348637
00-0022907,,2004,TE,0.15625,-2.78125
00-0014655,,2004,TE,0.1500000059604644,-2.7874999940395355
00-0020754,,2004,WR,3.737499952316284,-2.7875001430511475
00-0021304,,2004,TE,0.1312499940395355,-2.8062500059604645
00-0021673,,2004,RB,1.2625000476837158,-2.812499761581421
00-0021403,,2004,TE,0.1187499985098838,-2.818750001490116
00-0021586,,2004,TE,0.1187499985098838,-2.818750001490116
00-0020274,,2004,TE,0.1062500029802322,-2.8312499970197678
00-0005231,,2004,WR,3.674999952316284,-2.8500001430511475
00-0021287,,2004,TE,0.0687500014901161,-2.868749998509884
00-0005620,,2004,RB,1.1750000715255735,-2.899999737739563
00-0021570,,2004,WR,3.612499952316284,-2.9125001430511475
00-0018588,,2004,RB,1.15625,-2.9187498092651367
00-0007180,,2004,RB,1.131250023841858,-2.943749785423279
00-0020391,,2004,RB,1.087499976158142,-2.9874998331069946
00-0019997,,2004,WR,3.512500047683716,-3.012500047683716
00-0020587,,2004,RB,1.03125,-3.0437498092651367
00-0019057,,2004,RB,1.0187499523162842,-3.0562498569488525
00-0020430,,2004,RB,1.0187499523162842,-3.0562498569488525
00-0000942,,2004,RB,0.993749976158142,-3.0812498331069946
00-0021343,,2004,RB,0.975000023841858,-3.099999785423279
00-0005755,,2004,QB,6.758749961853027,-3.1525001525878906
00-0020485,,2004,WR,3.362499952316284,-3.1625001430511475
00-0004052,,2004,RB,0.9000000357627869,-3.17499977350235
00-0021750,,2004,RB,0.8999999761581421,-3.1749998331069946
00-0022116,,2004,RB,0.8937499523162842,-3.1812498569488525
00-0022821,,2004,RB,0.824999988079071,-3.2499998211860657
00-0022807,,2004,WR,3.268749952316284,-3.2562501430511475
00-0019623,,2004,QB,6.641250133514404,-3.2699999809265137
00-0022384,,2004,RB,0.7000000476837158,-3.374999761581421
00-0013262,,2004,RB,0.643750011920929,-3.4312497973442078
00-0022130,,2004,RB,0.6187499761581421,-3.4562498331069946
00-0000007,,2004,RB,0.574999988079071,-3.4999998211860657
00-0002380,,2004,RB,0.5625,-3.5124998092651367
00-0020917,,2004,RB,0.5625,-3.5124998092651367
00-0020793,,2004,RB,0.5562499761581421,-3.5187498331069946
00-0002058,,2004,WR,3.0,-3.5250000953674316
00-0021936,,2004,RB,0.512499988079071,-3.5624998211860657
00-0022797,,2004,RB,0.4812500178813934,-3.5937497913837433
00-0001098,,2004,RB,0.481249988079071,-3.5937498211860657
00-0020094,,2004,RB,0.481249988079071,-3.5937498211860657
00-0021755,,2004,RB,0.4562500119209289,-3.6187497973442078
00-0021306,,2004,RB,0.4312500059604645,-3.6437498033046722
00-0017611,,2004,WR,2.856250047683716,-3.668750047683716
00-0022926,,2004,RB,0.4000000059604645,-3.6749998033046722
00-0017896,,2004,RB,0.3999999761581421,-3.6749998331069946
00-0015980,,2004,WR,2.8499999046325684,-3.6750001907348633
00-0022770,,2004,RB,0.375,-3.6999998092651367
00-0022883,,2004,RB,0.375,-3.6999998092651367
00-0017200,,2004,QB,6.197500228881836,-3.713749885559082
00-0021810,,2004,RB,0.3499999940395355,-3.724999815225601
00-0021387,,2004,RB,0.34375,-3.7312498092651367
00-0010632,,2004,RB,0.3375000059604645,-3.7374998033046722
00-0020508,,2004,RB,0.3312500119209289,-3.7437497973442078
00-0021938,,2004,RB,0.3312500119209289,-3.7437497973442078
00-0022363,,2004,RB,0.3312499821186065,-3.74374982714653
00-0010747,,2004,RB,0.2687500119209289,-3.8062497973442078
00-0020046,,2004,RB,0.262499988079071,-3.8124998211860657
00-0021845,,2004,RB,0.2000000029802322,-3.8749998062849045
00-0022872,,2004,RB,0.1875,-3.8874998092651367
00-0020479,,2004,RB,0.1750000119209289,-3.8999997973442078
00-0020058,,2004,RB,0.1749999970197677,-3.899999812245369
00-0021955,,2004,RB,0.1749999970197677,-3.899999812245369
00-0022224,,2004,RB,0.168749988079071,-3.9062498211860657
00-0019302,,2004,WR,2.5999999046325684,-3.9250001907348633
00-0003344,,2004,RB,0.1375000029802322,-3.9374998062849045
00-0002068,,2004,WR,2.587500095367432,-3.9374999999999996
00-0019453,,2004,RB,0.1187499985098838,-3.956249810755253
00-0021305,,2004,RB,0.1187499985098838,-3.956249810755253
00-0002743,,2004,RB,0.1062500029802322,-3.9687498062849045
00-0021747,,2004,RB,0.09375,-3.9812498092651367
00-0021253,,2004,RB,0.0874999985098838,-3.987499810755253
00-0022464,,2004,RB,0.0874999985098838,-3.987499810755253
00-0020073,,2004,RB,0.0687500014901161,-4.006249807775021
00-0022288,,2004,RB,0.0625,-4.012499809265137
00-0021993,,2004,WR,2.512500047683716,-4.012500047683716
00-0021424,,2004,WR,2.5,-4.025000095367432
00-0021048,,2004,RB,0.0125000001862645,-4.062499809078872
00-0021434,,2004,RB,0.0125000001862645,-4.062499809078872
00-0021087,,2004,RB,0.0062500000931322,-4.0687498091720045
00-0021357,,2004,RB,0.0,-4.074999809265137
00-0021174,,2004,WR,2.40625,-4.118750095367432
00-0016440,,2004,WR,2.331249952316284,-4.1937501430511475
00-0021508,,2004,WR,2.306250095367432,-4.21875
00-0020305,,2004,QB,5.688750267028809,-4.222499847412109
00-0017847,,2004,WR,2.268749952316284,-4.2562501430511475
00-0022124,,2004,WR,2.200000047683716,-4.325000047683716
00-0019505,,2004,WR,2.106250047683716,-4.418750047683716
00-0020343,,2004,WR,2.081249952316284,-4.4437501430511475
00-0022766,,2004,WR,2.012500047683716,-4.512500047683716
00-0021927,,2004,WR,1.96875,-4.556250095367432
00-0021166,,2004,WR,1.950000047683716,-4.575000047683716
00-0021379,,2004,QB,5.28125,-4.630000114440918
00-0020780,,2004,WR,1.887500047683716,-4.637500047683716
00-0019242,,2004,WR,1.831249952316284,-4.6937501430511475
00-0021460,,2004,WR,1.818750023841858,-4.706250071525574
00-0022892,,2004,WR,1.8125,-4.712500095367432
00-0022064,,2004,WR,1.8000000715255735,-4.725000023841858
00-0022754,,2004,WR,1.7937500476837158,-4.731250047683716
00-0014489,,2004,WR,1.787500023841858,-4.737500071525574
00-0011024,,2004,QB,5.157500267028809,-4.753749847412109
00-0021982,,2004,WR,1.725000023841858,-4.800000071525574
00-0019600,,2004,WR,1.6687500476837158,-4.856250047683716
00-0021915,,2004,WR,1.6124999523162842,-4.9125001430511475
00-0019455,,2004,WR,1.5687499046325684,-4.956250190734863
00-0020692,,2004,WR,1.556249976158142,-4.9687501192092896
00-0021309,,2004,WR,1.4187500476837158,-5.106250047683716
00-0004673,,2004,WR,1.40625,-5.118750095367432
00-0021647,,2004,WR,1.3562500476837158,-5.168750047683716
00-0022388,,2004,WR,1.3312499523162842,-5.1937501430511475
00-0022679,,2004,WR,1.2374999523162842,-5.2875001430511475
00-0022781,,2004,WR,1.193750023841858,-5.331250071525574
00-0022811,,2004,WR,1.125,-5.400000095367432
00-0021973,,2004,WR,0.987500011920929,-5.537500083446503
00-0020617,,2004,WR,0.956250011920929,-5.568750083446503
00-0021931,,2004,WR,0.918749988079071,-5.606250107288361
00-0022414,,2004,WR,0.8687499761581421,-5.6562501192092896
00-0022664,,2004,WR,0.762499988079071,-5.762500107288361
00-0020464,,2004,WR,0.7562500238418579,-5.768750071525574
00-0020021,,2004,WR,0.75,-5.775000095367432
00-0020337,,2004,WR,0.75,-5.775000095367432
00-0002110,,2004,QB,4.122499942779541,-5.788750171661377
00-0022674,,2004,WR,0.699999988079071,-5.825000107288361
00-0014729,,2004,WR,0.6875,-5.837500095367432
00-0020770,,2004,WR,0.6875,-5.837500095367432
00-0020415,,2004,WR,0.6187499761581421,-5.9062501192092896
00-0021530,,2004,WR,0.5062500238418579,-6.018750071525574
00-0021923,,2004,WR,0.4312500059604645,-6.093750089406967
00-0021890,,2004,WR,0.375,-6.150000095367432
00-0022427,,2004,WR,0.375,-6.150000095367432
00-0021094,,2004,WR,0.3625000119209289,-6.162500083446503
00-0022135,,2004,WR,0.3375000059604645,-6.187500089406967
00-0021212,,2004,WR,0.2874999940395355,-6.237500101327896
00-0006777,,2004,WR,0.28125,-6.243750095367432
00-0022087,,2004,WR,0.2062499970197677,-6.318750098347664
00-0022111,,2004,WR,0.2062499970197677,-6.318750098347664
00-0021969,,2004,WR,0.2000000029802322,-6.325000092387199
00-0022621,,2004,WR,0.2000000029802322,-6.325000092387199
00-0005180,,2004,QB,3.583750009536743,-6.327500104904175
00-0020361,,2004,WR,0.1875,-6.337500095367432
00-0022873,,2004,WR,0.1875,-6.337500095367432
00-0017160,,2004,WR,0.1624999940395355,-6.362500101327896
00-0022739,,2004,WR,0.15625,-6.368750095367432
00-0011641,,2004,WR,0.1124999970197677,-6.412500098347664
00-0019281,,2004,WR,0.1124999970197677,-6.412500098347664
00-0021788,,2004,WR,0.1124999970197677,-6.412500098347664
00-0021780,,2004,WR,0.1062500029802322,-6.418750092387199
00-0019552,,2004,WR,0.09375,-6.431250095367432
00-0021560,,2004,WR,0.09375,-6.431250095367432
00-0009869,,2004,WR,0.0874999985098838,-6.437500096857548
00-0022032,,2004,WR,0.0812499970197677,-6.443750098347664
00-0022039,,2004,QB,3.1212499141693115,-6.7900002002716064
00-0022803,E.Manning,2004,QB,3.0762500762939453,-6.835000038146973
00-0007576,,2004,QB,2.9549999237060547,-6.956250190734863
00-0020562,,2004,QB,2.470000028610229,-7.4412500858306885
00-0009311,,2004,QB,2.445000171661377,-7.466249942779541
00-0008442,,2004,QB,2.2037501335144043,-7.707499980926514
00-0021231,,2004,QB,2.1600000858306885,-7.7512500286102295
00-0020404,,2004,QB,1.995000004768372,-7.916250109672546
00-0005741,,2004,QB,1.9725000858306885,-7.9387500286102295
00-0005363,,2004,QB,1.9337499141693115,-7.9775002002716064
00-0022864,L.McCown,2004,QB,1.9262499809265137,-7.985000133514404
00-0021277,,2004,QB,1.8287500143051147,-8.082500100135803
00-0022121,,2004,QB,1.8174999952316284,-8.09375011920929
00-0022818,,2004,QB,1.4262499809265137,-8.485000133514404
00-0013338,,2004,QB,1.1262500286102295,-8.785000085830688
00-0009266,,2004,QB,1.0674999952316284,-8.84375011920929
00-0022744,,2004,QB,0.90625,-9.005000114440918
00-0022005,,2004,QB,0.8800000548362732,-9.031250059604645
00-0004293,,2004,QB,0.7949999570846558,-9.116250157356262
00-0022787,M.Schaub,2004,QB,0.7350000143051147,-9.176250100135803
00-0010261,,2004,QB,0.6662499904632568,-9.245000123977661
00-0002876,,2004,QB,0.5375000238418579,-9.37375009059906
00-0020480,,2004,QB,0.5350000262260437,-9.376250088214874
00-0010455,,2004,QB,0.4699999988079071,-9.44125011563301
00-0001335,,2004,QB,0.3524999916553497,-9.558750122785568
00-0010560,,2004,QB,0.3412500023841858,-9.570000112056732
00-0022942,P.Rivers,2004,QB,0.3012499809265136,-9.610000133514404
00-0022181,,2004,QB,0.2387499958276748,-9.672500118613243
00-0020308,,2004,QB,0.1800000071525573,-9.73125010728836
00-0022827,,2004,QB,0.1700000017881393,-9.741250112652779
00-0022026,,2004,QB,0.1624999940395355,-9.748750120401382
00-0019087,,2004,QB,0.1574999988079071,-9.75375011563301
00-0012726,,2004,QB,0.1437500119209289,-9.767500102519989
00-0003315,,2004,QB,0.1299999952316284,-9.78125011920929
00-0021238,,2004,QB,0.1287499964237213,-9.782500118017197
00-0004229,,2004,QB,0.0987499952316284,-9.81250011920929
00-0000722,,2004,QB,0.0399999991059303,-9.871250115334988
00-0012732,,2004,QB,0.0012499999720603,-9.910000114468858
00-0005589,,2004,QB,0.0,-9.911250114440918
00-0015700,,2004,QB,-0.0062500000931322,-9.91750011453405
00-0021296,,2004,QB,-0.0125000001862645,-9.923750114627182
00-0022101,,2004,QB,-0.018750000745058,-9.930000115185976
00-0022912,,2004,QB,-0.0762500017881393,-9.987500116229057
00-0022731,,2004,QB,-0.0812499970197677,-9.992500111460686
00-0000251,,2004,,5.012499809265137,
00-0000339,,2004,,5.021250247955322,
00-0004768,,2004,,0.6937500238418579,
00-0005229,,2004,,1.681249976158142,
00-0007254,,2004,,4.743750095367432,
00-0007357,,2004,,0.262499988079071,
00-0007579,,2004,,1.4500000476837158,
00-0009417,,2004,,1.4187500476837158,
00-0011958,,2004,,1.4312500953674316,
00-0013694,,2004,,2.275000095367432,
00-0013773,,2004,,0.4749999940395355,
00-0014775,,2004,,1.774999976158142,
00-0015420,,2004,,5.375,
00-0015830,,2004,,2.625,
00-0019100,,2004,,4.606249809265137,
00-0019135,,2004,,1.5812499523162842,
00-0019172,,2004,,1.96875,
00-0019587,,2004,,0.737500011920929,
00-0019932,,2004,,1.03125,
00-0020507,,2004,,0.3250000178813934,
00-0021279,,2004,,4.462500095367432,
00-0021371,,2004,,1.431249976158142,
00-0022003,,2004,,0.34375,
00-0022141,,2004,,1.6124999523162842,
00-0022405,,2004,,0.0874999985098838,
00-0022796,,2004,,0.6812499761581421,
00-0007661,,2003,RB,27.8125,23.769999980926514
00-0020536,,2003,RB,27.739999771118164,23.697499752044678
00-0006305,,2003,RB,24.0625,20.019999980926514
00-0011754,,2003,WR,23.5,16.38124990463257
00-0020527,,2003,RB,20.293750762939453,16.251250743865967
00-0019693,,2003,RB,20.174999237060547,16.13249921798706
00-0021179,,2003,RB,19.53125,15.488749980926514
00-0007681,,2003,WR,22.443750381469727,15.325000286102295
00-0019647,,2003,RB,19.0625,15.019999980926514
00-0016098,,2003,RB,17.262500762939453,13.220000743865967
00-0017915,,2003,RB,17.018749237060547,12.97624921798706
00-0008241,,2003,RB,16.618749618530273,12.576249599456787
00-0017892,,2003,RB,15.618749618530272,11.576249599456785
00-0000745,,2003,RB,15.287500381469728,11.245000362396242
00-0006101,,2003,TE,13.90625,11.0625
00-0020397,,2003,WR,17.84375,10.724999904632568
00-0022084,,2003,WR,17.793750762939453,10.675000667572021
00-0020471,,2003,RB,14.693750381469728,10.651250362396242
00-0007024,,2003,WR,17.34375,10.224999904632568
00-0017162,,2003,WR,17.337499618530273,10.218749523162842
00-0021979,,2003,RB,14.199999809265137,10.15749979019165
00-0010500,,2003,WR,17.149999618530273,10.031249523162842
00-0005092,,2003,RB,13.862500190734863,9.820000171661377
00-0013013,,2003,RB,13.699999809265137,9.65749979019165
00-0004052,,2003,RB,13.518750190734863,9.476250171661377
00-0021216,,2003,RB,13.15625,9.113749980926514
00-0003739,,2003,QB,17.084999084472656,9.099998950958252
00-0010346,,2003,QB,16.89875030517578,8.913750171661377
00-0010442,,2003,RB,12.9375,8.894999980926514
00-0014722,,2003,TE,11.6875,8.84375
00-0020474,,2003,RB,12.631250381469728,8.588750362396242
00-0020337,,2003,WR,15.699999809265137,8.581249713897705
00-0010668,,2003,WR,15.493749618530272,8.37499952316284
00-0020494,,2003,WR,15.449999809265137,8.331249713897705
00-0012478,,2003,WR,15.25,8.131249904632568
00-0018958,,2003,WR,15.143750190734863,8.025000095367432
00-0006355,,2003,QB,15.741250038146973,7.756249904632568
00-0007744,,2003,WR,14.835000038146973,7.716249942779541
00-0007091,,2003,QB,15.641249656677246,7.656249523162842
00-0020407,,2003,RB,11.643750190734863,7.601250171661377
00-0019663,,2003,WR,14.606249809265137,7.487499713897705
00-0011024,,2003,QB,15.190000534057615,7.205000400543211
00-0020446,,2003,WR,14.206250190734863,7.087500095367432
00-0019455,,2003,WR,14.100000381469728,6.981250286102297
00-0020516,,2003,TE,9.649999618530272,6.806249618530272
00-0005883,,2003,RB,10.71250057220459,6.6700005531311035
00-0001823,,2003,QB,14.383749961853027,6.398749828338623
00-0002159,,2003,RB,10.412500381469728,6.370000362396242
00-0005779,,2003,RB,10.368749618530272,6.326249599456785
00-0004640,,2003,RB,10.362500190734863,6.320000171661377
00-0005755,,2003,QB,14.141249656677246,6.156249523162842
00-0021376,,2003,RB,10.018750190734863,5.976250171661377
00-0005106,,2003,QB,13.87125015258789,5.886250019073486
00-0009311,,2003,QB,13.868749618530272,5.883749485015867
00-0015523,,2003,RB,9.868749618530272,5.826249599456785
00-0011022,,2003,QB,13.69499969482422,5.709999561309816
00-0019599,,2003,QB,13.581250190734863,5.596250057220459
00-0008442,,2003,QB,13.508749961853027,5.523749828338623
00-0002099,,2003,WR,12.59000015258789,5.471250057220459
00-0019596,T.Brady,2003,QB,13.44374942779541,5.458749294281006
00-0020403,,2003,RB,9.4375,5.394999980926514
00-0001532,,2003,WR,12.487500190734863,5.368750095367432
00-0016550,,2003,WR,12.449999809265137,5.331249713897705
00-0019516,,2003,RB,9.25624942779541,5.213749408721924
00-0005091,,2003,RB,9.237500190734863,5.195000171661377
00-0015290,,2003,WR,12.204999923706056,5.086249828338625
00-0020498,,2003,WR,12.112500190734863,4.993750095367432
00-0008749,,2003,TE,7.793749809265137,4.949999809265137
00-0007180,,2003,RB,8.931249618530273,4.888749599456787
00-0021236,,2003,TE,7.550000190734863,4.706250190734863
00-0001215,,2003,RB,8.668749809265137,4.62624979019165
00-0011224,,2003,TE,7.449999809265137,4.606249809265137
00-0022044,,2003,WR,11.662500381469728,4.543750286102297
00-0021148,,2003,TE,7.200000286102295,4.356250286102295
00-0020285,,2003,TE,7.199999809265137,4.356249809265137
00-0013080,,2003,TE,7.006250381469727,4.162500381469727
00-0009323,,2003,TE,6.974999904632568,4.131249904632568
00-0020490,,2003,WR,11.131250381469728,4.012500286102297
00-0020381,,2003,WR,11.100000381469728,3.9812502861022967
00-0020270,,2003,RB,7.96875,3.9262499809265137
00-0020404,,2003,QB,11.861249923706056,3.876249790191652
00-0018501,,2003,RB,7.893750190734863,3.851250171661377
00-0020022,,2003,RB,7.837500095367432,3.7950000762939453
00-0021154,,2003,TE,6.431249618530273,3.5874996185302734
00-0009163,,2003,WR,10.643750190734863,3.5250000953674316
00-0019457,,2003,TE,6.349999904632568,3.5062499046325684
00-0019642,,2003,WR,10.581250190734863,3.4625000953674316
00-0019641,,2003,RB,7.418749809265137,3.3762497901916504
00-0022138,,2003,RB,7.362499713897705,3.3199996948242188
00-0019659,,2003,TE,6.143750190734863,3.3000001907348633
00-0013232,,2003,WR,10.381250381469728,3.2625002861022967
00-0021153,,2003,WR,10.293749809265137,3.174999713897705
00-0003035,,2003,TE,5.956250190734863,3.1125001907348633
00-0006043,,2003,WR,10.181249618530272,3.06249952316284
00-0019057,,2003,RB,7.056250095367432,3.0137500762939453
00-0011236,,2003,TE,5.84375,3.0
00-0017486,,2003,RB,6.987499713897705,2.9449996948242188
00-0013712,,2003,TE,5.775000095367432,2.9312500953674316
00-0013639,,2003,WR,9.943750381469728,2.8250002861022967
00-0020525,,2003,WR,9.927499771118164,2.8087496757507324
00-0015218,,2003,WR,9.90625,2.7874999046325684
00-0004915,,2003,WR,9.875,2.7562499046325684
00-0010261,,2003,QB,10.734999656677246,2.749999523162842
00-0011727,,2003,WR,9.837499618530272,2.71874952316284
00-0004161,,2003,QB,10.69124984741211,2.706249713897705
00-0021192,,2003,WR,9.774999618530272,2.65624952316284
00-0019650,,2003,WR,9.699999809265137,2.581249713897705
00-0007468,,2003,WR,9.668749809265137,2.549999713897705
00-0013042,,2003,QB,10.488750457763672,2.5037503242492676
00-0011795,,2003,WR,9.59375,2.4749999046325684
00-0017356,,2003,TE,5.293749809265137,2.4499998092651367
00-0015091,,2003,RB,6.462500095367432,2.4200000762939453
00-0014729,,2003,WR,9.449999809265137,2.331249713897705
00-0019644,,2003,TE,5.131249904632568,2.2874999046325684
00-0021190,,2003,RB,6.258749961853027,2.216249942779541
00-0015811,,2003,WR,9.28125,2.1624999046325684
00-0011770,,2003,WR,9.25,2.1312499046325684
00-0021357,,2003,RB,6.168749809265137,2.1262497901916504
00-0001477,,2003,WR,9.175000190734863,2.0562500953674316
00-0021164,,2003,RB,5.974999904632568,1.932499885559082
00-0022127,J.Witten,2003,TE,4.731249809265137,1.8874998092651367
00-0002586,,2003,TE,4.618750095367432,1.7750000953674316
00-0021547,A.Gates,2003,TE,4.556250095367432,1.7125000953674316
00-0021141,,2003,QB,9.675000190734863,1.690000057220459
00-0008560,,2003,WR,8.712499618530273,1.5937495231628418
00-0019649,,2003,RB,5.549999713897705,1.5074996948242188
00-0021084,,2003,TE,4.324999809265137,1.4812498092651367
00-0022165,,2003,TE,4.3125,1.46875
00-0005101,,2003,TE,4.28125,1.4375
00-0003400,,2003,TE,4.1875,1.34375
00-0020342,,2003,TE,4.143750190734863,1.3000001907348633
00-0022177,,2003,QB,9.22249984741211,1.237499713897705
00-0004304,,2003,RB,5.262499809265137,1.2199997901916504
00-0022126,,2003,TE,4.0625,1.21875
00-0021183,,2003,TE,3.924999952316284,1.0812499523162842
00-0004541,,2003,WR,8.199999809265137,1.081249713897705
00-0021166,,2003,WR,8.162500381469727,1.043750286102295
00-0021175,,2003,WR,8.149999618530273,1.0312495231628418
00-0001661,,2003,TE,3.818749904632568,0.9749999046325679
00-0020964,,2003,RB,4.974999904632568,0.932499885559082
00-0003292,,2003,QB,8.831250190734863,0.846250057220459
00-0009842,,2003,TE,3.643749952316284,0.7999999523162842
00-0019660,,2003,WR,7.912499904632568,0.7937498092651367
00-0019721,,2003,WR,7.900000095367432,0.78125
00-0020430,,2003,RB,4.724999904632568,0.682499885559082
00-0021750,,2003,RB,4.668750286102295,0.6262502670288086
00-0006627,,2003,WR,7.740000247955322,0.6212501525878906
00-0012637,,2003,WR,7.737500190734863,0.6187500953674316
00-0020514,,2003,RB,4.618750095367432,0.5762500762939453
00-0008561,,2003,WR,7.693749904632568,0.5749998092651367
00-0019594,,2003,RB,4.5625,0.5199999809265137
00-0021150,,2003,RB,4.556250095367432,0.5137500762939453
00-0003396,,2003,WR,7.625,0.5062499046325684
00-0001335,,2003,QB,8.486249923706055,0.5012497901916504
00-0014450,,2003,RB,4.518750190734863,0.47625017166137695
00-0021268,,2003,TE,3.306250095367432,0.4625000953674321
00-0004294,,2003,TE,3.275000095367432,0.4312500953674321
00-0021314,,2003,RB,4.425000190734863,0.38250017166137695
00-0002058,,2003,WR,7.481249809265137,0.3624997138977051
00-0005816,,2003,RB,4.393750190734863,0.35125017166137695
00-0021525,,2003,TE,3.1875,0.34375
00-0021353,,2003,WR,7.4375,0.31874990463256836
00-0021184,,2003,RB,4.324999809265137,0.2824997901916504
00-0019590,,2003,RB,4.268750190734863,0.22625017166137695
00-0001361,,2003,QB,8.206250190734863,0.22125005722045898
00-0021379,,2003,QB,8.1850004196167,0.20000028610229492
00-0019539,,2003,WR,7.306250095367432,0.1875
00-0017109,,2003,TE,3.0124998092651367,0.16874980926513672
00-0020739,,2003,RB,4.199999809265137,0.1574997901916504
00-0021152,,2003,WR,7.256250381469727,0.13750028610229492
00-0016440,,2003,WR,7.256249904632568,0.13749980926513672
00-0003663,,2003,RB,4.175000190734863,0.13250017166137695
00-0005720,,2003,WR,7.212500095367432,0.09375
00-0004091,P.Dawson,2003,K,0.0874999985098838,0.0874999985098838
00-0017693,,2003,K,0.0437499992549419,0.0437499992549419
00-0020171,,2003,WR,7.162499904632568,0.04374980926513672
00-0002655,,2003,K,0.018750000745058,0.018750000745058
00-0022057,,2003,RB,4.061249732971191,0.018749713897705078
00-0002068,,2003,WR,7.118750095367432,0.0
00-0002565,,2003,TE,2.84375,0.0
00-0018343,,2003,TE,2.84375,0.0
00-0019559,,2003,QB,7.985000133514404,0.0
00-0019794,,2003,RB,4.042500019073486,0.0
00-0020462,,2003,RB,4.006249904632568,-0.03625011444091797
00-0020428,,2003,WR,7.074999809265137,-0.04375028610229492
00-0005180,,2003,QB,7.938750267028809,-0.0462498664855957
00-0001098,,2003,RB,3.993750095367432,-0.04874992370605424
00-0019242,,2003,WR,7.058750152587891,-0.059999942779541016
00-0013888,,2003,WR,7.006249904632568,-0.11250019073486328
00-0015165,,2003,RB,3.8937501907348633,-0.14874982833862305
00-0020315,,2003,RB,3.893749952316284,-0.14875006675720215
00-0022011,,2003,RB,3.875,-0.16750001907348633
00-0021252,,2003,RB,3.862499952316284,-0.18000006675720215
00-0020268,,2003,TE,2.637500047683716,-0.20624995231628418
00-0021980,,2003,TE,2.5,-0.34375
00-0020427,,2003,WR,6.700000286102295,-0.4187498092651367
00-0010240,,2003,RB,3.612499952316284,-0.43000006675720215
00-0019976,,2003,WR,6.684999942779541,-0.4337501525878906
00-0020754,,2003,WR,6.643750190734863,-0.47499990463256836
00-0021191,,2003,WR,6.625,-0.49375009536743164
00-0010333,,2003,TE,2.306250095367432,-0.5374999046325679
00-0019606,,2003,WR,6.525000095367432,-0.59375
00-0020608,,2003,QB,7.351250171661377,-0.6337499618530273
00-0021227,,2003,TE,2.206249952316284,-0.6375000476837158
00-0020464,,2003,WR,6.4375,-0.6812500953674316
00-0020497,,2003,WR,6.362500190734863,-0.7562499046325684
00-0020332,,2003,TE,2.056250095367432,-0.7874999046325679
00-0022051,,2003,TE,2.049999952316284,-0.7937500476837158
00-0020187,,2003,TE,2.03125,-0.8125
00-0004780,,2003,WR,6.300000190734863,-0.8187499046325684
00-0019552,,2003,WR,6.262499809265137,-0.8562502861022949
00-0007213,,2003,TE,1.962499976158142,-0.8812500238418579
00-0021209,,2003,RB,3.106250047683716,-0.9362499713897705
00-0013728,,2003,TE,1.862499952316284,-0.981250047683716
00-0020531,D.Brees,2003,QB,6.988749980926514,-0.9962501525878906
00-0021241,,2003,TE,1.78125,-1.0625
00-0013262,,2003,RB,2.9749999046325684,-1.067500114440918
00-0021213,,2003,TE,1.7312500476837158,-1.1124999523162842
00-0022054,,2003,TE,1.7249999046325684,-1.1187500953674316
00-0009829,,2003,RB,2.9124999046325684,-1.130000114440918
00-0022095,,2003,RB,2.9124999046325684,-1.130000114440918
00-0011551,,2003,TE,1.6999999284744265,-1.1437500715255735
00-0009119,,2003,TE,1.693750023841858,-1.149999976158142
00-0020476,,2003,TE,1.6812500953674316,-1.1624999046325684
00-0000942,,2003,RB,2.862499952316284,-1.1800000667572021
00-0004637,,2003,TE,1.65625,-1.1875
00-0021287,,2003,TE,1.649999976158142,-1.193750023841858
00-0019127,,2003,TE,1.6124999523162842,-1.2312500476837158
00-0022060,,2003,TE,1.600000023841858,-1.243749976158142
00-0001627,,2003,WR,5.875,-1.2437500953674316
00-0003136,,2003,RB,2.7249999046325684,-1.317500114440918
00-0020452,,2003,WR,5.777500152587891,-1.341249942779541
00-0003103,,2003,TE,1.5,-1.34375
00-0021929,,2003,TE,1.5,-1.34375
00-0016677,,2003,TE,1.4562499523162842,-1.3875000476837158
00-0017644,,2003,TE,1.375,-1.46875
00-0022180,,2003,RB,2.556250095367432,-1.4862499237060542
00-0013268,,2003,WR,5.618750095367432,-1.5
00-0015700,,2003,QB,6.482499599456787,-1.5025005340576172
00-0021147,,2003,WR,5.612500190734863,-1.5062499046325684
00-0019505,,2003,WR,5.599999904632568,-1.5187501907348633
00-0014489,,2003,WR,5.481249809265137,-1.637500286102295
00-0020828,,2003,TE,1.1999999284744265,-1.6437500715255735
00-0021163,,2003,WR,5.46875,-1.6500000953674316
00-0019464,,2003,TE,1.1875,-1.65625
00-0020391,,2003,RB,2.368750095367432,-1.6737499237060542
00-0009443,,2003,TE,1.1687500476837158,-1.6749999523162842
00-0021938,,2003,RB,2.362499952316284,-1.6800000667572021
00-0021182,,2003,RB,2.3187499046325684,-1.723750114440918
00-0019484,,2003,RB,2.3125,-1.7300000190734863
00-0004574,,2003,TE,1.0750000476837158,-1.7687499523162842
00-0020513,,2003,WR,5.34375,-1.7750000953674316
00-0022092,,2003,RB,2.262500047683716,-1.7799999713897705
00-0020373,,2003,TE,1.024999976158142,-1.818750023841858
00-0021999,,2003,WR,5.28125,-1.8375000953674316
00-0019290,,2003,TE,0.9937500357627868,-1.8499999642372131
00-0019831,,2003,RB,2.1624999046325684,-1.880000114440918
00-0019863,,2003,RB,2.118750095367432,-1.9237499237060542
00-0022156,,2003,WR,5.175000190734863,-1.9437499046325684
00-0007546,,2003,RB,2.025000095367432,-2.0174999237060542
00-0021159,,2003,TE,0.824999988079071,-2.018750011920929
00-0015601,,2003,RB,2.018749952316284,-2.023750066757202
00-0019610,,2003,RB,1.9437499046325684,-2.098750114440918
00-0014350,,2003,TE,0.7437500357627869,-2.099999964237213
00-0013422,,2003,TE,0.71875,-2.125
00-0020448,,2003,RB,1.912500023841858,-2.1299999952316284
00-0005363,,2003,QB,5.792500019073486,-2.192500114440918
00-0021273,,2003,TE,0.612500011920929,-2.231249988079071
00-0021756,,2003,TE,0.59375,-2.25
00-0006133,,2003,TE,0.5375000238418579,-2.306249976158142
00-0010974,,2003,WR,4.8125,-2.3062500953674316
00-0018578,,2003,TE,0.53125,-2.3125
00-0022129,,2003,TE,0.53125,-2.3125
00-0002102,,2003,TE,0.5062500238418579,-2.337499976158142
00-0022171,,2003,WR,4.775000095367432,-2.34375
00-0021100,,2003,TE,0.4625000059604645,-2.3812499940395355
00-0002861,,2003,TE,0.4312500059604645,-2.4124999940395355
00-0021403,,2003,TE,0.4312500059604645,-2.4124999940395355
00-0005231,,2003,WR,4.675000190734863,-2.4437499046325684
00-0006804,,2003,TE,0.375,-2.46875
00-0019919,,2003,TE,0.375,-2.46875
00-0021090,,2003,TE,0.375,-2.46875
00-0022087,,2003,WR,4.637499809265137,-2.481250286102295
00-0020917,,2003,RB,1.53125,-2.5112500190734863
00-0019065,,2003,TE,0.3312500119209289,-2.512499988079071
00-0002380,,2003,RB,1.506250023841858,-2.5362499952316284
00-0021586,,2003,TE,0.293749988079071,-2.550000011920929
00-0018588,,2003,RB,1.443750023841858,-2.5987499952316284
00-0020550,,2003,TE,0.2249999940395355,-2.6187500059604645
00-0020274,,2003,TE,0.1875,-2.65625
00-0019564,,2003,TE,0.1812500059604644,-2.6624999940395355
00-0005620,,2003,RB,1.350000023841858,-2.6924999952316284
00-0007576,,2003,QB,5.286250114440918,-2.6987500190734863
00-0000166,,2003,TE,0.125,-2.71875
00-0022036,,2003,TE,0.1000000014901161,-2.743749998509884
00-0020700,,2003,RB,1.287500023841858,-2.7549999952316284
00-0022093,,2003,RB,1.28125,-2.7612500190734863
00-0019703,,2003,WR,4.318749904632568,-2.8000001907348633
00-0019087,,2003,QB,5.143749713897705,-2.841250419616699
00-0022006,,2003,RB,1.181249976158142,-2.8612500429153442
00-0020058,,2003,RB,1.1749999523162842,-2.867500066757202
00-0011869,,2003,RB,1.118749976158142,-2.9237500429153442
00-0016193,,2003,QB,5.043749809265137,-2.9412503242492676
00-0000007,,2003,RB,1.0750000476837158,-2.9674999713897705
00-0000552,,2003,RB,1.068750023841858,-2.9737499952316284
00-0022072,,2003,WR,4.125,-2.9937500953674316
00-0021048,,2003,RB,1.024999976158142,-3.0175000429153442
00-0011399,,2003,RB,0.987500011920929,-3.0550000071525574
00-0021976,,2003,RB,0.9812500476837158,-3.0612499713897705
00-0002743,,2003,RB,0.956250011920929,-3.0862500071525574
00-0022130,,2003,RB,0.943750023841858,-3.0987499952316284
00-0019453,,2003,RB,0.9375,-3.1050000190734863
00-0020370,,2003,WR,3.96875,-3.1500000953674316
00-0020587,,2003,RB,0.8500000238418579,-3.1924999952316284
00-0020904,,2003,WR,3.90625,-3.2125000953674316
00-0002962,,2003,WR,3.868750095367432,-3.2499999999999996
00-0016373,,2003,WR,3.868750095367432,-3.2499999999999996
00-0020820,,2003,RB,0.7562500238418579,-3.2862499952316284
00-0015754,,2003,WR,3.818749904632568,-3.3000001907348637
00-0022174,,2003,RB,0.7249999642372131,-3.317500054836273
00-0021982,,2003,WR,3.799999952316284,-3.3187501430511475
00-0020508,,2003,RB,0.6875,-3.3550000190734863
00-0022116,,2003,RB,0.668749988079071,-3.3737500309944153
00-0000541,,2003,RB,0.6500000357627869,-3.3924999833106995
00-0003535,,2003,QB,4.585000038146973,-3.4000000953674316
00-0019673,,2003,RB,0.625,-3.4175000190734863
00-0021528,,2003,RB,0.606249988079071,-3.4362500309944153
00-0020849,,2003,RB,0.5625,-3.4800000190734863
00-0019533,,2003,RB,0.550000011920929,-3.4925000071525574
00-0021306,,2003,RB,0.53125,-3.5112500190734863
00-0018272,,2003,QB,4.466249942779541,-3.5187501907348633
00-0020973,,2003,RB,0.5062500238418579,-3.5362499952316284
00-0021098,,2003,RB,0.4937500059604645,-3.548750013113022
00-0021174,,2003,WR,3.556250095367432,-3.5624999999999996
00-0015242,,2003,RB,0.4562499821186065,-3.5862500369548798
00-0019826,,2003,RB,0.449999988079071,-3.5925000309944153
00-0021031,,2003,RB,0.375,-3.6675000190734863
00-0020564,,2003,RB,0.3499999940395355,-3.692500025033951
00-0005741,,2003,QB,4.287499904632568,-3.697500228881836
00-0021581,,2003,RB,0.324999988079071,-3.7175000309944153
00-0019712,,2003,RB,0.3187500238418579,-3.7237499952316284
00-0021223,,2003,RB,0.3187499940395355,-3.723750025033951
00-0020173,,2003,RB,0.3062500059604645,-3.736250013113022
00-0021087,,2003,RB,0.3062500059604645,-3.736250013113022
00-0019722,,2003,RB,0.2874999940395355,-3.755000025033951
00-0021993,,2003,WR,3.356250047683716,-3.762500047683716
00-0021206,J.McCown,2003,QB,4.194999694824219,-3.7900004386901855
00-0021387,,2003,RB,0.2249999940395355,-3.817500025033951
00-0021570,,2003,WR,3.299999952316284,-3.8187501430511475
00-0010747,,2003,RB,0.21875,-3.8237500190734863
00-0021845,,2003,RB,0.1937499940395355,-3.848750025033951
00-0020479,,2003,RB,0.1749999970197677,-3.8675000220537186
00-0008568,,2003,RB,0.1624999940395355,-3.880000025033951
00-0017896,,2003,RB,0.15625,-3.8862500190734863
00-0021509,,2003,RB,0.09375,-3.9487500190734863
00-0010632,,2003,RB,0.0812499970197677,-3.9612500220537186
00-0020094,,2003,RB,0.0750000029802322,-3.967500016093254
00-0019302,,2003,WR,3.143749952316284,-3.9750001430511475
00-0022164,,2003,QB,3.974999904632568,-4.010000228881836
00-0021955,,2003,RB,0.03125,-4.011250019073486
00-0020786,,2003,RB,0.025000000372529,-4.017500018700957
00-0022097,,2003,WR,3.075000047683716,-4.043750047683716
00-0011378,,2003,QB,3.9362499713897705,-4.048750162124634
00-0020245,,2003,QB,3.931250095367432,-4.053750038146973
00-0021747,,2003,RB,-0.0125000001862645,-4.055000019259751
00-0004386,,2003,WR,3.0,-4.118750095367432
00-0007103,,2003,WR,2.956249952316284,-4.1625001430511475
00-0019623,,2003,QB,3.639999866485596,-4.345000267028809
00-0004673,,2003,WR,2.6312499046325684,-4.487500190734863
00-0005589,,2003,QB,3.337500095367432,-4.647500038146973
00-0019281,,2003,WR,2.462500095367432,-4.65625
00-0019600,,2003,WR,2.424999952316284,-4.6937501430511475
00-0010650,,2003,WR,2.40625,-4.712500095367432
00-0008598,,2003,WR,2.375,-4.743750095367432
00-0020021,,2003,WR,2.293750047683716,-4.825000047683716
00-0021927,,2003,WR,2.262500047683716,-4.856250047683716
00-0000869,,2003,WR,2.2562499046325684,-4.862500190734863
00-0008962,,2003,WR,2.237499952316284,-4.8812501430511475
00-0021460,,2003,WR,2.0999999046325684,-5.018750190734863
00-0019816,,2003,QB,2.911250114440918,-5.073750019073486
00-0015980,,2003,WR,2.0062499046325684,-5.112500190734863
00-0002876,,2003,QB,2.84375,-5.141250133514404
00-0014328,,2003,WR,1.9375,-5.181250095367432
00-0000722,,2003,QB,2.776249885559082,-5.208750247955322
00-0015751,,2003,WR,1.899999976158142,-5.2187501192092896
00-0005562,,2003,WR,1.756250023841858,-5.362500071525574
00-0019905,,2003,WR,1.75,-5.368750095367432
00-0017611,,2003,WR,1.7062499523162842,-5.4125001430511475
00-0022144,,2003,WR,1.693750023841858,-5.425000071525574
00-0020583,,2003,WR,1.6749999523162842,-5.4437501430511475
00-0019041,,2003,QB,2.512500047683716,-5.4725000858306885
00-0020343,,2003,WR,1.5812500715255735,-5.537500023841858
00-0020415,,2003,WR,1.4874999523162842,-5.6312501430511475
00-0017160,,2003,WR,1.475000023841858,-5.643750071525574
00-0012642,,2003,WR,1.462499976158142,-5.6562501192092896
00-0002110,,2003,QB,2.2037501335144043,-5.78125
00-0020340,,2003,WR,1.3312499523162842,-5.7875001430511475
00-0009869,,2003,WR,1.287500023841858,-5.831250071525574
00-0017847,,2003,WR,1.287500023841858,-5.831250071525574
00-0021406,,2003,WR,1.28125,-5.837500095367432
00-0006423,,2003,QB,2.126250028610229,-5.858750104904175
00-0021176,,2003,WR,1.243749976158142,-5.8750001192092896
00-0021780,,2003,WR,1.068750023841858,-6.050000071525574
00-0021981,,2003,WR,1.056249976158142,-6.0625001192092896
00-0020030,,2003,WR,0.96875,-6.150000095367432
00-0021508,,2003,WR,0.96875,-6.150000095367432
00-0020361,,2003,WR,0.943750023841858,-6.175000071525574
00-0021028,,2003,WR,0.931249976158142,-6.1875001192092896
00-0022124,,2003,WR,0.7937499284744263,-6.325000166893005
00-0010007,,2003,WR,0.7875000238418579,-6.331250071525574
00-0020485,,2003,WR,0.75,-6.368750095367432
00-0020483,,2003,QB,1.598750114440918,-6.386250019073486
00-0008313,,2003,WR,0.6812499761581421,-6.4375001192092896
00-0015959,,2003,WR,0.6812499761581421,-6.4375001192092896
00-0021923,,2003,WR,0.65625,-6.462500095367432
00-0000765,,2003,WR,0.606249988079071,-6.512500107288361
00-0019975,,2003,WR,0.606249988079071,-6.512500107288361
00-0022121,,2003,QB,1.461250066757202,-6.523750066757202
00-0021094,,2003,WR,0.581250011920929,-6.537500083446503
00-0005668,,2003,WR,0.550000011920929,-6.568750083446503
00-0022102,,2003,WR,0.543749988079071,-6.575000107288361
00-0021973,,2003,WR,0.518750011920929,-6.600000083446503
00-0021337,,2003,WR,0.5062500238418579,-6.612500071525574
00-0019510,,2003,WR,0.5,-6.618750095367432
00-0020794,,2003,WR,0.4875000119209289,-6.631250083446503
00-0022024,,2003,WR,0.4750000238418579,-6.643750071525574
00-0021102,,2003,WR,0.46875,-6.650000095367432
00-0019661,,2003,WR,0.4625000059604645,-6.656250089406967
00-0021915,,2003,WR,0.40625,-6.712500095367432
00-0020692,,2003,WR,0.3812499940395355,-6.737500101327896
00-0022111,,2003,WR,0.3687499761581421,-6.7500001192092896
00-0022001,,2003,WR,0.3312500119209289,-6.787500083446503
00-0020780,,2003,WR,0.3062500059604645,-6.812500089406967
00-0021931,,2003,WR,0.3000000119209289,-6.818750083446503
00-0006777,,2003,WR,0.293749988079071,-6.825000107288361
00-0021921,,2003,WR,0.25,-6.868750095367432
00-0021309,,2003,WR,0.231249988079071,-6.887500107288361
00-0004694,,2003,WR,0.21875,-6.900000095367432
00-0022032,,2003,WR,0.21875,-6.900000095367432
00-0021212,,2003,WR,0.1875,-6.931250095367432
00-0020256,,2003,WR,0.1812499910593032,-6.937500104308128
00-0009007,,2003,QB,1.0112500190734863,-6.973750114440918
00-0021242,,2003,WR,0.1375000029802322,-6.981250092387199
00-0021437,,2003,WR,0.125,-6.993750095367432
00-0019231,,2003,WR,0.1062500029802322,-7.012500092387199
00-0020735,,2003,WR,0.1062500029802322,-7.012500092387199
00-0021425,,2003,WR,0.1062500029802322,-7.012500092387199
00-0022064,,2003,WR,0.0874999985098838,-7.031250096857548
00-0012261,,2003,QB,0.9487500190734864,-7.036250114440918
00-0021969,,2003,WR,0.0750000029802322,-7.043750092387199
00-0022135,,2003,WR,0.0750000029802322,-7.043750092387199
00-0001218,,2003,QB,0.928749978542328,-7.056250154972076
00-0021271,,2003,QB,0.8087500333786011,-7.176250100135803
00-0017200,,2003,QB,0.6625000238418579,-7.322500109672546
00-0009266,,2003,QB,0.574999988079071,-7.410000145435333
00-0020405,,2003,QB,0.5724999904632568,-7.4125001430511475
00-0021231,,2003,QB,0.4650000035762787,-7.520000129938126
00-0001545,,2003,QB,0.4587499797344208,-7.5262501537799835
00-0022091,,2003,QB,0.4375,-7.547500133514404
00-0020480,,2003,QB,0.3687500059604645,-7.61625012755394
00-0019192,,2003,QB,0.3062500059604645,-7.67875012755394
00-0008612,,2003,QB,0.2387499958276748,-7.746250137686729
00-0003315,,2003,QB,0.1412499994039535,-7.843750134110451
00-0007834,,2003,QB,0.1112499982118606,-7.873750135302544
00-0019633,,2003,QB,0.0974999964237213,-7.887500137090683
00-0004229,,2003,QB,0.0799999982118606,-7.905000135302544
00-0021238,,2003,QB,0.0775000005960464,-7.907500132918358
00-0004293,,2003,QB,0.0712499991059303,-7.913750134408474
00-0000865,,2003,QB,0.0612499937415123,-7.923750139772892
00-0012732,,2003,QB,0.0474999994039535,-7.937500134110451
00-0020308,,2003,QB,0.0424999967217445,-7.94250013679266
00-0019682,,2003,QB,0.0337500013411045,-7.9512501321733
00-0022112,,2003,QB,0.0175000000745058,-7.9675001334398985
00-0020562,,2003,QB,0.0012499999720603,-7.983750133542344
00-0012726,,2003,QB,-0.0037499994505196,-7.988750132964924
00-0007835,,2003,QB,-0.0062500000931322,-7.9912501336075366
00-0016838,,2003,QB,-0.2900000214576721,-8.275000154972076
00-0019709,,2003,QB,-0.3299999833106994,-8.315000116825104
00-0000251,,2003,,2.375,
00-0000339,,2003,,11.181249618530272,
00-0002846,,2003,,2.737499952316284,
00-0004768,,2003,,3.806250095367432,
00-0005229,,2003,,1.3624999523162842,
00-0005822,,2003,,1.225000023841858,
00-0007254,,2003,,3.962499856948853,
00-0007357,,2003,,0.2687500119209289,
00-0007579,,2003,,4.068749904632568,
00-0009417,,2003,,2.143749952316284,
00-0011958,,2003,,2.012500047683716,
00-0013694,,2003,,1.59375,
00-0013773,,2003,,2.731250047683716,
00-0015420,,2003,,6.050000190734863,
00-0015830,,2003,,4.5,
00-0019100,,2003,,1.7062499523162842,
00-0019135,,2003,,1.787500023841858,
00-0019172,,2003,,1.037500023841858,
00-0019587,,2003,,0.550000011920929,
00-0020507,,2003,,0.4875000119209289,
00-0021279,,2003,,0.9375,
00-0021371,,2003,,0.1000000014901161,
00-0022003,,2003,,0.0562499985098838,
00-0022141,,2003,,2.456249952316284,
00-0007661,,2002,RB,27.54374885559082,24.19999885559082
00-0020536,,2002,RB,24.012500762939453,20.668750762939453
00-0017915,,2002,RB,22.537500381469727,19.193750381469727
00-0005779,,2002,RB,21.706249237060547,18.362499237060547
00-0019647,,2002,RB,20.53125,17.1875
00-0007024,,2002,WR,24.012500762939453,16.80000066757202
00-0000745,,2002,RB,20.087499618530277,16.743749618530277
00-0021179,,2002,RB,19.762500762939453,16.418750762939453
00-0020527,,2002,RB,19.4375,16.09375
00-0020471,,2002,RB,17.856250762939453,14.512500762939453
00-0005092,,2002,RB,17.6875,14.34375
00-0017162,,2002,WR,20.943750381469727,13.731250286102295
00-0016098,,2002,RB,16.825000762939453,13.481250762939453
00-0006305,,2002,RB,16.768749237060547,13.424999237060547
00-0005883,,2002,RB,16.375,13.03125
00-0012478,,2002,WR,20.118749618530277,12.906249523162845
00-0015523,,2002,RB,16.125,12.78125
00-0019693,,2002,RB,15.743749618530272,12.399999618530272
00-0004304,,2002,RB,15.118749618530272,11.774999618530272
00-0010442,,2002,RB,14.912500381469728,11.568750381469728
00-0020514,,2002,RB,14.481249809265137,11.137499809265137
00-0011754,,2002,WR,18.145000457763672,10.93250036239624
00-0004640,,2002,RB,14.274999618530272,10.931249618530272
00-0011770,,2002,WR,18.118749618530277,10.906249523162845
00-0007180,,2002,RB,14.181249618530272,10.837499618530272
00-0015698,,2002,RB,13.587499618530272,10.243749618530272
00-0008241,,2002,RB,13.331250190734863,9.987500190734863
00-0005741,,2002,QB,18.94750022888184,9.70499992370606
00-0020022,,2002,RB,13.043749809265137,9.699999809265137
00-0013232,,2002,WR,16.868749618530273,9.656249523162842
00-0020516,,2002,TE,12.087499618530272,9.456249475479124
00-0016550,,2002,WR,16.53125,9.318749904632568
00-0015091,,2002,RB,12.59375,9.25
00-0007744,,2002,WR,16.462499618530273,9.249999523162842
00-0001477,,2002,WR,16.103750228881836,8.891250133514404
00-0006101,,2002,TE,11.393750190734863,8.762500047683716
00-0013639,,2002,WR,15.943750381469728,8.731250286102297
00-0003739,,2002,QB,17.813749313354492,8.571249008178713
00-0019642,,2002,WR,15.78125,8.568749904632568
00-0018958,,2002,WR,15.706250190734863,8.493750095367432
00-0020245,,2002,QB,17.44624900817871,8.203748703002931
00-0007681,,2002,WR,15.3125,8.099999904632568
00-0021148,,2002,TE,10.712499618530272,8.081249475479124
00-0013013,,2002,RB,11.28125,7.9375
00-0020490,,2002,WR,14.850000381469728,7.637500286102297
00-0004541,,2002,WR,14.712499618530272,7.49999952316284
00-0019057,,2002,RB,10.824999809265137,7.481249809265137
00-0018501,,2002,RB,10.768750190734863,7.425000190734863
00-0010346,,2002,QB,16.549999237060547,7.307498931884767
00-0015218,,2002,WR,14.181249618530272,6.96874952316284
00-0002099,,2002,WR,14.143750190734863,6.931250095367432
00-0001823,,2002,QB,16.011249542236328,6.768749237060549
00-0006355,,2002,QB,16.006250381469727,6.763750076293947
00-0017892,,2002,RB,9.96875,6.625
00-0004052,,2002,RB,9.949999809265137,6.606249809265137
00-0011024,,2002,QB,15.842499732971191,6.599999427795412
00-0014722,,2002,TE,9.225000381469728,6.593750238418581
00-0015290,,2002,WR,13.787500381469728,6.575000286102297
00-0020525,,2002,WR,13.731249809265137,6.518749713897705
00-0008561,,2002,WR,13.675000190734863,6.462500095367432
00-0019644,,2002,TE,9.09000015258789,6.458750009536743
00-0001361,,2002,QB,15.69124984741211,6.44874954223633
00-0005755,,2002,QB,15.69124984741211,6.44874954223633
00-0020397,,2002,WR,13.475000381469728,6.262500286102297
00-0019596,T.Brady,2002,QB,15.34749984741211,6.10499954223633
00-0015165,,2002,RB,9.399999618530272,6.056249618530272
00-0015242,,2002,RB,9.274999618530272,5.931249618530272
00-0021150,,2002,RB,9.25,5.90625
00-0010500,,2002,WR,13.012499809265137,5.799999713897705
00-0002068,,2002,WR,12.837499618530272,5.62499952316284
00-0020403,,2002,RB,8.899999618530273,5.556249618530273
00-0005091,,2002,RB,8.875,5.53125
00-0011236,,2002,TE,8.143750190734863,5.512500047683716
00-0013080,,2002,TE,8.050000190734863,5.418750047683716
00-0000210,,2002,RB,8.331250190734863,4.987500190734863
00-0019721,,2002,WR,12.149999618530272,4.93749952316284
00-0001215,,2002,RB,8.206250190734863,4.862500190734863
00-0020427,,2002,WR,12.06874942779541,4.8562493324279785
00-0011022,,2002,QB,13.97249984741211,4.72999954223633
00-0021190,,2002,RB,8.068750381469727,4.725000381469727
00-0005106,,2002,QB,13.85124969482422,4.608749389648441
00-0005720,,2002,WR,11.806249618530272,4.59374952316284
00-0002058,,2002,WR,11.743749618530272,4.53124952316284
00-0001661,,2002,TE,7.068749904632568,4.437499761581421
00-0003396,,2002,WR,11.59375,4.381249904632568
00-0019559,,2002,QB,13.606249809265137,4.363749504089357
00-0020474,,2002,RB,7.693749904632568,4.349999904632568
00-0020285,,2002,TE,6.96875,4.3374998569488525
00-0019808,,2002,RB,7.668749809265137,4.324999809265137
00-0021236,,2002,TE,6.893750190734863,4.262500047683716
00-0019606,,2002,WR,11.268750190734863,4.056250095367432
00-0011224,,2002,TE,6.612500190734863,3.981250047683716
00-0010240,,2002,RB,7.28125,3.9375
00-0019703,,2002,WR,11.149999618530272,3.93749952316284
00-0003292,,2002,QB,13.16374969482422,3.921249389648441
00-0015811,,2002,WR,11.100000381469728,3.8875002861022967
00-0000166,,2002,TE,6.375,3.7437498569488525
00-0016440,,2002,WR,10.881250381469728,3.6687502861022967
00-0012642,,2002,WR,10.875,3.6624999046325684
00-0005231,,2002,WR,10.862500190734863,3.6500000953674316
00-0009842,,2002,TE,6.237500190734863,3.606250047683716
00-0010650,,2002,WR,10.71875,3.5062499046325684
00-0020337,,2002,WR,10.675000190734863,3.4625000953674316
00-0003400,,2002,TE,6.056250095367432,3.424999952316284
00-0002962,,2002,WR,10.631250381469728,3.4187502861022967
00-0019663,,2002,WR,10.625,3.4124999046325684
00-0005101,,2002,TE,6.018750190734863,3.387500047683716
00-0008442,,2002,QB,12.559999465942385,3.317499160766605
00-0011795,,2002,WR,10.456250190734863,3.2437500953674316
00-0008560,,2002,WR,10.41374969482422,3.201249599456789
00-0010668,,2002,WR,10.143750190734863,2.9312500953674316
00-0009163,,2002,WR,10.087499618530272,2.87499952316284
00-0020700,,2002,RB,6.168749809265137,2.8249998092651367
00-0008749,,2002,TE,5.362500190734863,2.731250047683716
00-0019650,,2002,WR,9.90625,2.6937499046325684
00-0018343,,2002,TE,5.319999694824219,2.6887495517730713
00-0021183,,2002,TE,5.306250095367432,2.674999952316284
00-0016373,,2002,WR,9.875,2.6624999046325684
00-0019457,,2002,TE,5.268750190734863,2.637500047683716
00-0009323,,2002,TE,5.25,2.6187498569488525
00-0019594,,2002,RB,5.956250190734863,2.6125001907348633
00-0021209,,2002,RB,5.912499904632568,2.5687499046325684
00-0020531,D.Brees,2002,QB,11.772500038146973,2.529999732971193
00-0021191,,2002,WR,9.581250190734863,2.3687500953674316
00-0019641,,2002,RB,5.650000095367432,2.3062500953674316
00-0004294,,2002,TE,4.931250095367432,2.299999952316284
00-0013712,,2002,TE,4.931250095367432,2.299999952316284
00-0019455,,2002,WR,9.487500190734863,2.2750000953674316
00-0021376,,2002,RB,5.612500190734863,2.2687501907348633
00-0020446,,2002,WR,9.449999809265137,2.237499713897705
00-0007091,,2002,QB,11.450000762939451,2.207500457763672
00-0013042,,2002,QB,11.39875030517578,2.15625
00-0001627,,2002,WR,9.350000381469728,2.1375002861022967
00-0021147,,2002,WR,9.350000381469728,2.1375002861022967
00-0006043,,2002,WR,9.231249809265137,2.018749713897705
00-0002861,,2002,TE,4.556250095367432,1.9249999523162842
00-0020376,,2002,RB,5.224999904632568,1.8812499046325684
00-0014450,,2002,RB,5.199999809265137,1.8562498092651367
00-0021223,,2002,RB,5.168749809265137,1.8249998092651367
00-0009829,,2002,RB,5.15625,1.8125
00-0009311,,2002,QB,11.051250457763672,1.8087501525878924
00-0000869,,2002,WR,8.931249618530273,1.7187495231628418
00-0006423,,2002,QB,10.953750610351562,1.711250305175783
00-0020498,,2002,WR,8.912500381469727,1.700000286102295
00-0020462,,2002,RB,5.037499904632568,1.6937499046325684
00-0021159,,2002,TE,4.324999809265137,1.6937496662139893
00-0020455,,2002,TE,4.256249904632568,1.624999761581421
00-0004673,,2002,WR,8.818750381469727,1.606250286102295
00-0017109,,2002,TE,4.193749904632568,1.562499761581421
00-0013728,,2002,TE,4.1875,1.5562498569488525
00-0019660,,2002,WR,8.731249809265137,1.518749713897705
00-0019643,,2002,RB,4.668749809265137,1.3249998092651367
00-0017486,,2002,RB,4.5625,1.21875
00-0011425,,2002,TE,3.849999904632568,1.2187497615814205
00-0002586,,2002,TE,3.806249856948853,1.1749997138977055
00-0021084,,2002,TE,3.762500047683716,1.1312499046325684
00-0010261,,2002,QB,10.358750343322754,1.1162500381469744
00-0019794,,2002,RB,4.40625,1.0625
00-0010859,,2002,TE,3.650000095367432,1.0187499523162846
00-0004004,,2002,TE,3.581249952316284,0.9499998092651367
00-0005562,,2002,WR,8.125,0.9124999046325684
00-0019516,,2002,RB,4.162499904632568,0.8187499046325684
00-0008568,,2002,RB,4.15500020980835,0.8112502098083496
00-0014489,,2002,WR,7.96875,0.7562499046325684
00-0004574,,2002,TE,3.325000047683716,0.6937499046325684
00-0021184,,2002,RB,4.006249904632568,0.6624999046325684
00-0002110,,2002,QB,9.888750076293944,0.6462497711181641
00-0020964,,2002,RB,3.956249952316284,0.6124999523162842
00-0003535,,2002,QB,9.71125030517578,0.46875
00-0021175,,2002,WR,7.606250286102295,0.3937501907348633
00-0003663,,2002,RB,3.737499952316284,0.3937499523162842
00-0017924,,2002,TE,3.018749952316284,0.3874998092651367
00-0021031,,2002,RB,3.65625,0.3125
00-0012637,,2002,WR,7.456250190734863,0.24375009536743164
00-0002565,,2002,TE,2.84375,0.21249985694885254
00-0000108,,2002,K,0.0625,0.0625
00-0004915,,2002,WR,7.243750095367432,0.03125
00-0005816,,2002,RB,3.34375,0.0
00-0006627,,2002,WR,7.212500095367432,0.0
00-0011551,,2002,TE,2.6312501430511475,0.0
00-0020608,,2002,QB,9.24250030517578,0.0
00-0020828,,2002,TE,2.6312499046325684,-2.384185791015625e-07
00-0004774,,2002,RB,3.331249952316284,-0.01250004768371582
00-0021314,,2002,RB,3.3187499046325684,-0.02500009536743164
00-0020494,,2002,WR,7.131249904632568,-0.08125019073486328
00-0013268,,2002,WR,7.099999904632568,-0.11250019073486328
00-0000942,,2002,RB,3.168750047683716,-0.17499995231628418
00-0005180,,2002,QB,9.053750038146973,-0.18875026702880682
00-0001098,,2002,RB,3.1499998569488525,-0.19375014305114746
00-0019614,,2002,RB,3.137500047683716,-0.20624995231628418
00-0019464,,2002,TE,2.3812499046325684,-0.2500002384185791
00-0020583,,2002,WR,6.875,-0.33750009536743164
00-0019290,,2002,TE,2.2874999046325684,-0.3437502384185791
00-0010747,,2002,RB,2.981250047683716,-0.3624999523162842
00-0009288,,2002,RB,2.9749999046325684,-0.36875009536743164
00-0021154,,2002,TE,2.25,-0.38125014305114746
00-0004694,,2002,WR,6.787499904632568,-0.4250001907348633
00-0014729,,2002,WR,6.78125,-0.43125009536743164
00-0008059,,2002,WR,6.762499809265137,-0.4500002861022949
00-0016347,,2002,TE,2.174999952316284,-0.4562501907348633
00-0019831,,2002,RB,2.868750095367432,-0.4749999046325679
00-0007213,,2002,TE,2.09375,-0.5375001430511475
00-0003103,,2002,TE,2.075000047683716,-0.5562500953674316
00-0019569,,2002,TE,2.012500047683716,-0.6187500953674316
00-0010333,,2002,TE,1.993749976158142,-0.6375001668930054
00-0017356,,2002,TE,1.96875,-0.6625001430511475
00-0021192,,2002,WR,6.493750095367432,-0.71875
00-0013262,,2002,RB,2.606250047683716,-0.7374999523162842
00-0019659,,2002,TE,1.893749952316284,-0.7375001907348635
00-0021152,,2002,WR,6.46875,-0.7437500953674316
00-0009119,,2002,TE,1.8874999284744265,-0.743750214576721
00-0008962,,2002,WR,6.456250190734863,-0.7562499046325684
00-0021163,,2002,WR,6.428750038146973,-0.783750057220459
00-0020849,,2002,RB,2.487499952316284,-0.8562500476837158
00-0021268,,2002,TE,1.725000023841858,-0.9062501192092896
00-0021216,,2002,RB,2.368750095367432,-0.9749999046325679
00-0002380,,2002,RB,2.3187499046325684,-1.0250000953674316
00-0004063,,2002,TE,1.6062500476837158,-1.0250000953674316
00-0002102,,2002,TE,1.600000023841858,-1.0312501192092896
00-0015048,,2002,TE,1.5437500476837158,-1.0875000953674316
00-0020342,,2002,TE,1.537500023841858,-1.0937501192092896
00-0021166,,2002,WR,6.118749618530273,-1.0937504768371582
00-0015601,,2002,RB,2.206249952316284,-1.1375000476837158
00-0005324,,2002,RB,2.1875,-1.15625
00-0021304,,2002,TE,1.4375,-1.1937501430511475
00-0003136,,2002,RB,2.143749952316284,-1.2000000476837158
00-0020438,,2002,WR,6.012499809265137,-1.200000286102295
00-0018588,,2002,RB,2.112499952316284,-1.2312500476837158
00-0010974,,2002,WR,5.974999904632568,-1.2375001907348633
00-0006804,,2002,TE,1.287500023841858,-1.3437501192092896
00-0019539,,2002,WR,5.849999904632568,-1.3625001907348633
00-0017644,,2002,TE,1.2625000476837158,-1.3687500953674316
00-0021357,,2002,RB,1.956249952316284,-1.387500047683716
00-0019976,,2002,WR,5.799999713897705,-1.4125003814697266
00-0021252,,2002,RB,1.918750047683716,-1.424999952316284
00-0012732,,2002,QB,7.787499904632568,-1.4550004005432111
00-0001532,,2002,WR,5.756249904632568,-1.4562501907348633
00-0020448,,2002,RB,1.875,-1.46875
00-0001335,,2002,QB,7.747499942779541,-1.4950003623962385
00-0017896,,2002,RB,1.84375,-1.5
00-0013422,,2002,TE,1.09375,-1.5375001430511475
00-0020332,,2002,TE,1.0812499523162842,-1.5500001907348633
00-0019404,,2002,TE,1.0437499284744265,-1.587500214576721
00-0016677,,2002,TE,1.0187499523162842,-1.6125001907348633
00-0019708,,2002,WR,5.568749904632568,-1.6437501907348633
00-0019065,,2002,TE,0.9375,-1.6937501430511475
00-0014328,,2002,WR,5.512499809265137,-1.700000286102295
00-0019576,,2002,RB,1.6124999523162842,-1.7312500476837158
00-0020373,,2002,TE,0.893750011920929,-1.7375001311302185
00-0010436,,2002,RB,1.5750000476837158,-1.7687499523162842
00-0011727,,2002,WR,5.443749904632568,-1.7687501907348633
00-0021182,,2002,RB,1.5499999523162842,-1.7937500476837158
00-0019599,,2002,QB,7.440000057220459,-1.8025002479553205
00-0020187,,2002,TE,0.78125,-1.8500001430511475
00-0019610,,2002,RB,1.4625000953674316,-1.8812499046325684
00-0006133,,2002,TE,0.75,-1.8812501430511475
00-0009443,,2002,TE,0.7437499761581421,-1.8875001668930054
00-0019564,,2002,TE,0.7437499761581421,-1.8875001668930054
00-0021241,,2002,TE,0.7062499523162842,-1.9250001907348633
00-0017218,,2002,RB,1.4000000953674316,-1.9437499046325684
00-0000911,,2002,TE,0.6312500238418579,-2.0000001192092896
00-0021255,,2002,TE,0.6187499761581421,-2.0125001668930054
00-0019534,,2002,RB,1.318750023841858,-2.024999976158142
00-0020345,,2002,TE,0.606249988079071,-2.0250001549720764
00-0021306,,2002,RB,1.306249976158142,-2.037500023841858
00-0020274,,2002,TE,0.5625,-2.0687501430511475
00-0020173,,2002,RB,1.2687500715255735,-2.0749999284744263
00-0020476,,2002,TE,0.543749988079071,-2.0875001549720764
00-0021282,,2002,TE,0.5375000238418579,-2.0937501192092896
00-0019670,,2002,WR,5.09375,-2.1187500953674316
00-0019590,,2002,RB,1.1062500476837158,-2.237499952316284
00-0003035,,2002,TE,0.387499988079071,-2.2437501549720764
00-0019673,,2002,RB,1.0812499523162842,-2.262500047683716
00-0020315,,2002,RB,1.056249976158142,-2.287500023841858
00-0007468,,2002,WR,4.893750190734863,-2.3187499046325684
00-0020407,,2002,RB,1.006250023841858,-2.337499976158142
00-0019127,,2002,TE,0.2874999940395355,-2.343750149011612
00-0021227,,2002,TE,0.28125,-2.3500001430511475
00-0021253,,2002,RB,0.981249988079071,-2.362500011920929
00-0003344,,2002,RB,0.9375,-2.40625
00-0004637,,2002,TE,0.2249999940395355,-2.406250149011612
00-0021213,,2002,TE,0.2125000059604644,-2.418750137090683
00-0005620,,2002,RB,0.918749988079071,-2.425000011920929
00-0010146,,2002,TE,0.2000000029802322,-2.4312501400709152
00-0011276,,2002,QB,6.803750038146973,-2.438750267028807
00-0007546,,2002,RB,0.8999999761581421,-2.443750023841858
00-0006666,,2002,TE,0.1624999940395355,-2.468750149011612
00-0019035,,2002,TE,0.1437499970197677,-2.4875001460313797
00-0021352,,2002,TE,0.1124999970197677,-2.5187501460313797
00-0021048,,2002,RB,0.8187499642372131,-2.525000035762787
00-0020268,,2002,TE,0.1000000014901161,-2.5312501415610313
00-0021090,,2002,TE,0.09375,-2.5375001430511475
00-0003803,,2002,TE,0.0874999985098838,-2.5437501445412636
00-0020739,,2002,RB,0.78125,-2.5625
00-0011399,,2002,RB,0.7675000429153442,-2.5762499570846558
00-0021141,,2002,QB,6.635000228881836,-2.6075000762939435
00-0000242,,2002,TE,0.0,-2.6312501430511475
00-0000883,,2002,TE,0.0,-2.6312501430511475
00-0004112,,2002,TE,0.0,-2.6312501430511475
00-0014211,,2002,TE,0.0,-2.6312501430511475
00-0019558,,2002,TE,0.0,-2.6312501430511475
00-0021100,,2002,TE,0.0,-2.6312501430511475
00-0021087,,2002,RB,0.706250011920929,-2.637499988079071
00-0008921,,2002,RB,0.7062499523162842,-2.637500047683716
00-0013512,,2002,WR,4.5625,-2.6500000953674316
00-0015754,,2002,WR,4.550000190734863,-2.6624999046325684
00-0008313,,2002,WR,4.525000095367432,-2.6875
00-0019649,,2002,RB,0.6187500357627869,-2.724999964237213
00-0020430,,2002,RB,0.5874999761581421,-2.756250023841858
00-0020820,,2002,RB,0.581250011920929,-2.762499988079071
00-0015751,,2002,WR,4.449999809265137,-2.762500286102295
00-0019712,,2002,RB,0.5562500357627869,-2.787499964237213
00-0001112,,2002,RB,0.543749988079071,-2.800000011920929
00-0020391,,2002,RB,0.518750011920929,-2.824999988079071
00-0019484,,2002,RB,0.5187499523162842,-2.825000047683716
00-0019662,,2002,WR,4.356249809265137,-2.856250286102295
00-0020428,,2002,WR,4.331250190734863,-2.8812499046325684
00-0019725,,2002,RB,0.4437499940395355,-2.9000000059604645
00-0013958,,2002,RB,0.375,-2.96875
00-0020973,,2002,RB,0.375,-2.96875
00-0002159,,2002,RB,0.3375000059604645,-3.0062499940395355
00-0021094,,2002,WR,4.199999809265137,-3.012500286102295
00-0020094,,2002,RB,0.2062499970197677,-3.1375000029802322
00-0006208,,2002,RB,0.1812500059604644,-3.1624999940395355
00-0019533,,2002,RB,0.1687500029802322,-3.1749999970197678
00-0019722,,2002,RB,0.1687500029802322,-3.1749999970197678
00-0015152,,2002,RB,0.1500000059604644,-3.1937499940395355
00-0011506,,2002,RB,0.125,-3.21875
00-0019466,,2002,RB,0.1187499985098838,-3.225000001490116
00-0020564,,2002,RB,0.1062500029802322,-3.2374999970197678
00-0020805,,2002,RB,0.1062500029802322,-3.2374999970197678
00-0008391,,2002,RB,0.1062499955296516,-3.2375000044703484
00-0020479,,2002,RB,0.1000000014901161,-3.243749998509884
00-0021386,,2002,RB,0.1000000014901161,-3.243749998509884
00-0013888,,2002,WR,3.962500095367432,-3.2499999999999996
00-0020370,,2002,WR,3.950000047683716,-3.262500047683716
00-0010007,,2002,WR,3.941250085830689,-3.2712500095367427
00-0010632,,2002,RB,0.0687500014901161,-3.274999998509884
00-0020381,,2002,WR,3.931250095367432,-3.2812499999999996
00-0020917,,2002,RB,0.0437499992549419,-3.300000000745058
00-0021176,,2002,WR,3.90625,-3.3062500953674316
00-0007969,,2002,RB,0.025000000372529,-3.318749999627471
00-0004200,,2002,RB,0.0125000001862645,-3.3312499998137355
00-0019453,,2002,RB,0.0125000001862645,-3.3312499998137355
00-0002713,,2002,RB,0.0,-3.34375
00-0007447,,2002,RB,0.0,-3.34375
00-0010951,,2002,RB,0.0,-3.34375
00-0019826,,2002,RB,0.0,-3.34375
00-0019889,,2002,RB,0.0,-3.34375
00-0021153,,2002,WR,3.75,-3.4625000953674316
00-0008357,,2002,WR,3.662499904632568,-3.5500001907348637
00-0020464,,2002,WR,3.59375,-3.6187500953674316
00-0010539,,2002,WR,3.549999952316284,-3.6625001430511475
00-0015700,,2002,QB,5.456250190734863,-3.786250114440916
00-0008210,,2002,WR,3.418750047683716,-3.793750047683716
00-0020256,,2002,WR,3.306250095367432,-3.9062499999999996
00-0010560,,2002,QB,5.302500247955322,-3.940000057220457
00-0004386,,2002,WR,3.200000047683716,-4.012500047683716
00-0014544,,2002,WR,3.200000047683716,-4.012500047683716
00-0020904,,2002,WR,3.1125001907348637,-4.099999904632568
00-0020754,,2002,WR,3.106250047683716,-4.106250047683716
00-0019461,,2002,WR,3.0999999046325684,-4.112500190734863
00-0003700,,2002,WR,3.0062499046325684,-4.206250190734863
00-0021379,,2002,QB,4.966249942779541,-4.2762503623962385
00-0004780,,2002,WR,2.862499952316284,-4.3500001430511475
00-0019600,,2002,WR,2.84375,-4.368750095367432
00-0020340,,2002,WR,2.6437501907348637,-4.568749904632568
00-0020308,,2002,QB,4.641250133514404,-4.601250171661375
00-0020171,,2002,WR,2.581249952316284,-4.6312501430511475
00-0020404,,2002,QB,4.606249809265137,-4.636250495910643
00-0019552,,2002,WR,2.5,-4.712500095367432
00-0020513,,2002,WR,2.4812498092651367,-4.731250286102295
00-0005668,,2002,WR,2.424999952316284,-4.7875001430511475
00-0008598,,2002,WR,2.424999952316284,-4.7875001430511475
00-0020452,,2002,WR,2.3500001430511475,-4.862499952316284
00-0007144,,2002,WR,2.331249952316284,-4.8812501430511475
00-0017110,,2002,WR,2.325000047683716,-4.887500047683716
00-0002469,,2002,WR,2.275000095367432,-4.9375
00-0017160,,2002,WR,2.262500047683716,-4.950000047683716
00-0020425,,2002,WR,2.1937499046325684,-5.018750190734863
00-0000145,,2002,WR,2.087500095367432,-5.125
00-0021242,,2002,WR,2.087500095367432,-5.125
00-0020562,,2002,QB,4.099999904632568,-5.142500400543211
00-0010137,,2002,QB,3.899999856948853,-5.342500448226927
00-0020021,,2002,WR,1.862499952316284,-5.3500001430511475
00-0017470,,2002,WR,1.84375,-5.368750095367432
00-0019231,,2002,WR,1.825000047683716,-5.387500047683716
00-0019709,,2002,QB,3.759999990463257,-5.482500314712523
00-0017847,,2002,WR,1.6374999284744265,-5.575000166893005
00-0021353,,2002,WR,1.5125000476837158,-5.700000047683716
00-0001218,,2002,QB,3.493750095367432,-5.748750209808348
00-0006777,,2002,WR,1.4500000476837158,-5.762500047683716
00-0019510,,2002,WR,1.40625,-5.806250095367432
00-0020497,,2002,WR,1.40625,-5.806250095367432
00-0007576,,2002,QB,3.40625,-5.8362503051757795
00-0015980,,2002,WR,1.3499999046325684,-5.862500190734863
00-0006331,,2002,WR,1.3312500715255735,-5.881250023841858
00-0010455,,2002,QB,3.327499866485596,-5.915000438690184
00-0020305,,2002,QB,3.315000057220459,-5.9275002479553205
00-0019543,,2002,WR,1.28125,-5.931250095367432
00-0004293,,2002,QB,3.2487499713897705,-5.993750333786009
00-0019491,,2002,WR,1.181249976158142,-6.0312501192092896
00-0002721,,2002,WR,1.1624999046325684,-6.050000190734863
00-0020984,,2002,WR,1.1437499523162842,-6.0687501430511475
00-0019109,,2002,WR,1.1124999523162842,-6.1000001430511475
00-0021330,,2002,WR,1.087499976158142,-6.1250001192092896
00-0019547,,2002,WR,1.0750000476837158,-6.137500047683716
00-0015970,,2002,WR,1.0187499523162842,-6.1937501430511475
00-0020018,,2002,WR,0.949999988079071,-6.262500107288361
00-0017200,,2002,QB,2.908750057220459,-6.3337502479553205
00-0017697,,2002,WR,0.856249988079071,-6.356250107288361
00-0002876,,2002,QB,2.882499933242798,-6.360000371932982
00-0015959,,2002,WR,0.7999999523162842,-6.4125001430511475
00-0020692,,2002,WR,0.71875,-6.493750095367432
00-0021313,,2002,WR,0.5874999761581421,-6.6250001192092896
00-0020415,,2002,WR,0.5687500238418579,-6.643750071525574
00-0021174,,2002,WR,0.53125,-6.681250095367432
00-0021063,,2002,WR,0.4937500059604645,-6.718750089406967
00-0011854,,2002,WR,0.4562500119209289,-6.756250083446503
00-0008454,,2002,WR,0.4312500059604645,-6.781250089406967
00-0009869,,2002,WR,0.4312499761581421,-6.7812501192092896
00-0000598,,2002,WR,0.3499999940395355,-6.862500101327896
00-0018981,,2002,WR,0.3499999940395355,-6.862500101327896
00-0000765,,2002,WR,0.3312500119209289,-6.881250083446503
00-0020484,,2002,WR,0.2437500059604644,-6.968750089406967
00-0019454,,2002,WR,0.1687500029802322,-7.043750092387199
00-0019302,,2002,WR,0.1500000059604644,-7.062500089406967
00-0020485,,2002,WR,0.1500000059604644,-7.062500089406967
00-0019625,,2002,WR,0.1312499940395355,-7.081250101327896
00-0018333,,2002,QB,2.1475000381469727,-7.095000267028807
00-0021121,,2002,WR,0.1124999970197677,-7.100000098347664
00-0020780,,2002,WR,0.1000000014901161,-7.1125000938773155
00-0020272,,2002,WR,0.0874999985098838,-7.125000096857548
00-0020676,,2002,WR,0.0687500014901161,-7.1437500938773155
00-0011151,,2002,WR,0.0437499992549419,-7.16875009611249
00-0002942,,2002,WR,0.0,-7.212500095367432
00-0011568,,2002,WR,0.0,-7.212500095367432
00-0016837,,2002,WR,0.0,-7.212500095367432
00-0020062,,2002,WR,0.0,-7.212500095367432
00-0020159,,2002,WR,0.0,-7.212500095367432
00-0020361,,2002,WR,0.0,-7.212500095367432
00-0020387,,2002,WR,0.0,-7.212500095367432
00-0020520,,2002,WR,0.0,-7.212500095367432
00-0020542,,2002,WR,0.0,-7.212500095367432
00-0021093,,2002,WR,0.0,-7.212500095367432
00-0021309,,2002,WR,0.0,-7.212500095367432
00-0021231,,2002,QB,1.8212499618530276,-7.421250343322752
00-0019087,,2002,QB,1.7200000286102295,-7.52250027656555
00-0016193,,2002,QB,1.6412498950958252,-7.601250410079954
00-0008612,,2002,QB,1.5462501049041748,-7.696250200271605
00-0004229,,2002,QB,1.4600000381469729,-7.782500267028807
00-0019623,,2002,QB,1.0800000429153442,-8.162500262260435
00-0019764,,2002,QB,1.0425000190734863,-8.200000286102293
00-0005589,,2002,QB,0.8549999594688416,-8.387500345706938
00-0012726,,2002,QB,0.5787500143051147,-8.663750290870665
00-0021254,,2002,QB,0.5212500095367432,-8.721250295639036
00-0003315,,2002,QB,0.4762499928474426,-8.766250312328337
00-0004161,,2002,QB,0.2699999809265136,-8.972500324249266
00-0009266,,2002,QB,0.2312500029802322,-9.011250302195547
00-0005363,,2002,QB,0.197500005364418,-9.045000299811361
00-0014384,,2002,QB,0.197500005364418,-9.045000299811361
00-0001545,,2002,QB,0.1437499970197677,-9.098750308156012
00-0020126,,2002,QB,0.1437499970197677,-9.098750308156012
00-0020434,,2002,QB,0.1312499940395355,-9.111250311136244
00-0015082,,2002,QB,0.0737499967217445,-9.168750308454035
00-0020483,,2002,QB,0.0562499985098838,-9.186250306665896
00-0012261,,2002,QB,0.0412499979138374,-9.201250307261942
00-0007835,,2002,QB,0.025000000372529,-9.21750030480325
00-0003557,,2002,QB,0.0175000000745058,-9.225000305101274
00-0016838,,2002,QB,0.0125000001862645,-9.230000304989515
00-0013338,,2002,QB,-0.0062500000931322,-9.248750305268912
00-0021238,,2002,QB,-0.0175000000745058,-9.260000305250285
00-0020405,,2002,QB,-0.018750000745058,-9.261250305920838
00-0020480,,2002,QB,-0.0562499985098838,-9.298750303685663
00-0021206,J.McCown,2002,QB,-0.0850000008940696,-9.32750030606985
00-0000251,,2002,,9.5,
00-0000339,,2002,,4.962500095367432,
00-0002846,,2002,,6.212500095367432,
00-0002970,,2002,,3.6437501907348633,
00-0004768,,2002,,3.262500047683716,
00-0005229,,2002,,0.4937499761581421,
00-0007254,,2002,,4.34375,
00-0007357,,2002,,0.0750000029802322,
00-0007579,,2002,,2.581249952316284,
00-0009417,,2002,,4.59375,
00-0010292,,2002,,2.90625,
00-0011958,,2002,,2.712500095367432,
00-0013694,,2002,,3.5374999046325684,
00-0013773,,2002,,1.412500023841858,
00-0014775,,2002,,0.6499999761581421,
00-0015420,,2002,,1.46875,
00-0015830,,2002,,3.462500095367432,
00-0016316,,2002,,1.443750023841858,
00-0019100,,2002,,3.662499904632568,
00-0019135,,2002,,2.487499952316284,
00-0019172,,2002,,1.649999976158142,
00-0019353,,2002,,0.4562500119209289,
00-0019587,,2002,,0.6937499642372131,
00-0019916,,2002,,0.09375,
00-0020507,,2002,,0.962499976158142,
00-0021279,,2002,,0.5687499642372131,
00-0005092,,2001,RB,26.231250762939453,22.693750619888306
00-0007661,,2001,RB,20.931249618530277,17.39374947547913
00-0006305,,2001,RB,19.881250381469727,16.34375023841858
00-0007024,,2001,WR,21.981250762939453,15.737500667572021
00-0019647,,2001,RB,18.631250381469727,15.093750238418579
00-0010442,,2001,RB,18.56374931335449,15.026249170303341
00-0012478,,2001,WR,20.768749237060547,14.524999141693115
00-0015290,,2001,WR,19.875,13.631249904632568
00-0020536,,2001,RB,16.831249237060547,13.2937490940094
00-0017915,,2001,RB,16.600000381469727,13.062500238418579
00-0001532,,2001,WR,19.20625114440918,12.962501049041748
00-0004304,,2001,RB,16.14375114440918,12.606251001358032
00-0015218,,2001,WR,18.5625,12.318749904632568
00-0000745,,2001,RB,15.012499809265137,11.47499966621399
00-0002068,,2001,WR,17.0,10.756249904632568
00-0002058,,2001,WR,16.962499618530273,10.718749523162842
00-0005779,,2001,RB,14.231249809265137,10.69374966621399
00-0011754,,2001,WR,16.891250610351562,10.64750051498413
00-0006101,,2001,TE,12.824999809265137,10.581249713897705
00-0007180,,2001,RB,14.018750190734863,10.481250047683716
00-0015091,,2001,RB,13.993749618530272,10.456249475479124
00-0007744,,2001,WR,16.368749618530273,10.124999523162842
00-0004052,,2001,RB,13.606249809265137,10.06874966621399
00-0007681,,2001,WR,16.206249237060547,9.962499141693115
00-0001477,,2001,WR,16.203750610351562,9.96000051498413
00-0019863,,2001,RB,13.425000190734863,9.887500047683716
00-0005755,,2001,QB,18.55749893188477,9.771248817443851
00-0017200,,2001,QB,18.325000762939453,9.538750648498535
00-0015523,,2001,RB,13.0,9.462499856948853
00-0013639,,2001,WR,15.681249618530272,9.43749952316284
00-0010500,,2001,WR,15.487500190734863,9.243750095367432
00-0008560,,2001,WR,15.481249809265137,9.237499713897705
00-0020403,,2001,RB,12.631250381469728,9.09375023841858
00-0004640,,2001,RB,12.524999618530272,8.987499475479124
00-0010668,,2001,WR,15.0,8.756249904632568
00-0008561,,2001,WR,14.787500381469728,8.543750286102297
00-0003396,,2001,WR,14.693750381469728,8.450000286102297
00-0013080,,2001,TE,10.556249618530272,8.31249952316284
00-0015242,,2001,RB,11.762499809265137,8.22499966621399
00-0010240,,2001,RB,11.574999809265137,8.03749966621399
00-0014722,,2001,TE,10.256250381469728,8.012500286102297
00-0019663,,2001,WR,14.1875,7.943749904632568
00-0017162,,2001,WR,14.162500381469728,7.918750286102297
00-0005741,,2001,QB,16.638750076293945,7.852499961853027
00-0011024,,2001,QB,16.587499618530273,7.8012495040893555
00-0013013,,2001,RB,11.1875,7.6499998569488525
00-0008059,,2001,WR,13.868749618530272,7.62499952316284
00-0010346,,2001,QB,16.30875015258789,7.522500038146973
00-0005883,,2001,RB,11.050000190734863,7.512500047683716
00-0005106,,2001,QB,16.27750015258789,7.491250038146973
00-0011022,,2001,QB,16.219999313354492,7.433749198913574
00-0008210,,2001,WR,13.600000381469728,7.356250286102297
00-0018343,,2001,TE,9.508749961853027,7.264999866485596
00-0011727,,2001,WR,13.4375,7.193749904632568
00-0001823,,2001,QB,15.817500114440918,7.03125
00-0019057,,2001,RB,10.50624942779541,6.968749284744263
00-0002099,,2001,WR,13.056249618530272,6.81249952316284
00-0016550,,2001,WR,13.012499809265137,6.768749713897705
00-0002861,,2001,TE,8.725000381469727,6.481250286102295
00-0003035,,2001,TE,8.725000381469727,6.481250286102295
00-0019642,,2001,WR,12.675000190734863,6.431250095367432
00-0014489,,2001,WR,12.462499618530272,6.21874952316284
00-0018958,,2001,WR,12.412500381469728,6.168750286102297
00-0016440,,2001,WR,12.375,6.131249904632568
00-0015700,,2001,QB,14.87874984741211,6.092499732971191
00-0013232,,2001,WR,12.262499809265137,6.018749713897705
00-0018977,,2001,RB,9.5,5.9624998569488525
00-0013728,,2001,TE,8.125,5.881249904632568
00-0001215,,2001,RB,9.329999923706056,5.792499780654909
00-0002721,,2001,WR,12.03125,5.787499904632568
00-0015165,,2001,RB,9.168749809265137,5.631249666213989
00-0011770,,2001,WR,11.731249809265137,5.487499713897705
00-0019644,,2001,TE,7.637499809265137,5.393749713897705
00-0015048,,2001,TE,7.493750095367432,5.25
00-0017109,,2001,TE,7.387499809265137,5.143749713897705
00-0014450,,2001,RB,8.625,5.0874998569488525
00-0009842,,2001,TE,7.324999809265137,5.081249713897705
00-0020514,,2001,RB,8.612500190734863,5.075000047683716
00-0004694,,2001,WR,11.28125,5.037499904632568
00-0005180,,2001,QB,13.751250267028809,4.965000152587891
00-0020446,,2001,WR,11.074999809265137,4.831249713897705
00-0020471,,2001,RB,8.300000190734863,4.762500047683716
00-0003400,,2001,TE,6.868750095367432,4.625
00-0005562,,2001,WR,10.706250190734863,4.462500095367432
00-0020474,,2001,RB,7.993750095367432,4.456249952316284
00-0015698,,2001,RB,7.981249809265137,4.443749666213989
00-0019643,,2001,RB,7.856249809265137,4.318749666213989
00-0008241,,2001,RB,7.84375,4.3062498569488525
00-0012642,,2001,WR,10.4375,4.193749904632568
00-0019457,,2001,TE,6.131249904632568,3.8874998092651363
00-0008749,,2001,TE,6.112500190734863,3.868750095367431
00-0013042,,2001,QB,12.651249885559082,3.864999771118164
00-0006210,,2001,WR,10.068750381469728,3.8250002861022967
00-0003739,,2001,QB,12.567500114440918,3.78125
00-0017218,,2001,RB,7.293749809265137,3.7562496662139893
00-0020455,,2001,TE,5.887499809265137,3.6437497138977046
00-0007468,,2001,WR,9.75,3.5062499046325684
00-0008442,,2001,QB,12.265000343322754,3.478750228881836
00-0007969,,2001,RB,6.974999904632568,3.437499761581421
00-0015751,,2001,WR,9.65625,3.4124999046325684
00-0000210,,2001,RB,6.824999809265137,3.2874996662139893
00-0006423,,2001,QB,12.048749923706056,3.2624998092651385
00-0019649,,2001,RB,6.78125,3.2437498569488525
00-0008060,,2001,WR,9.46875,3.2249999046325684
00-0011551,,2001,TE,5.46875,3.224999904632568
00-0014544,,2001,WR,9.431249618530272,3.18749952316284
00-0001661,,2001,TE,5.412499904632568,3.1687498092651363
00-0003292,,2001,QB,11.916250228881836,3.130000114440918
00-0000232,,2001,RB,6.599999904632568,3.062499761581421
00-0017470,,2001,WR,9.262499809265137,3.018749713897705
00-0019594,,2001,RB,6.525000095367432,2.987499952316284
00-0006355,,2001,QB,11.763750076293944,2.9774999618530256
00-0019641,,2001,RB,6.381249904632568,2.843749761581421
00-0017924,,2001,TE,5.050000190734863,2.806250095367431
00-0020448,,2001,RB,6.337500095367432,2.799999952316284
00-0020525,,2001,WR,8.981249809265137,2.737499713897705
00-0005363,,2001,QB,11.484999656677246,2.698749542236328
00-0005720,,2001,WR,8.94124984741211,2.6974997520446777
00-0019455,,2001,WR,8.881250381469727,2.637500286102295
00-0010974,,2001,WR,8.831250190734863,2.5875000953674316
00-0005620,,2001,RB,6.125,2.5874998569488525
00-0004294,,2001,TE,4.741250038146973,2.4974999427795406
00-0008962,,2001,WR,8.725000381469727,2.481250286102295
00-0019423,,2001,RB,5.974999904632568,2.437499761581421
00-0005668,,2001,WR,8.649999618530273,2.406249523162842
00-0020285,,2001,TE,4.625,2.381249904632568
00-0002962,,2001,WR,8.5625,2.3187499046325684
00-0020270,,2001,RB,5.787499904632568,2.249999761581421
00-0004054,,2001,RB,5.5625,2.0249998569488525
00-0002110,,2001,QB,10.672500610351562,1.8862504959106445
00-0013268,,2001,WR,8.050000190734863,1.8062500953674316
00-0005091,,2001,RB,5.170000076293945,1.6324999332427979
00-0020434,,2001,QB,10.377500534057615,1.5912504196166974
00-0019606,,2001,WR,7.818749904632568,1.5749998092651367
00-0019889,,2001,RB,5.106249809265137,1.5687496662139893
00-0018501,,2001,RB,5.03125,1.4937498569488525
00-0007144,,2001,WR,7.731249809265137,1.487499713897705
00-0017486,,2001,RB,4.981249809265137,1.4437496662139893
00-0019596,T.Brady,2001,QB,10.207499504089355,1.4212493896484375
00-0019516,,2001,RB,4.881249904632568,1.343749761581421
00-0020430,,2001,RB,4.875,1.3374998569488525
00-0019659,,2001,TE,3.581249952316284,1.337499856948852
00-0019721,,2001,WR,7.537499904632568,1.2937498092651367
00-0011439,,2001,TE,3.5374999046325684,1.2937498092651363
00-0010539,,2001,WR,7.462500095367432,1.21875
00-0002876,,2001,QB,9.892499923706056,1.1062498092651385
00-0003535,,2001,QB,9.774999618530272,0.9887495040893537
00-0009323,,2001,TE,3.2249999046325684,0.9812498092651363
00-0017644,,2001,TE,3.206249952316284,0.9624998569488521
00-0003344,,2001,RB,4.487500190734863,0.9500000476837158
00-0017892,,2001,RB,4.443749904632568,0.9062497615814209
00-0019290,,2001,TE,3.0999999046325684,0.8562498092651363
00-0017356,,2001,TE,3.09375,0.8499999046325679
00-0002743,,2001,RB,4.381249904632568,0.8437497615814209
00-0013712,,2001,TE,3.075000047683716,0.8312499523162837
00-0014328,,2001,WR,7.050000190734863,0.8062500953674316
00-0000911,,2001,TE,3.049999952316284,0.8062498569488521
00-0003103,,2001,TE,3.049999952316284,0.8062498569488521
00-0011795,,2001,WR,7.03125,0.7874999046325684
00-0009443,,2001,TE,3.0,0.7562499046325679
00-0010477,,2001,WR,6.862500190734863,0.6187500953674316
00-0005101,,2001,TE,2.862499952316284,0.6187498569488521
00-0014350,,2001,TE,2.768749952316284,0.5249998569488521
00-0018949,,2001,K,0.4250000119209289,0.4250000119209289
00-0000552,,2001,RB,3.962500095367432,0.4249999523162846
00-0006804,,2001,TE,2.6624999046325684,0.4187498092651363
00-0009829,,2001,RB,3.900000095367432,0.3624999523162846
00-0006949,,2001,TE,2.5687499046325684,0.3249998092651363
00-0008313,,2001,WR,6.556250095367432,0.3125
00-0020516,,2001,TE,2.5374999046325684,0.2937498092651363
00-0002159,,2001,RB,3.8125,0.27499985694885254
00-0006627,,2001,WR,6.465000152587891,0.22125005722045898
00-0017322,,2001,RB,3.71875,0.18124985694885254
00-0006300,,2001,QB,8.944999694824219,0.15874958038330078
00-0008357,,2001,WR,6.387499809265137,0.14374971389770508
00-0001098,,2001,RB,3.637500047683716,0.09999990463256836
00-0019770,,2001,K,0.050000000745058,0.050000000745058
00-0001980,,2001,K,0.0375000014901161,0.0375000014901161
00-0020527,,2001,RB,3.5737500190734863,0.03624987602233887
00-0006223,,2001,K,0.0,0.0
00-0010333,,2001,TE,2.243750095367432,0.0
00-0016193,,2001,QB,8.786250114440918,0.0
00-0019614,,2001,RB,3.5375001430511475,0.0
00-0020490,,2001,WR,6.243750095367432,0.0
00-0002655,,2001,K,-0.0062500000931322,-0.0062500000931322
00-0020513,,2001,WR,6.21875,-0.02500009536743164
00-0010373,,2001,K,-0.03125,-0.03125
00-0009311,,2001,QB,8.74625015258789,-0.039999961853027344
00-0010859,,2001,TE,2.174999952316284,-0.0687501430511479
00-0013422,,2001,TE,2.174999952316284,-0.0687501430511479
00-0019712,,2001,RB,3.4375,-0.10000014305114746
00-0002565,,2001,TE,2.112499952316284,-0.1312501430511479
00-0020332,,2001,TE,2.087500095367432,-0.15625
00-0000722,,2001,QB,8.539999961853027,-0.24625015258789062
00-0020462,,2001,RB,3.2874999046325684,-0.2500002384185791
00-0001627,,2001,WR,5.974999904632568,-0.2687501907348633
00-0006848,,2001,TE,1.931249976158142,-0.31250011920929
00-0003663,,2001,RB,3.21875,-0.31875014305114746
00-0001224,,2001,RB,3.1937499046325684,-0.3437502384185791
00-0010436,,2001,RB,3.1937499046325684,-0.3437502384185791
00-0008196,,2001,RB,3.181250095367432,-0.3562500476837154
00-0009119,,2001,TE,1.887500047683716,-0.35625004768371604
00-0011224,,2001,TE,1.8625000715255735,-0.3812500238418586
00-0000145,,2001,WR,5.849999904632568,-0.3937501907348633
00-0005324,,2001,RB,3.1312499046325684,-0.4062502384185791
00-0010146,,2001,TE,1.787500023841858,-0.4562500715255742
00-0002469,,2001,WR,5.75,-0.49375009536743164
00-0000883,,2001,TE,1.6687500476837158,-0.5750000476837163
00-0007389,,2001,RB,2.9562501907348637,-0.5812499523162837
00-0001766,,2001,TE,1.65625,-0.5875000953674321
00-0009163,,2001,WR,5.643750190734863,-0.5999999046325684
00-0014655,,2001,TE,1.6437500715255735,-0.6000000238418586
00-0005231,,2001,WR,5.631249904632568,-0.6125001907348633
00-0020272,,2001,WR,5.631249904632568,-0.6125001907348633
00-0008723,,2001,TE,1.625,-0.6187500953674321
00-0020427,,2001,WR,5.493750095367432,-0.75
00-0019660,,2001,WR,5.487500190734863,-0.7562499046325684
00-0016677,,2001,TE,1.412500023841858,-0.8312500715255742
00-0019564,,2001,TE,1.412500023841858,-0.8312500715255742
00-0000316,,2001,RB,2.6937499046325684,-0.8437502384185791
00-0002102,,2001,TE,1.3624999523162842,-0.8812501430511479
00-0004574,,2001,TE,1.28125,-0.9625000953674321
00-0007213,,2001,TE,1.21875,-1.025000095367432
00-0015601,,2001,RB,2.456249952316284,-1.0812501907348633
00-0006331,,2001,WR,5.137499809265137,-1.106250286102295
00-0004004,,2001,TE,1.1124999523162842,-1.131250143051148
00-0000166,,2001,TE,1.09375,-1.150000095367432
00-0019722,,2001,RB,2.3812499046325684,-1.156250238418579
00-0000942,,2001,RB,2.325000047683716,-1.2125000953674316
00-0020268,,2001,TE,1.0125000476837158,-1.2312500476837163
00-0020187,,2001,TE,1.006250023841858,-1.2375000715255742
00-0004673,,2001,WR,5.0,-1.2437500953674316
00-0004637,,2001,TE,0.962499976158142,-1.28125011920929
00-0005816,,2001,RB,2.231250047683716,-1.3062500953674316
00-0008568,,2001,RB,2.226249933242798,-1.3112502098083496
00-0019127,,2001,TE,0.925000011920929,-1.3187500834465031
00-0000865,,2001,QB,7.386250019073486,-1.4000000953674316
00-0003803,,2001,TE,0.8374999761581421,-1.40625011920929
00-0014729,,2001,WR,4.806250095367432,-1.4375
00-0019576,,2001,RB,2.09375,-1.4437501430511475
00-0018976,,2001,TE,0.7250000238418579,-1.5187500715255742
00-0011276,,2001,QB,7.253749847412109,-1.5325002670288086
00-0019831,,2001,RB,1.975000023841858,-1.5625001192092896
00-0008903,,2001,TE,0.6312500238418579,-1.6125000715255742
00-0004112,,2001,TE,0.625,-1.618750095367432
00-0017697,,2001,WR,4.575000286102295,-1.6687498092651367
00-0014211,,2001,TE,0.53125,-1.712500095367432
00-0016347,,2001,TE,0.518750011920929,-1.7250000834465031
00-0011425,,2001,TE,0.4937500059604645,-1.7500000894069676
00-0008190,,2001,TE,0.4437499940395355,-1.8000001013278966
00-0020342,,2001,TE,0.4437499940395355,-1.8000001013278966
00-0016838,,2001,QB,6.971250057220459,-1.815000057220459
00-0006133,,2001,TE,0.4187500178813934,-1.8250000774860387
00-0015754,,2001,WR,4.40625,-1.8375000953674316
00-0020090,,2001,TE,0.387499988079071,-1.856250107288361
00-0020476,,2001,TE,0.3812499940395355,-1.8625001013278966
00-0020050,,2001,TE,0.3500000238418579,-1.8937500715255742
00-0009288,,2001,RB,1.631250023841858,-1.9062501192092896
00-0020391,,2001,RB,1.631250023841858,-1.9062501192092896
00-0004915,,2001,WR,4.3125,-1.9312500953674316
00-0015811,,2001,WR,4.28125,-1.9625000953674316
00-0019062,,2001,TE,0.28125,-1.962500095367432
00-0004063,,2001,TE,0.2750000059604645,-1.9687500894069676
00-0011399,,2001,RB,1.568750023841858,-1.9687501192092896
00-0001862,,2001,TE,0.262499988079071,-1.981250107288361
00-0012637,,2001,WR,4.262499809265137,-1.981250286102295
00-0020417,,2001,RB,1.5187500715255735,-2.0187500715255737
00-0018997,,2001,TE,0.21875,-2.025000095367432
00-0017847,,2001,WR,4.212500095367432,-2.03125
00-0019404,,2001,TE,0.2062499970197677,-2.0375000983476643
00-0019708,,2001,WR,4.193749904632568,-2.0500001907348633
00-0020397,,2001,WR,4.181250095367432,-2.0625
00-0019093,,2001,TE,0.125,-2.118750095367432
00-0013512,,2001,WR,4.118750095367432,-2.125
00-0019008,,2001,TE,0.1000000014901161,-2.143750093877316
00-0003681,,2001,TE,0.09375,-2.150000095367432
00-0006666,,2001,TE,0.09375,-2.150000095367432
00-0019598,,2001,TE,0.09375,-2.150000095367432
00-0003266,,2001,TE,0.0812499970197677,-2.1625000983476643
00-0019976,,2001,WR,4.056250095367432,-2.1875
00-0008921,,2001,RB,1.3249999284744265,-2.212500214576721
00-0000727,,2001,TE,0.0,-2.243750095367432
00-0011488,,2001,TE,0.0,-2.243750095367432
00-0019558,,2001,TE,0.0,-2.243750095367432
00-0019913,,2001,TE,0.0,-2.243750095367432
00-0010747,,2001,RB,1.274999976158142,-2.2625001668930054
00-0003700,,2001,WR,3.96875,-2.2750000953674316
00-0019533,,2001,RB,1.2062499523162842,-2.3312501907348633
00-0019610,,2001,RB,1.2062499523162842,-2.3312501907348633
00-0007091,,2001,QB,6.43874979019165,-2.3475003242492676
00-0013888,,2001,WR,3.868750095367432,-2.3749999999999996
00-0020498,,2001,WR,3.84375,-2.4000000953674316
00-0002713,,2001,RB,1.1062500476837158,-2.4312500953674316
00-0016321,,2001,RB,1.0750000476837158,-2.4625000953674316
00-0004780,,2001,WR,3.756249904632568,-2.4875001907348637
00-0002380,,2001,RB,1.0,-2.5375001430511475
00-0019484,,2001,RB,0.987500011920929,-2.5500001311302185
00-0019826,,2001,RB,0.962499976158142,-2.5750001668930054
00-0019609,,2001,RB,0.9562499523162842,-2.5812501907348633
00-0020171,,2001,WR,3.637500047683716,-2.606250047683716
00-0019534,,2001,RB,0.925000011920929,-2.6125001311302185
00-0017239,,2001,RB,0.8375000357627869,-2.7000001072883606
00-0007546,,2001,RB,0.8062499761581421,-2.7312501668930054
00-0016098,,2001,RB,0.8062499761581421,-2.7312501668930054
00-0019461,,2001,WR,3.5062501430511475,-2.737499952316284
00-0019382,,2001,RB,0.7625000476837158,-2.7750000953674316
00-0019025,,2001,RB,0.7437499761581421,-2.7937501668930054
00-0020497,,2001,WR,3.4312498569488525,-2.812500238418579
00-0003136,,2001,RB,0.7125000357627869,-2.8250001072883606
00-0010007,,2001,WR,3.408750057220459,-2.8350000381469727
00-0020094,,2001,RB,0.6937500238418579,-2.8437501192092896
00-0019268,,2001,RB,0.550000011920929,-2.9875001311302185
00-0019471,,2001,RB,0.5437500476837158,-2.9937500953674316
00-0019673,,2001,RB,0.543749988079071,-2.9937501549720764
00-0000007,,2001,RB,0.5375000238418579,-3.0000001192092896
00-0008529,,2001,RB,0.518750011920929,-3.0187501311302185
00-0019794,,2001,RB,0.518750011920929,-3.0187501311302185
00-0019231,,2001,WR,3.181250095367432,-3.0624999999999996
00-0019466,,2001,RB,0.418749988079071,-3.1187501549720764
00-0016232,,2001,WR,3.106250047683716,-3.137500047683716
00-0006208,,2001,RB,0.3687499761581421,-3.1687501668930054
00-0018056,,2001,WR,3.043750047683716,-3.200000047683716
00-0020337,,2001,WR,2.981250047683716,-3.262500047683716
00-0012569,,2001,WR,2.96875,-3.2750000953674316
00-0013467,,2001,RB,0.2124999910593032,-3.325000151991844
00-0017829,,2001,RB,0.1937499940395355,-3.343750149011612
00-0008612,,2001,QB,5.418750286102295,-3.367499828338623
00-0004888,,2001,WR,2.8499999046325684,-3.3937501907348633
00-0004541,,2001,WR,2.84375,-3.4000000953674316
00-0010951,,2001,RB,0.1312499940395355,-3.406250149011612
00-0020181,,2001,RB,0.1187499985098838,-3.4187501445412636
00-0006930,,2001,RB,0.1062500029802322,-3.4312501400709152
00-0013958,,2001,RB,0.1062500029802322,-3.4312501400709152
00-0019862,,2001,RB,0.0812499970197677,-3.4562501460313797
00-0017160,,2001,WR,2.75,-3.4937500953674316
00-0008391,,2001,RB,0.0375000014901161,-3.5000001415610313
00-0012370,,2001,RB,0.0375000014901161,-3.5000001415610313
00-0019453,,2001,RB,0.0375000014901161,-3.5000001415610313
00-0019543,,2001,WR,2.737499952316284,-3.5062501430511475
00-0020438,,2001,WR,2.737499952316284,-3.5062501430511475
00-0004200,,2001,RB,0.025000000372529,-3.5125001426786184
00-0003378,,2001,WR,2.7312498092651367,-3.512500286102295
00-0010632,,2001,RB,0.0125000001862645,-3.525000142864883
00-0004077,,2001,WR,2.7124998569488525,-3.531250238418579
00-0013262,,2001,RB,0.0,-3.5375001430511475
00-0017303,,2001,RB,0.0,-3.5375001430511475
00-0017896,,2001,RB,0.0,-3.5375001430511475
00-0019473,,2001,RB,0.0,-3.5375001430511475
00-0020112,,2001,RB,0.0,-3.5375001430511475
00-0019028,,2001,RB,-0.0062500000931322,-3.5437501431442797
00-0019703,,2001,WR,2.643749952316284,-3.6000001430511475
00-0006043,,2001,WR,2.525000095367432,-3.7187499999999996
00-0019650,,2001,WR,2.481250047683716,-3.762500047683716
00-0019491,,2001,WR,2.450000047683716,-3.793750047683716
00-0020370,,2001,WR,2.4437499046325684,-3.8000001907348633
00-0019054,,2001,WR,2.28125,-3.9625000953674316
00-0019670,,2001,WR,2.231250047683716,-4.012500047683716
00-0015959,,2001,WR,2.081249952316284,-4.1625001430511475
00-0002942,,2001,WR,2.0625,-4.181250095367432
00-0020320,,2001,WR,2.018749952316284,-4.2250001430511475
00-0007798,,2001,WR,1.987499952316284,-4.2562501430511475
00-0000387,,2001,WR,1.962499976158142,-4.2812501192092896
00-0008454,,2001,WR,1.9437499046325684,-4.300000190734863
00-0000869,,2001,WR,1.9375,-4.306250095367432
00-0019662,,2001,WR,1.90625,-4.337500095367432
00-0015980,,2001,WR,1.893749952316284,-4.3500001430511475
00-0020404,,2001,QB,4.242499828338623,-4.543750286102295
00-0008300,,2001,WR,1.6687500476837158,-4.575000047683716
00-0004463,,2001,WR,1.5437500476837158,-4.700000047683716
00-0004293,,2001,QB,4.047500133514404,-4.738749980926514
00-0020415,,2001,WR,1.4937500953674316,-4.75
00-0010786,,2001,WR,1.493749976158142,-4.7500001192092896
00-0015970,,2001,WR,1.475000023841858,-4.768750071525574
00-0010650,,2001,WR,1.337499976158142,-4.9062501192092896
00-0019109,,2001,WR,1.337499976158142,-4.9062501192092896
00-0001545,,2001,QB,3.868750095367432,-4.917500019073486
00-0019487,,2001,WR,1.318750023841858,-4.925000071525574
00-0019661,,2001,WR,1.2374999523162842,-5.0062501430511475
00-0012321,,2001,WR,1.2062499523162842,-5.0375001430511475
00-0020256,,2001,WR,1.1437499523162842,-5.1000001430511475
00-0020245,,2001,QB,3.643749952316284,-5.142500162124634
00-0010843,,2001,WR,1.0812499523162842,-5.1625001430511475
00-0019547,,2001,WR,1.0625,-5.181250095367432
00-0008598,,2001,WR,1.0437500476837158,-5.200000047683716
00-0002005,,2001,WR,1.03125,-5.212500095367432
00-0017110,,2001,WR,0.981249988079071,-5.262500107288361
00-0020361,,2001,WR,0.9375,-5.306250095367432
00-0016373,,2001,WR,0.887499988079071,-5.356250107288361
00-0005903,,2001,WR,0.84375,-5.400000095367432
00-0020018,,2001,WR,0.8374999761581421,-5.4062501192092896
00-0014319,,2001,WR,0.7749999761581421,-5.4687501192092896
00-0019505,,2001,WR,0.7625000476837158,-5.481250047683716
00-0011151,,2001,WR,0.7437500357627869,-5.500000059604645
00-0020381,,2001,WR,0.737500011920929,-5.506250083446503
00-0011568,,2001,WR,0.7250000238418579,-5.518750071525574
00-0020387,,2001,WR,0.6812499761581421,-5.5625001192092896
00-0020308,,2001,QB,3.208750009536743,-5.577500104904175
00-0020340,,2001,WR,0.5875000357627869,-5.656250059604645
00-0013097,,2001,WR,0.550000011920929,-5.693750083446503
00-0009869,,2001,WR,0.53125,-5.712500095367432
00-0008841,,2001,WR,0.4937499761581421,-5.7500001192092896
00-0003220,,2001,WR,0.4375,-5.806250095367432
00-0015063,,2001,WR,0.4312500059604645,-5.812500089406967
00-0004055,,2001,WR,0.4000000059604645,-5.843750089406967
00-0007103,,2001,WR,0.4000000059604645,-5.843750089406967
00-0020425,,2001,WR,0.3625000119209289,-5.881250083446503
00-0019164,,2001,WR,0.34375,-5.900000095367432
00-0020494,,2001,WR,0.3375000059604645,-5.906250089406967
00-0005932,,2001,WR,0.324999988079071,-5.918750107288361
00-0020485,,2001,WR,0.3000000119209289,-5.943750083446503
00-0019468,,2001,WR,0.2874999940395355,-5.956250101327896
00-0011213,,2001,WR,0.2625000178813934,-5.981250077486038
00-0017611,,2001,WR,0.2562499940395355,-5.987500101327896
00-0019510,,2001,WR,0.25,-5.993750095367432
00-0008400,,2001,WR,0.2437500059604644,-6.000000089406967
00-0014918,,2001,WR,0.2312500029802322,-6.012500092387199
00-0019255,,2001,WR,0.2249999940395355,-6.018750101327896
00-0020273,,2001,WR,0.1937499940395355,-6.050000101327896
00-0019038,,2001,WR,0.1812500059604644,-6.062500089406967
00-0003761,,2001,QB,2.682499885559082,-6.103750228881836
00-0001317,,2001,WR,0.1124999970197677,-6.131250098347664
00-0004634,,2001,WR,0.1124999970197677,-6.131250098347664
00-0019539,,2001,WR,0.0625,-6.181250095367432
00-0010892,,2001,WR,0.0,-6.243750095367432
00-0019481,,2001,WR,0.0,-6.243750095367432
00-0020226,,2001,WR,0.0,-6.243750095367432
00-0020343,,2001,WR,0.0,-6.243750095367432
00-0010560,,2001,QB,2.1412501335144043,-6.644999980926514
00-0018272,,2001,QB,2.0537500381469727,-6.732500076293945
00-0005589,,2001,QB,1.826250076293945,-6.960000038146973
00-0004230,,2001,QB,1.8025000095367432,-6.983750104904175
00-0012261,,2001,QB,1.6649999618530271,-7.121250152587891
00-0001361,,2001,QB,1.3624999523162842,-7.423750162124634
00-0019442,,2001,QB,1.3287500143051147,-7.457500100135803
00-0010261,,2001,QB,0.9412499666213988,-7.845000147819519
00-0020531,D.Brees,2001,QB,0.915000021457672,-7.871250092983246
00-0009715,,2001,QB,0.8162499666213989,-7.970000147819519
00-0006212,,2001,QB,0.7837499976158142,-8.002500116825104
00-0020305,,2001,QB,0.7325000166893005,-8.053750097751617
00-0019553,,2001,QB,0.6762500405311584,-8.11000007390976
00-0013338,,2001,QB,0.6650000214576721,-8.121250092983246
00-0007834,,2001,QB,0.6362500190734863,-8.150000095367432
00-0019192,,2001,QB,0.5649999976158142,-8.221250116825104
00-0019559,,2001,QB,0.5487499833106995,-8.237500131130219
00-0007576,,2001,QB,0.5350000262260437,-8.251250088214874
00-0010137,,2001,QB,0.5250000357627869,-8.261250078678131
00-0009266,,2001,QB,0.449999988079071,-8.336250126361847
00-0010206,,2001,QB,0.257500022649765,-8.528750091791153
00-0019087,,2001,QB,0.257500022649765,-8.528750091791153
00-0019682,,2001,QB,0.2262499928474426,-8.560000121593475
00-0015082,,2001,QB,0.2175000011920929,-8.568750113248825
00-0003600,,2001,QB,0.209999993443489,-8.576250120997429
00-0014234,,2001,QB,0.1424999982118606,-8.643750116229057
00-0003315,,2001,QB,0.1375000029802322,-8.648750111460686
00-0020405,,2001,QB,0.0912500023841857,-8.695000112056732
00-0019633,,2001,QB,0.050000000745058,-8.73625011369586
00-0004229,,2001,QB,0.0400000028312206,-8.746250111609697
00-0019623,,2001,QB,0.0337500013411045,-8.752500113099813
00-0019041,,2001,QB,0.0,-8.786250114440918
00-0010455,,2001,QB,-0.0012500006705522,-8.78750011511147
00-0001335,,2001,QB,-0.0062500000931322,-8.79250011453405
00-0012726,,2001,QB,-0.0062500000931322,-8.79250011453405
00-0005885,,2001,QB,-0.0799999982118606,-8.866250112652779
00-0011434,,2001,QB,-0.2800000011920929,-9.06625011563301
00-0000251,,2001,,12.006250381469728,
00-0000339,,2001,,5.337500095367432,
00-0001102,,2001,,2.0062499046325684,
00-0002846,,2001,,11.25,
00-0002970,,2001,,8.537500381469727,
00-0004768,,2001,,4.231250286102295,
00-0005229,,2001,,0.0,
00-0005822,,2001,,1.431249976158142,
00-0007254,,2001,,2.587500095367432,
00-0007357,,2001,,2.2874999046325684,
00-0007579,,2001,,0.6625000238418579,
00-0009417,,2001,,1.524999976158142,
00-0010292,,2001,,1.962499976158142,
00-0011718,,2001,,2.118750095367432,
00-0011958,,2001,,2.2562501430511475,
00-0013694,,2001,,7.349999904632568,
00-0013773,,2001,,2.900000095367432,
00-0014775,,2001,,1.475000023841858,
00-0015420,,2001,,0.2375000119209289,
00-0015830,,2001,,2.2874999046325684,
00-0016316,,2001,,1.056249976158142,
00-0018141,,2001,,0.7250000238418579,
00-0019100,,2001,,3.0999999046325684,
00-0019135,,2001,,0.7125000357627869,
00-0019172,,2001,,1.368749976158142,
00-0019353,,2001,,0.2249999940395355,
00-0019587,,2001,,1.2375000715255735,
00-0019916,,2001,,0.5375000238418579,
00-0020507,,2001,,0.0687500014901161,
00-0005092,,2000,RB,28.34375,25.72499990463257
00-0008241,,2000,RB,24.256250381469727,21.637500286102295
00-0005883,,2000,RB,20.399999618530277,17.781249523162845
00-0006305,,2000,RB,19.575000762939453,16.95625066757202
00-0010442,,2000,RB,18.90749931335449,16.288749217987057
00-0005779,,2000,RB,18.543750762939453,15.925000667572021
00-0017322,,2000,RB,18.443750381469727,15.825000286102295
00-0000745,,2000,RB,17.987499237060547,15.368749141693115
00-0015286,,2000,RB,17.456249237060547,14.837499141693115
00-0016098,,2000,RB,17.268749237060547,14.649999141693115
00-0019594,,2000,RB,17.1875,14.568749904632568
00-0007024,,2000,WR,20.237499237060547,13.899999141693115
00-0015290,,2000,WR,19.856250762939453,13.518750667572021
00-0012478,,2000,WR,19.825000762939453,13.487500667572021
00-0006101,,2000,TE,16.1875,13.487499952316284
00-0011754,,2000,WR,19.456249237060547,13.118749141693115
00-0004052,,2000,RB,15.71875,13.099999904632568
00-0005755,,2000,QB,21.238750457763672,12.96500015258789
00-0003739,,2000,QB,21.19750022888184,12.923749923706058
00-0004640,,2000,RB,15.493749618530272,12.87499952316284
00-0015698,,2000,RB,15.324999809265137,12.706249713897705
00-0015242,,2000,RB,15.206250190734863,12.587500095367432
00-0017915,,2000,RB,14.447500228881836,11.828750133514404
00-0013013,,2000,RB,14.34375,11.724999904632568
00-0010650,,2000,WR,17.881250381469727,11.543750286102295
00-0019693,,2000,RB,14.024999618530272,11.40624952316284
00-0002099,,2000,WR,17.59375,11.256249904632568
00-0007744,,2000,WR,17.318750381469727,10.981250286102295
00-0002721,,2000,WR,17.212499618530273,10.874999523162842
00-0007681,,2000,WR,17.018749237060547,10.681249141693115
00-0000316,,2000,RB,13.112500190734863,10.493750095367432
00-0004304,,2000,RB,12.862500190734863,10.243750095367432
00-0010346,,2000,QB,18.363750457763672,10.09000015258789
00-0011022,,2000,QB,18.225000381469727,9.951250076293945
00-0015218,,2000,WR,16.268749237060547,9.931249141693115
00-0001215,,2000,RB,12.431249618530272,9.81249952316284
00-0011795,,2000,WR,16.09375,9.756249904632568
00-0000145,,2000,WR,16.0625,9.724999904632568
00-0005741,,2000,QB,17.951250076293945,9.677499771118164
00-0017486,,2000,RB,12.056249618530272,9.43749952316284
00-0011770,,2000,WR,15.61875057220459,9.281250476837158
00-0002058,,2000,WR,15.56874942779541,9.231249332427979
00-0000210,,2000,RB,11.793749809265137,9.174999713897705
00-0015165,,2000,RB,11.412500381469728,8.793750286102297
00-0016550,,2000,WR,14.993749618530272,8.65624952316284
00-0010668,,2000,WR,14.918749809265137,8.581249713897705
00-0005091,,2000,RB,11.15625,8.537499904632568
00-0014722,,2000,TE,11.125,8.424999952316284
00-0009842,,2000,TE,10.03125,7.331249952316284
00-0001661,,2000,TE,9.806249618530272,7.106249570846556
00-0008749,,2000,TE,9.768750190734863,7.0687501430511475
00-0018343,,2000,TE,9.69499969482422,6.994999647140505
00-0019609,,2000,RB,9.481249809265137,6.862499713897705
00-0001532,,2000,WR,13.193750381469728,6.856250286102297
00-0002962,,2000,WR,13.149999618530272,6.81249952316284
00-0002068,,2000,WR,13.125,6.787499904632568
00-0001224,,2000,RB,9.350000381469728,6.731250286102297
00-0006043,,2000,WR,13.068750381469728,6.731250286102297
00-0005562,,2000,WR,12.681249618530272,6.34374952316284
00-0008561,,2000,WR,12.356249809265137,6.018749713897705
00-0006300,,2000,QB,14.19499969482422,5.921249389648439
00-0002110,,2000,QB,14.1875,5.913749694824219
00-0013639,,2000,WR,11.981249809265137,5.643749713897705
00-0014489,,2000,WR,11.75,5.412499904632568
00-0009266,,2000,QB,13.585000038146973,5.311249732971191
00-0002159,,2000,RB,7.818749904632568,5.199999809265137
00-0003292,,2000,QB,13.4712495803833,5.1974992752075195
00-0010500,,2000,WR,11.512499809265137,5.174999713897705
00-0007468,,2000,WR,11.47499942779541,5.1374993324279785
00-0019484,,2000,RB,7.693749904632568,5.074999809265137
00-0007661,,2000,RB,7.681250095367432,5.0625
00-0005324,,2000,RB,7.631249904632568,5.012499809265137
00-0004294,,2000,TE,7.300000190734863,4.6000001430511475
00-0005106,,2000,QB,12.710000038146973,4.436249732971191
00-0007144,,2000,WR,10.681249618530272,4.34374952316284
00-0006210,,2000,WR,10.606249809265137,4.268749713897705
00-0019643,,2000,RB,6.743750095367432,4.125
00-0000166,,2000,TE,6.75,4.049999952316284
00-0008921,,2000,RB,6.649999618530273,4.031249523162842
00-0000534,,2000,RB,6.618750095367432,3.9999999999999996
00-0019455,,2000,WR,10.3125,3.9749999046325684
00-0014328,,2000,WR,10.306249618530272,3.96874952316284
00-0005668,,2000,WR,10.268750190734863,3.9312500953674316
00-0000942,,2000,RB,6.543749809265137,3.9249997138977046
00-0017209,,2000,RB,6.462500095367432,3.8437499999999996
00-0001361,,2000,QB,11.980000495910645,3.7062501907348633
00-0004077,,2000,WR,10.0,3.6624999046325684
00-0008454,,2000,WR,9.912500381469728,3.5750002861022967
00-0006949,,2000,TE,6.262500286102295,3.562500238418579
00-0001218,,2000,QB,11.833749771118164,3.559999465942383
00-0011727,,2000,WR,9.8125,3.4749999046325684
00-0019663,,2000,WR,9.762499809265137,3.424999713897705
00-0013888,,2000,WR,9.756250381469728,3.4187502861022967
00-0019641,,2000,RB,6.006249904632568,3.3874998092651363
00-0017160,,2000,WR,9.649999618530272,3.31249952316284
00-0006627,,2000,WR,9.643750190734863,3.3062500953674316
00-0008313,,2000,WR,9.643750190734863,3.3062500953674316
00-0017200,,2000,QB,11.563750267028809,3.2899999618530273
00-0016193,,2000,QB,11.55500030517578,3.2812499999999982
00-0006423,,2000,QB,11.483750343322754,3.2100000381469727
00-0013728,,2000,TE,5.900000095367432,3.200000047683716
00-0013080,,2000,TE,5.868750095367432,3.168750047683716
00-0003396,,2000,WR,9.487499237060549,3.149999141693117
00-0019722,,2000,RB,5.700000286102295,3.081250190734863
00-0010539,,2000,WR,9.375,3.0374999046325684
00-0010974,,2000,WR,9.300000190734863,2.9625000953674316
00-0015700,,2000,QB,11.229999542236328,2.956249237060547
00-0004574,,2000,TE,5.456250190734863,2.7562501430511475
00-0008059,,2000,WR,9.03125,2.6937499046325684
00-0017162,,2000,WR,9.03125,2.6937499046325684
00-0001098,,2000,RB,5.25,2.631249904632568
00-0017109,,2000,TE,5.21875,2.518749952316284
00-0011024,,2000,QB,10.786250114440918,2.5124998092651367
00-0015048,,2000,TE,5.118750095367432,2.418750047683716
00-0015523,,2000,RB,5.012499809265137,2.3937497138977046
00-0003039,,2000,TE,5.050000190734863,2.3500001430511475
00-0009038,,2000,RB,4.949999809265137,2.3312497138977046
00-0016440,,2000,WR,8.46875,2.1312499046325684
00-0003035,,2000,TE,4.818749904632568,2.1187498569488525
00-0019644,,2000,TE,4.768750190734863,2.0687501430511475
00-0011551,,2000,TE,4.737500190734863,2.0375001430511475
00-0009119,,2000,TE,4.6875,1.9874999523162842
00-0013232,,2000,WR,8.324999809265137,1.987499713897705
00-0011224,,2000,TE,4.675000190734863,1.9750001430511475
00-0005110,,2000,RB,4.575000286102295,1.9562501907348628
00-0003378,,2000,WR,8.225000381469727,1.887500286102295
00-0013770,,2000,WR,8.225000381469727,1.887500286102295
00-0012637,,2000,WR,8.199999809265137,1.862499713897705
00-0011399,,2000,RB,4.465000152587891,1.8462500572204585
00-0003663,,2000,RB,4.449999809265137,1.8312497138977046
00-0009829,,2000,RB,4.393750190734863,1.7750000953674312
00-0006047,,2000,TE,4.474999904632568,1.7749998569488525
00-0009163,,2000,WR,8.068750381469727,1.731250286102295
00-0006331,,2000,WR,8.056249618530273,1.7187495231628418
00-0019564,,2000,TE,4.387499809265137,1.687499761581421
00-0013262,,2000,RB,4.256249904632568,1.6374998092651363
00-0005616,,2000,WR,7.962500095367432,1.625
00-0003344,,2000,RB,4.118750095367432,1.4999999999999996
00-0000279,,2000,RB,4.09375,1.474999904632568
00-0015091,,2000,RB,4.024999618530273,1.4062495231628414
00-0017303,,2000,RB,3.9875001907348633,1.3687500953674312
00-0014729,,2000,WR,7.681250095367432,1.34375
00-0008560,,2000,WR,7.676249980926514,1.338749885559082
00-0005101,,2000,TE,3.981250047683716,1.28125
00-0010859,,2000,TE,3.931250095367432,1.2312500476837163
00-0008210,,2000,WR,7.525000095367432,1.1875
00-0007969,,2000,RB,3.662499904632568,1.0437498092651358
00-0010436,,2000,RB,3.662499904632568,1.0437498092651358
00-0000865,,2000,QB,9.291250228881836,1.0174999237060547
00-0019590,,2000,RB,3.6062498092651367,0.9874997138977046
00-0010786,,2000,WR,7.306250095367432,0.96875
00-0017697,,2000,WR,7.28125,0.9437499046325684
00-0015063,,2000,WR,7.1875,0.8499999046325684
00-0011068,,2000,TE,3.5374999046325684,0.8374998569488525
00-0011425,,2000,TE,3.46875,0.7687499523162842
00-0009311,,2000,QB,8.976249694824219,0.7024993896484375
00-0002102,,2000,TE,3.387500047683716,0.6875
00-0006355,,2000,QB,8.948749542236328,0.6749992370605469
00-0000871,,2000,RB,3.1624999046325684,0.5437498092651363
00-0008612,,2000,QB,8.802499771118164,0.5287494659423828
00-0002861,,2000,TE,3.21875,0.5187499523162842
00-0000552,,2000,RB,3.09375,0.4749999046325679
00-0019647,,2000,RB,3.025000095367432,0.40625
00-0005180,,2000,QB,8.657500267028809,0.38374996185302734
00-0018949,,2000,K,0.3812499940395355,0.3812499940395355
00-0013622,,2000,RB,2.9749999046325684,0.3562498092651363
00-0017644,,2000,TE,3.043750047683716,0.34375
00-0001335,,2000,QB,8.603750228881836,0.3299999237060547
00-0006848,,2000,TE,2.9375,0.23749995231628418
00-0004063,,2000,TE,2.918750047683716,0.21875
00-0010333,,2000,TE,2.90625,0.20624995231628418
00-0001281,,2000,TE,2.868750095367432,0.16875004768371626
00-0008430,,2000,RB,2.731250047683716,0.11249995231628374
00-0015751,,2000,WR,6.4375,0.09999990463256836
00-0000108,,2000,K,0.09375,0.09375
00-0016347,,2000,TE,2.7874999046325684,0.08749985694885254
00-0014977,,2000,TE,2.7249999046325684,0.02499985694885254
00-0005620,,2000,RB,2.6312501430511475,0.012500047683715376
00-0004004,,2000,TE,2.700000047683716,0.0
00-0004054,,2000,RB,2.618750095367432,0.0
00-0011568,,2000,WR,6.337500095367432,0.0
00-0013042,,2000,QB,8.273750305175781,0.0
00-0001477,,2000,WR,6.331250190734863,-0.006249904632568359
00-0019659,,2000,TE,2.668750047683716,-0.03125
00-0019676,,2000,K,-0.03125,-0.03125
00-0019457,,2000,TE,2.650000095367432,-0.049999952316283736
00-0009443,,2000,TE,2.6312499046325684,-0.06875014305114746
00-0010747,,2000,RB,2.5,-0.11875009536743208
00-0017924,,2000,TE,2.575000047683716,-0.125
00-0013268,,2000,WR,6.193749904632568,-0.14375019073486328
00-0006456,,2000,RB,2.40625,-0.21250009536743208
00-0002713,,2000,RB,2.331249952316284,-0.2875001430511479
00-0016331,,2000,RB,2.331249952316284,-0.2875001430511479
00-0019057,,2000,RB,2.3187499046325684,-0.3000001907348637
00-0008529,,2000,RB,2.299999952316284,-0.3187501430511479
00-0003700,,2000,WR,6.012499809265137,-0.3250002861022949
00-0012603,,2000,RB,2.25,-0.3687500953674321
00-0012642,,2000,WR,5.943749904632568,-0.3937501907348633
00-0011044,,2000,QB,7.831249713897705,-0.44250059127807617
00-0001766,,2000,TE,2.231250047683716,-0.46875
00-0019726,,2000,WR,5.865000247955322,-0.4724998474121094
00-0014790,,2000,WR,5.862500190734863,-0.47499990463256836
00-0000232,,2000,RB,2.0999999046325684,-0.5187501907348637
00-0004200,,2000,RB,2.09375,-0.5250000953674321
00-0016321,,2000,RB,2.0625,-0.5562500953674321
00-0019614,,2000,RB,2.0,-0.6187500953674321
00-0014211,,2000,TE,1.956249952316284,-0.7437500953674319
00-0011869,,2000,RB,1.8312500715255735,-0.7875000238418586
00-0004916,,2000,RB,1.8249999284744265,-0.7937501668930056
00-0008442,,2000,QB,7.460000038146973,-0.8137502670288086
00-0019471,,2000,RB,1.756250023841858,-0.8625000715255742
00-0004673,,2000,WR,5.46875,-0.8687500953674316
00-0009550,,2000,TE,1.806249976158142,-0.8937500715255737
00-0002565,,2000,TE,1.7874999046325684,-0.9125001430511475
00-0002873,,2000,RB,1.681249976158142,-0.93750011920929
00-0014655,,2000,TE,1.75,-0.9500000476837158
00-0010007,,2000,WR,5.337500095367432,-1.0
00-0014319,,2000,WR,5.293749809265137,-1.043750286102295
00-0002586,,2000,TE,1.625,-1.0750000476837158
00-0000242,,2000,TE,1.6187500953674316,-1.0812499523162842
00-0017356,,2000,TE,1.618749976158142,-1.0812500715255737
00-0008196,,2000,RB,1.524999976158142,-1.09375011920929
00-0019382,,2000,RB,1.4812500476837158,-1.1375000476837163
00-0007389,,2000,RB,1.443750023841858,-1.1750000715255742
00-0009323,,2000,TE,1.506250023841858,-1.193750023841858
00-0013422,,2000,TE,1.4874999523162842,-1.2125000953674316
00-0012556,,2000,RB,1.40625,-1.212500095367432
00-0019650,,2000,WR,5.112500190734863,-1.2249999046325684
00-0000883,,2000,TE,1.46875,-1.2312500476837158
00-0003136,,2000,RB,1.368749976158142,-1.25000011920929
00-0011573,,2000,RB,1.368749976158142,-1.25000011920929
00-0005363,,2000,QB,7.008749961853027,-1.265000343322754
00-0001862,,2000,TE,1.399999976158142,-1.3000000715255737
00-0017896,,2000,RB,1.2999999523162842,-1.318750143051148
00-0001823,,2000,QB,6.922500133514404,-1.351250171661377
00-0008046,,2000,RB,1.243749976158142,-1.37500011920929
00-0014450,,2000,RB,1.225000023841858,-1.3937500715255742
00-0002876,,2000,QB,6.855000019073486,-1.418750286102295
00-0004524,,2000,TE,1.2374999523162842,-1.4625000953674316
00-0010240,,2000,RB,1.15625,-1.462500095367432
00-0003142,,2000,TE,1.212499976158142,-1.4875000715255737
00-0000911,,2000,TE,1.1375000476837158,-1.5625
00-0005860,,2000,TE,1.09375,-1.6062500476837158
00-0017892,,2000,RB,0.987500011920929,-1.6312500834465031
00-0007795,,2000,RB,0.925000011920929,-1.6937500834465031
00-0019673,,2000,RB,0.918749988079071,-1.700000107288361
00-0011341,,2000,RB,0.8999999761581421,-1.71875011920929
00-0007213,,2000,TE,0.949999988079071,-1.7500000596046448
00-0008060,,2000,WR,4.581250190734863,-1.7562499046325684
00-0010843,,2000,WR,4.556250095367432,-1.78125
00-0019093,,2000,TE,0.9187500476837158,-1.78125
00-0008190,,2000,TE,0.912500023841858,-1.787500023841858
00-0006666,,2000,TE,0.893750011920929,-1.8062500357627869
00-0008903,,2000,TE,0.893750011920929,-1.8062500357627869
00-0006133,,2000,TE,0.8875000476837158,-1.8125
00-0019721,,2000,WR,4.46875,-1.8687500953674316
00-0005816,,2000,RB,0.75,-1.868750095367432
00-0011439,,2000,TE,0.8125,-1.8875000476837158
00-0018971,,2000,RB,0.71875,-1.900000095367432
00-0019533,,2000,RB,0.71875,-1.900000095367432
00-0000007,,2000,RB,0.6499999761581421,-1.96875011920929
00-0003400,,2000,TE,0.706250011920929,-1.9937500357627869
00-0009288,,2000,RB,0.625,-1.993750095367432
00-0003266,,2000,TE,0.6187499761581421,-2.0812500715255737
00-0006804,,2000,TE,0.6187499761581421,-2.0812500715255737
00-0005854,,2000,TE,0.6000000238418579,-2.100000023841858
00-0008400,,2000,WR,4.224999904632568,-2.1125001907348633
00-0012370,,2000,RB,0.5,-2.118750095367432
00-0000781,,2000,RB,0.4875000119209289,-2.131250083446503
00-0019025,,2000,RB,0.481249988079071,-2.137500107288361
00-0015152,,2000,RB,0.4437499940395355,-2.1750001013278966
00-0006989,,2000,RB,0.4375,-2.181250095367432
00-0002380,,2000,RB,0.4312499761581421,-2.18750011920929
00-0004508,,2000,RB,0.4250000119209289,-2.193750083446503
00-0018977,,2000,RB,0.4249999523162842,-2.193750143051148
00-0010598,,2000,TE,0.5,-2.200000047683716
00-0005589,,2000,QB,6.065000057220459,-2.2087502479553223
00-0011506,,2000,RB,0.4000000059604645,-2.2187500894069676
00-0013958,,2000,RB,0.375,-2.243750095367432
00-0018958,,2000,WR,4.081250190734863,-2.2562499046325684
00-0003681,,2000,TE,0.4375,-2.262500047683716
00-0015601,,2000,RB,0.3499999940395355,-2.2687501013278966
00-0013712,,2000,TE,0.40625,-2.293750047683716
00-0013298,,2000,TE,0.387499988079071,-2.3125000596046448
00-0003803,,2000,TE,0.356249988079071,-2.3437500596046448
00-0017480,,2000,TE,0.3125,-2.387500047683716
00-0010632,,2000,RB,0.2312500029802322,-2.3875000923872
00-0019473,,2000,RB,0.2125000059604644,-2.4062500894069676
00-0004637,,2000,TE,0.2874999940395355,-2.4125000536441803
00-0010951,,2000,RB,0.2062499970197677,-2.4125000983476643
00-0009738,,2000,RB,0.2000000029802322,-2.4187500923872
00-0013792,,2000,TE,0.262499988079071,-2.4375000596046448
00-0007546,,2000,RB,0.1749999970197677,-2.4437500983476643
00-0019516,,2000,RB,0.1749999970197677,-2.4437500983476643
00-0000387,,2000,WR,3.887500047683716,-2.450000047683716
00-0013785,,2000,RB,0.1687500029802322,-2.4500000923872
00-0019466,,2000,RB,0.1500000059604644,-2.4687500894069676
00-0004541,,2000,WR,3.849999904632568,-2.4875001907348637
00-0019649,,2000,RB,0.125,-2.493750095367432
00-0010477,,2000,WR,3.818749904632568,-2.5187501907348637
00-0018568,,2000,RB,0.09375,-2.525000095367432
00-0018501,,2000,RB,0.0874999985098838,-2.531250096857548
00-0008723,,2000,TE,0.1375000029802322,-2.5625000447034836
00-0002459,,2000,RB,0.0562499985098838,-2.562500096857548
00-0011392,,2000,RB,0.050000000745058,-2.568750094622374
00-0012515,,2000,RB,0.050000000745058,-2.568750094622374
00-0017829,,2000,RB,0.050000000745058,-2.568750094622374
00-0010599,,2000,WR,3.768749952316284,-2.5687501430511475
00-0006155,,2000,RB,0.0437500029802322,-2.5750000923872
00-0019238,,2000,RB,0.0375000014901161,-2.581250093877316
00-0018608,,2000,TE,0.1124999970197677,-2.587500050663948
00-0019290,,2000,TE,0.1124999970197677,-2.587500050663948
00-0009237,,2000,TE,0.1062500029802322,-2.5937500447034836
00-0011236,,2000,TE,0.1062500029802322,-2.5937500447034836
00-0004595,,2000,RB,0.0125000001862645,-2.6062500951811676
00-0019464,,2000,TE,0.0874999985098838,-2.612500049173832
00-0019486,,2000,TE,0.0874999985098838,-2.612500049173832
00-0008391,,2000,RB,0.0,-2.618750095367432
00-0019576,,2000,RB,0.0,-2.618750095367432
00-0019127,,2000,TE,0.0687500014901161,-2.6312500461935997
00-0000003,,2000,RB,-0.0125000001862645,-2.6312500955536966
00-0004293,,2000,QB,5.632500171661377,-2.6412501335144043
00-0019028,,2000,RB,-0.0750000029802322,-2.6937500983476643
00-0004172,,2000,TE,0.0,-2.700000047683716
00-0006458,,2000,TE,0.0,-2.700000047683716
00-0008346,,2000,TE,0.0,-2.700000047683716
00-0016677,,2000,TE,0.0,-2.700000047683716
00-0019207,,2000,TE,0.0,-2.700000047683716
00-0002469,,2000,WR,3.631249904632568,-2.7062501907348637
00-0013097,,2000,WR,3.518749952316284,-2.8187501430511475
00-0016214,,2000,WR,3.4937498569488525,-2.843750238418579
00-0018382,,2000,WR,3.4749999046325684,-2.8625001907348633
00-0008962,,2000,WR,3.450000047683716,-2.887500047683716
00-0009869,,2000,WR,3.445000171661377,-2.8924999237060547
00-0000722,,2000,QB,5.326250076293945,-2.947500228881836
00-0007120,,2000,WR,3.0500001907348637,-3.287499904632568
00-0001842,,2000,WR,2.9749999046325684,-3.3625001907348633
00-0019642,,2000,WR,2.956249952316284,-3.3812501430511475
00-0007103,,2000,WR,2.9375,-3.4000000953674316
00-0015811,,2000,WR,2.856250047683716,-3.481250047683716
00-0009715,,2000,QB,4.784999847412109,-3.488750457763672
00-0006322,,2000,WR,2.7562499046325684,-3.5812501907348633
00-0019543,,2000,WR,2.737499952316284,-3.6000001430511475
00-0008841,,2000,WR,2.700000047683716,-3.637500047683716
00-0014918,,2000,WR,2.6937499046325684,-3.6437501907348633
00-0003535,,2000,QB,4.616250038146973,-3.6575002670288086
00-0008357,,2000,WR,2.674999952316284,-3.6625001430511475
00-0005885,,2000,QB,4.610000133514404,-3.663750171661377
00-0017611,,2000,WR,2.6687498092651367,-3.668750286102295
00-0015754,,2000,WR,2.625,-3.7125000953674316
00-0008598,,2000,WR,2.59375,-3.7437500953674316
00-0019231,,2000,WR,2.4750001430511475,-3.862499952316284
00-0004780,,2000,WR,2.400000095367432,-3.9374999999999996
00-0003175,,2000,WR,2.387500047683716,-3.950000047683716
00-0019604,,2000,WR,2.387500047683716,-3.950000047683716
00-0017110,,2000,WR,2.3187499046325684,-4.018750190734863
00-0013512,,2000,WR,2.2874999046325684,-4.050000190734863
00-0016654,,2000,WR,2.237499952316284,-4.1000001430511475
00-0019670,,2000,WR,2.212500095367432,-4.125
00-0006808,,2000,QB,4.103749752044678,-4.1700005531311035
00-0012953,,2000,WR,2.137500047683716,-4.200000047683716
00-0003761,,2000,QB,4.03125,-4.242500305175781
00-0000104,,2000,QB,3.99625015258789,-4.277500152587891
00-0019708,,2000,WR,2.03125,-4.306250095367432
00-0019606,,2000,WR,1.756250023841858,-4.581250071525574
00-0010824,,2000,WR,1.75,-4.587500095367432
00-0004915,,2000,WR,1.6875,-4.650000095367432
00-0018056,,2000,WR,1.649999976158142,-4.6875001192092896
00-0013499,,2000,WR,1.6437499523162842,-4.6937501430511475
00-0007749,,2000,WR,1.6124999523162842,-4.7250001430511475
00-0019461,,2000,WR,1.5437499284744265,-4.793750166893005
00-0002005,,2000,WR,1.4375,-4.900000095367432
00-0019660,,2000,WR,1.4187500476837158,-4.918750047683716
00-0015082,,2000,QB,3.346250057220459,-4.927500247955322
00-0019662,,2000,WR,1.40625,-4.931250095367432
00-0004694,,2000,WR,1.399999976158142,-4.9375001192092896
00-0019505,,2000,WR,1.350000023841858,-4.987500071525574
00-0002942,,2000,WR,1.274999976158142,-5.0625001192092896
00-0004888,,2000,WR,1.21875,-5.118750095367432
00-0017470,,2000,WR,1.2062499523162842,-5.1312501430511475
00-0019481,,2000,WR,1.1749999523162842,-5.1625001430511475
00-0000598,,2000,WR,1.1375000476837158,-5.200000047683716
00-0019491,,2000,WR,1.087499976158142,-5.2500001192092896
00-0005720,,2000,WR,1.0125000476837158,-5.325000047683716
00-0016811,,2000,WR,0.912500023841858,-5.425000071525574
00-0002544,,2000,WR,0.90625,-5.431250095367432
00-0000872,,2000,WR,0.8999999761581421,-5.4375001192092896
00-0004634,,2000,WR,0.831250011920929,-5.506250083446503
00-0010892,,2000,WR,0.8187500238418579,-5.518750071525574
00-0005231,,2000,WR,0.8125,-5.525000095367432
00-0015507,,2000,WR,0.737500011920929,-5.600000083446503
00-0017847,,2000,WR,0.71875,-5.618750095367432
00-0019350,,2000,WR,0.6625000238418579,-5.675000071525574
00-0012321,,2000,WR,0.6499999761581421,-5.6875001192092896
00-0001317,,2000,WR,0.643750011920929,-5.693750083446503
00-0011434,,2000,QB,2.565000057220459,-5.708750247955322
00-0001783,,2000,WR,0.625,-5.712500095367432
00-0019338,,2000,WR,0.625,-5.712500095367432
00-0007798,,2000,WR,0.5874999761581421,-5.7500001192092896
00-0019255,,2000,WR,0.5874999761581421,-5.7500001192092896
00-0003944,,2000,WR,0.574999988079071,-5.762500107288361
00-0012726,,2000,QB,2.492499828338623,-5.781250476837158
00-0010560,,2000,QB,2.466249942779541,-5.80750036239624
00-0001848,,2000,WR,0.5062500238418579,-5.831250071525574
00-0000869,,2000,WR,0.5,-5.837500095367432
00-0006777,,2000,WR,0.4875000119209289,-5.850000083446503
00-0004055,,2000,WR,0.375,-5.962500095367432
00-0006212,,2000,QB,2.2387499809265137,-6.035000324249268
00-0002787,,2000,QB,2.226250171661377,-6.047500133514404
00-0012569,,2000,WR,0.2875000238418579,-6.050000071525574
00-0006431,,2000,WR,0.28125,-6.056250095367432
00-0000765,,2000,WR,0.2374999970197677,-6.100000098347664
00-0008229,,2000,WR,0.21875,-6.118750095367432
00-0019027,,2000,WR,0.2125000059604644,-6.125000089406967
00-0001719,,2000,WR,0.2000000029802322,-6.137500092387199
00-0019206,,2000,WR,0.2000000029802322,-6.137500092387199
00-0011213,,2000,WR,0.1500000059604644,-6.187500089406967
00-0005903,,2000,WR,0.125,-6.212500095367432
00-0019109,,2000,WR,0.125,-6.212500095367432
00-0004463,,2000,WR,0.1187499985098838,-6.218750096857548
00-0015970,,2000,WR,0.1124999970197677,-6.225000098347664
00-0016821,,2000,WR,0.1124999970197677,-6.225000098347664
00-0019552,,2000,WR,0.1124999970197677,-6.225000098347664
00-0004633,,2000,WR,0.1000000014901161,-6.2375000938773155
00-0019703,,2000,WR,0.1000000014901161,-6.2375000938773155
00-0008156,,2000,WR,0.09375,-6.243750095367432
00-0007834,,2000,QB,1.951249957084656,-6.3225003480911255
00-0001627,,2000,WR,0.0,-6.337500095367432
00-0008109,,2000,WR,0.0,-6.337500095367432
00-0008575,,2000,WR,0.0,-6.337500095367432
00-0008763,,2000,WR,0.0,-6.337500095367432
00-0016232,,2000,WR,0.0,-6.337500095367432
00-0019021,,2000,WR,0.0,-6.337500095367432
00-0015759,,2000,WR,-0.0062500014901161,-6.343750096857548
00-0012261,,2000,QB,1.4149999618530271,-6.858750343322754
00-0011276,,2000,QB,1.2212499380111694,-7.052500367164612
00-0009007,,2000,QB,1.1399999856948853,-7.133750319480896
00-0010455,,2000,QB,1.1050000190734863,-7.168750286102295
00-0001907,,2000,QB,1.0425000190734863,-7.231250286102295
00-0019087,,2000,QB,0.8337500095367432,-7.440000295639038
00-0011378,,2000,QB,0.7212499976158142,-7.552500307559967
00-0011524,,2000,QB,0.6575000286102295,-7.616250276565552
00-0007835,,2000,QB,0.6274999976158142,-7.646250307559967
00-0007091,,2000,QB,0.4787499904632568,-7.795000314712524
00-0019559,,2000,QB,0.4174999892711639,-7.856250315904617
00-0010137,,2000,QB,0.4024999737739563,-7.871250331401825
00-0009868,,2000,QB,0.3687500059604645,-7.905000299215317
00-0001272,,2000,QB,0.3187499642372131,-7.955000340938568
00-0019442,,2000,QB,0.3100000023841858,-7.9637503027915955
00-0006410,,2000,QB,0.293749988079071,-7.98000031709671
00-0001785,,2000,QB,0.2049999982118606,-8.06875030696392
00-0018272,,2000,QB,0.1925000250339508,-8.08125028014183
00-0016838,,2000,QB,0.1675000041723251,-8.106250301003456
00-0019553,,2000,QB,0.09375,-8.180000305175781
00-0003600,,2000,QB,0.0874999985098838,-8.186250306665897
00-0019709,,2000,QB,0.0474999994039535,-8.226250305771828
00-0005600,,2000,QB,0.0399999991059303,-8.233750306069851
00-0018483,,2000,QB,0.0350000001490116,-8.23875030502677
00-0019278,,2000,QB,0.0199999995529651,-8.253750305622816
00-0019596,T.Brady,2000,QB,0.0149999996647238,-8.258750305511057
00-0007059,,2000,QB,0.0,-8.273750305175781
00-0019192,,2000,QB,0.0,-8.273750305175781
00-0019682,,2000,QB,-0.0062500000931322,-8.280000305268914
00-0019622,,2000,QB,-0.0112500004470348,-8.285000305622816
00-0013338,,2000,QB,-0.0125000001862645,-8.286250305362046
00-0018333,,2000,QB,-0.0125000001862645,-8.286250305362046
00-0019623,,2000,QB,-0.0162499994039535,-8.290000304579735
00-0007832,,2000,QB,-0.018750000745058,-8.29250030592084
00-0005794,,2000,QB,-0.025000000372529,-8.29875030554831
00-0004229,,2000,QB,-0.0750000029802322,-8.348750308156013
00-0011640,,2000,QB,-0.1299999952316284,-8.40375030040741
00-0019579,,2000,QB,-0.1375000029802322,-8.411250308156013
00-0000251,,2000,,5.856249809265137,
00-0000339,,2000,,11.524999618530272,
00-0001102,,2000,,0.7562499642372131,
00-0002027,,2000,,0.21875,
00-0002846,,2000,,10.581250190734863,
00-0002970,,2000,,4.762499809265137,
00-0004768,,2000,,2.481250047683716,
00-0005229,,2000,,0.5875000357627869,
00-0005348,,2000,,0.1875,
00-0005361,,2000,,2.731250047683716,
00-0005822,,2000,,0.949999988079071,
00-0006482,,2000,,0.993749976158142,
00-0007254,,2000,,3.90625,
00-0007357,,2000,,3.0625,
00-0007579,,2000,,3.0,
00-0009417,,2000,,1.6375000476837158,
00-0009960,,2000,,1.0499999523162842,
00-0010292,,2000,,0.5375000238418579,
00-0011718,,2000,,0.0750000029802322,
00-0011958,,2000,,1.3937499523162842,
00-0013694,,2000,,11.824999809265137,
00-0013773,,2000,,2.706249952316284,
00-0014733,,2000,,0.2687500119209289,
00-0014775,,2000,,0.5687500238418579,
00-0015420,,2000,,0.8999999761581421,
00-0015830,,2000,,2.75,
00-0016316,,2000,,3.012500047683716,
00-0018141,,2000,,0.550000011920929,
00-0019100,,2000,,3.59375,
00-0019135,,2000,,0.7250000238418579,
00-0019587,,2000,,1.975000023841858,
00-0005092,,1999,RB,23.393749237060547,19.91249918937683
00-0008241,,1999,RB,22.518749237060547,19.03749918937683
00-0007024,,1999,WR,21.868749618530277,15.10624980926514
00-0005883,,1999,RB,18.068750381469727,14.58750033378601
00-0009829,,1999,RB,17.456249237060547,13.974999189376831
00-0004052,,1999,RB,16.981250762939453,13.500000715255737
00-0015218,,1999,WR,19.725000381469727,12.96250057220459
00-0005779,,1999,RB,16.262500762939453,12.781250715255737
00-0015165,,1999,RB,15.631250381469728,12.150000333786013
00-0010442,,1999,RB,15.387499809265137,11.906249761581421
00-0006101,,1999,TE,14.056249618530272,11.856249570846556
00-0011754,,1999,WR,18.5987491607666,11.836249351501465
00-0017109,,1999,TE,13.449999809265137,11.249999761581421
00-0017322,,1999,RB,14.425000190734863,10.943750143051147
00-0017200,,1999,QB,18.571250915527344,10.897500991821289
00-0001218,,1999,QB,18.43874931335449,10.764999389648434
00-0002721,,1999,WR,17.399999618530273,10.637499809265137
00-0015523,,1999,RB,14.006250381469728,10.525000333786013
00-0013888,,1999,WR,17.243749618530273,10.481249809265137
00-0011795,,1999,WR,16.618749618530273,9.856249809265137
00-0003700,,1999,WR,16.287500381469727,9.52500057220459
00-0009288,,1999,RB,12.936249732971191,9.454999685287476
00-0002058,,1999,WR,16.181249618530273,9.418749809265137
00-0004304,,1999,RB,12.699999809265137,9.218749761581421
00-0008561,,1999,WR,15.824999809265137,9.0625
00-0015698,,1999,RB,12.21875,8.737499952316284
00-0017486,,1999,RB,12.09375,8.612499952316284
00-0005816,,1999,RB,12.050000190734863,8.568750143051147
00-0008300,,1999,WR,15.300000190734863,8.537500381469727
00-0004916,,1999,RB,11.862500190734863,8.381250143051147
00-0005741,,1999,QB,16.041250228881836,8.367500305175781
00-0002099,,1999,WR,15.087499618530272,8.324999809265135
00-0017470,,1999,WR,15.043749809265137,8.28125
00-0008060,,1999,WR,14.9375,8.175000190734863
00-0001215,,1999,RB,11.5649995803833,8.083749532699585
00-0004640,,1999,RB,11.53125,8.049999952316284
00-0010346,,1999,QB,15.630000114440918,7.956250190734863
00-0016550,,1999,WR,14.606249809265137,7.84375
00-0018343,,1999,TE,9.383749961853027,7.1837499141693115
00-0000745,,1999,RB,10.637499809265137,7.156249761581421
00-0004574,,1999,TE,9.28125,7.081249952316284
00-0008442,,1999,QB,14.66374969482422,6.989999771118166
00-0010539,,1999,WR,13.662500381469728,6.900000572204592
00-0011727,,1999,WR,13.587499618530272,6.824999809265135
00-0005562,,1999,WR,13.574999809265137,6.8125
00-0013622,,1999,RB,10.243749618530272,6.762499570846556
00-0003378,,1999,WR,13.368749618530272,6.606249809265135
00-0000232,,1999,RB,10.074999809265137,6.593749761581421
00-0010650,,1999,WR,13.256250381469728,6.493750572204592
00-0008560,,1999,WR,13.168749809265137,6.40625
00-0014489,,1999,WR,12.943750381469728,6.181250572204592
00-0008059,,1999,WR,12.893750190734863,6.131250381469727
00-0004915,,1999,WR,12.84375,6.081250190734863
00-0010599,,1999,WR,12.806249618530272,6.043749809265135
00-0011770,,1999,WR,12.78125,6.018750190734863
00-0014544,,1999,WR,12.762499809265137,6.0
00-0015286,,1999,RB,9.475000381469728,5.9937503337860125
00-0007969,,1999,RB,9.412500381469728,5.9312503337860125
00-0015048,,1999,TE,8.131250381469727,5.931250333786011
00-0008749,,1999,TE,8.0625,5.862499952316284
00-0006043,,1999,WR,12.59375,5.831250190734863
00-0001224,,1999,RB,9.231249809265137,5.749999761581421
00-0005363,,1999,QB,13.375,5.701250076293945
00-0015290,,1999,WR,12.462499618530272,5.699999809265135
00-0010668,,1999,WR,12.443750381469728,5.681250572204592
00-0011425,,1999,TE,7.875,5.674999952316284
00-0005106,,1999,QB,13.238750457763672,5.565000534057617
00-0004077,,1999,WR,12.324999809265137,5.5625
00-0010477,,1999,WR,12.287500381469728,5.525000572204592
00-0007520,,1999,RB,8.94374942779541,5.462499380111694
00-0007468,,1999,WR,11.949999809265137,5.1875
00-0017915,,1999,RB,8.625,5.143749952316284
00-0011869,,1999,RB,8.262499809265137,4.781249761581421
00-0011024,,1999,QB,12.43000030517578,4.756250381469725
00-0001361,,1999,QB,12.428750038146973,4.755000114440918
00-0013728,,1999,TE,6.912499904632568,4.7124998569488525
00-0013639,,1999,WR,11.331250190734863,4.568750381469727
00-0009550,,1999,TE,6.724999904632568,4.5249998569488525
00-0016098,,1999,RB,7.96875,4.487499952316284
00-0006300,,1999,QB,11.962499618530272,4.288749694824217
00-0002110,,1999,QB,11.9375,4.263750076293945
00-0014328,,1999,WR,11.024999618530272,4.262499809265135
00-0009038,,1999,RB,7.71875,4.237499952316284
00-0009311,,1999,QB,11.776249885559082,4.102499961853027
00-0004294,,1999,TE,6.243750095367432,4.043750047683716
00-0009163,,1999,WR,10.6875,3.9250001907348633
00-0013262,,1999,RB,7.40625,3.924999952316284
00-0002861,,1999,TE,5.800000190734863,3.6000001430511475
00-0012953,,1999,WR,10.30875015258789,3.546250343322754
00-0001335,,1999,QB,11.168749809265137,3.494999885559082
00-0000145,,1999,WR,10.212499618530272,3.449999809265135
00-0017162,,1999,WR,10.212499618530272,3.449999809265135
00-0004780,,1999,WR,10.149999618530272,3.387499809265135
00-0013080,,1999,TE,5.568749904632568,3.3687498569488525
00-0005668,,1999,WR,10.087499618530272,3.324999809265135
00-0000942,,1999,RB,6.737500190734863,3.2562501430511475
00-0013712,,1999,TE,5.375,3.174999952316284
00-0004673,,1999,WR,9.731249809265137,2.96875
00-0012478,,1999,WR,9.731249809265137,2.96875
00-0013097,,1999,WR,9.693750381469728,2.9312505722045916
00-0008529,,1999,RB,6.400000095367432,2.918750047683716
00-0017209,,1999,RB,6.393749713897705,2.9124996662139893
00-0005885,,1999,QB,10.553750038146973,2.880000114440918
00-0006210,,1999,WR,9.637499809265137,2.875
00-0003142,,1999,TE,5.0625,2.862499952316284
00-0006331,,1999,WR,9.618749618530272,2.856249809265135
00-0011551,,1999,TE,5.037499904632568,2.8374998569488525
00-0000104,,1999,QB,10.487500190734863,2.8137502670288086
00-0001862,,1999,TE,4.96875,2.768749952316284
00-0007681,,1999,WR,9.431249618530272,2.668749809265135
00-0000166,,1999,TE,4.862500190734863,2.6625001430511475
00-0015091,,1999,RB,6.087500095367432,2.606250047683716
00-0006627,,1999,WR,9.34375,2.5812501907348633
00-0001661,,1999,TE,4.662499904632568,2.4624998569488525
00-0017924,,1999,TE,4.662499904632568,2.4624998569488525
00-0006423,,1999,QB,10.12125015258789,2.447500228881836
00-0005324,,1999,RB,5.849999904632568,2.3687498569488525
00-0008313,,1999,WR,9.112500190734863,2.3500003814697266
00-0010859,,1999,TE,4.525000095367432,2.325000047683716
00-0017480,,1999,TE,4.481249809265137,2.281249761581421
00-0004694,,1999,WR,9.006250381469727,2.24375057220459
00-0005101,,1999,TE,4.425000190734863,2.2250001430511475
00-0011399,,1999,RB,5.59375,2.112499952316284
00-0005755,,1999,QB,9.7212495803833,2.047499656677246
00-0004524,,1999,TE,4.243750095367432,2.043750047683716
00-0006047,,1999,TE,4.168749809265137,1.968749761581421
00-0003103,,1999,TE,4.15625,1.9562499523162842
00-0009599,,1999,RB,5.4375,1.9562499523162842
00-0003535,,1999,QB,9.6225004196167,1.9487504959106445
00-0003039,,1999,TE,4.118750095367432,1.9187500476837158
00-0008723,,1999,TE,4.068749904632568,1.8687498569488525
00-0006949,,1999,TE,3.981250047683716,1.78125
00-0015063,,1999,WR,8.475000381469727,1.7125005722045898
00-0000871,,1999,RB,5.162499904632568,1.6812498569488525
00-0012480,,1999,RB,5.150000095367432,1.6687500476837158
00-0008046,,1999,RB,5.125,1.6437499523162842
00-0000003,,1999,RB,5.106249809265137,1.624999761581421
00-0002459,,1999,RB,5.099999904632568,1.6187498569488525
00-0007436,,1999,RB,5.049999713897705,1.5687496662139893
00-0007744,,1999,WR,8.193750381469727,1.4312505722045898
00-0001627,,1999,WR,8.143750190734863,1.3812503814697266
00-0011601,,1999,WR,8.068750381469727,1.3062505722045898
00-0013013,,1999,RB,4.708749771118164,1.2274997234344482
00-0002876,,1999,QB,8.875,1.2012500762939453
00-0013785,,1999,RB,4.675000190734863,1.1937501430511475
00-0002962,,1999,WR,7.949999809265137,1.1875
00-0017697,,1999,WR,7.918750286102295,1.1562504768371582
00-0017218,,1999,RB,4.574999809265137,1.093749761581421
00-0004063,,1999,TE,3.275000095367432,1.0750000476837163
00-0006848,,1999,TE,3.262500047683716,1.0625
00-0015195,,1999,TE,3.262500047683716,1.0625
00-0016214,,1999,WR,7.799999713897705,1.0374999046325684
00-0011081,,1999,RB,4.462500095367432,0.9812500476837158
00-0004972,,1999,RB,4.331250190734863,0.8500001430511475
00-0007661,,1999,RB,4.256249904632568,0.7749998569488525
00-0011675,,1999,RB,4.256249904632568,0.7749998569488525
00-0000865,,1999,QB,8.438750267028809,0.7650003433227539
00-0014722,,1999,TE,2.837500095367432,0.6375000476837163
00-0013512,,1999,WR,7.34375,0.5812501907348633
00-0000856,,1999,RB,3.981250047683716,0.5
00-0010747,,1999,RB,3.943750143051148,0.4625000953674321
00-0004091,P.Dawson,1999,K,0.4000000059604645,0.4000000059604645
00-0006456,,1999,RB,3.875,0.3937499523162842
00-0000722,,1999,QB,8.063750267028809,0.3900003433227539
00-0015242,,1999,RB,3.849999904632568,0.3687498569488521
00-0003271,,1999,RB,3.787499904632568,0.3062498569488521
00-0016347,,1999,TE,2.5,0.2999999523162842
00-0010137,,1999,QB,7.947500228881836,0.27375030517578125
00-0014759,,1999,RB,3.712500095367432,0.23125004768371626
00-0015655,,1999,RB,3.712500095367432,0.23125004768371626
00-0013499,,1999,WR,6.974999904632568,0.21250009536743164
00-0006808,,1999,QB,7.872499942779541,0.19875001907348633
00-0002942,,1999,WR,6.956250190734863,0.19375038146972656
00-0007389,,1999,RB,3.5625,0.08124995231628418
00-0013792,,1999,TE,2.268749952316284,0.06874990463256836
00-0012931,,1999,RB,3.5375001430511475,0.05625009536743164
00-0002102,,1999,TE,2.2249999046325684,0.02499985694885254
00-0003395,,1999,K,0.0,0.0
00-0006803,,1999,RB,3.481250047683716,0.0
00-0008400,,1999,WR,6.762499809265137,0.0
00-0009443,,1999,TE,2.200000047683716,0.0
00-0015700,,1999,QB,7.673749923706055,0.0
00-0003266,,1999,TE,2.087500095367432,-0.11249995231628374
00-0015053,,1999,TE,2.087500095367432,-0.11249995231628374
00-0009842,,1999,TE,2.0375001430511475,-0.16249990463256836
00-0014350,,1999,TE,2.025000095367432,-0.17499995231628374
00-0003663,,1999,RB,3.293750047683716,-0.1875
00-0003396,,1999,WR,6.5625,-0.19999980926513672
00-0005091,,1999,RB,3.28125,-0.20000004768371582
00-0018608,,1999,TE,1.981250047683716,-0.21874999999999978
00-0014450,,1999,RB,3.262500047683716,-0.21875
00-0001281,,1999,TE,1.9437499046325684,-0.25625014305114746
00-0011506,,1999,RB,3.1750001907348637,-0.3062498569488521
00-0000422,,1999,WR,6.449999809265137,-0.3125
00-0007093,,1999,WR,6.425000190734863,-0.33749961853027344
00-0014655,,1999,TE,1.84375,-0.3562500476837158
00-0010824,,1999,WR,6.393750190734863,-0.36874961853027344
00-0000883,,1999,TE,1.831249952316284,-0.36875009536743186
00-0008570,,1999,RB,3.056250095367432,-0.42499995231628374
00-0000242,,1999,TE,1.712499976158142,-0.48750007152557373
00-0000911,,1999,TE,1.662500023841858,-0.5375000238418579
00-0001532,,1999,WR,6.206250190734863,-0.5562496185302734
00-0016534,,1999,QB,7.086250305175781,-0.5874996185302734
00-0008572,,1999,TE,1.6124999523162842,-0.5875000953674316
00-0005589,,1999,QB,6.983749866485596,-0.690000057220459
00-0011068,,1999,TE,1.506250023841858,-0.6937500238418579
00-0015751,,1999,WR,6.056250095367432,-0.7062497138977051
00-0005110,,1999,RB,2.7249999046325684,-0.7562501430511475
00-0003292,,1999,QB,6.894999980926514,-0.778749942779541
00-0004172,,1999,TE,1.4187500476837158,-0.78125
00-0006324,,1999,TE,1.4187499284744265,-0.7812501192092893
00-0009119,,1999,TE,1.412500023841858,-0.7875000238418579
00-0010598,,1999,TE,1.3875000476837158,-0.8125
00-0002586,,1999,TE,1.381250023841858,-0.8187500238418579
00-0017356,,1999,TE,1.3812499046325684,-0.8187501430511475
00-0010107,,1999,RB,2.643749952316284,-0.8375000953674316
00-0008598,,1999,WR,5.912499904632568,-0.8499999046325684
00-0009237,,1999,TE,1.34375,-0.8562500476837158
00-0001766,,1999,TE,1.1749999523162842,-1.0250000953674316
00-0006212,,1999,QB,6.617499828338623,-1.0562500953674316
00-0017027,,1999,TE,1.131250023841858,-1.068750023841858
00-0012971,,1999,TE,1.118749976158142,-1.0812500715255737
00-0016321,,1999,RB,2.3187499046325684,-1.1625001430511475
00-0004054,,1999,RB,2.293750047683716,-1.1875
00-0002068,,1999,WR,5.568749904632568,-1.1937499046325684
00-0010202,,1999,TE,1.006250023841858,-1.193750023841858
00-0010007,,1999,WR,5.537499904632568,-1.2249999046325684
00-0012603,,1999,RB,2.25,-1.2312500476837158
00-0000721,,1999,RB,2.243750095367432,-1.2374999523162837
00-0012556,,1999,RB,2.2437498569488525,-1.2375001907348633
00-0008903,,1999,TE,0.9375,-1.2625000476837158
00-0010379,,1999,QB,6.40749979019165,-1.2662501335144043
00-0013232,,1999,WR,5.474999904632568,-1.2874999046325684
00-0003681,,1999,TE,0.90625,-1.2937500476837158
00-0014211,,1999,TE,0.8500000238418579,-1.350000023841858
00-0006804,,1999,TE,0.762499988079071,-1.4375000596046448
00-0017662,,1999,TE,0.7562500238418579,-1.443750023841858
00-0011224,,1999,TE,0.7374999523162842,-1.4625000953674316
00-0002713,,1999,RB,2.0,-1.4812500476837158
00-0003715,,1999,TE,0.71875,-1.4812500476837158
00-0006133,,1999,TE,0.71875,-1.4812500476837158
00-0011236,,1999,TE,0.6812499761581421,-1.5187500715255737
00-0013422,,1999,TE,0.6812499761581421,-1.5187500715255737
00-0002958,,1999,TE,0.65625,-1.5437500476837158
00-0015452,,1999,TE,0.65625,-1.5437500476837158
00-0003310,,1999,TE,0.637499988079071,-1.5625000596046448
00-0014729,,1999,WR,5.162499904632568,-1.5999999046325684
00-0000210,,1999,RB,1.875,-1.6062500476837158
00-0008210,,1999,WR,5.118750095367432,-1.643749713897705
00-0004004,,1999,TE,0.543749988079071,-1.6562500596046448
00-0003128,,1999,TE,0.53125,-1.6687500476837158
00-0016538,,1999,QB,5.983749866485596,-1.690000057220459
00-0013042,,1999,QB,5.972499847412109,-1.7012500762939453
00-0008430,,1999,RB,1.7687500715255735,-1.7124999761581423
00-0010146,,1999,TE,0.46875,-1.7312500476837158
00-0008190,,1999,TE,0.4624999761581421,-1.7375000715255737
00-0016331,,1999,RB,1.743749976158142,-1.7375000715255737
00-0011392,,1999,RB,1.7249999046325684,-1.7562501430511475
00-0008921,,1999,RB,1.7000000476837158,-1.78125
00-0012317,,1999,TE,0.40625,-1.7937500476837158
00-0006666,,1999,TE,0.3937499821186065,-1.8062500655651093
00-0008454,,1999,WR,4.9375,-1.8249998092651367
00-0001103,,1999,RB,1.649999976158142,-1.8312500715255737
00-0013298,,1999,TE,0.356249988079071,-1.8437500596046448
00-0004293,,1999,QB,5.793749809265137,-1.880000114440918
00-0003803,,1999,TE,0.3062500059604645,-1.8937500417232513
00-0001112,,1999,RB,1.5812499523162842,-1.9000000953674316
00-0012832,,1999,RB,1.537500023841858,-1.943750023841858
00-0016654,,1999,WR,4.8125,-1.9499998092651367
00-0008346,,1999,TE,0.25,-1.9500000476837158
00-0002985,,1999,TE,0.2374999970197677,-1.962500050663948
00-0009323,,1999,TE,0.2062499970197677,-1.993750050663948
00-0013308,,1999,TE,0.1875,-2.012500047683716
00-0013258,,1999,WR,4.71875,-2.0437498092651367
00-0010560,,1999,QB,5.621250152587891,-2.052499771118164
00-0012368,,1999,RB,1.412500023841858,-2.068750023841858
00-0017896,,1999,RB,1.412500023841858,-2.068750023841858
00-0003400,,1999,TE,0.1312499940395355,-2.0687500536441803
00-0011488,,1999,TE,0.1124999970197677,-2.087500050663948
00-0008224,,1999,TE,0.1000000014901161,-2.1000000461935997
00-0010333,,1999,TE,0.1000000014901161,-2.1000000461935997
00-0003035,,1999,TE,0.09375,-2.106250047683716
00-0005060,,1999,TE,0.0500000044703483,-2.1500000432133675
00-0000279,,1999,RB,1.3312499523162842,-2.1500000953674316
00-0017892,,1999,RB,1.318750023841858,-2.162500023841858
00-0001919,,1999,TE,0.0,-2.200000047683716
00-0002565,,1999,TE,0.0,-2.200000047683716
00-0015161,,1999,TE,0.0,-2.200000047683716
00-0016296,,1999,TE,0.0,-2.200000047683716
00-0016677,,1999,TE,0.0,-2.200000047683716
00-0017160,,1999,WR,4.53125,-2.2312498092651367
00-0001938,,1999,RB,1.2000000476837158,-2.28125
00-0001233,,1999,RB,1.1437499523162842,-2.3375000953674316
00-0003136,,1999,RB,1.1437499523162842,-2.3375000953674316
00-0011044,,1999,QB,5.317500114440918,-2.3562498092651367
00-0007835,,1999,QB,5.287499904632568,-2.3862500190734863
00-0004200,,1999,RB,1.037500023841858,-2.443750023841858
00-0007546,,1999,RB,1.03125,-2.450000047683716
00-0012261,,1999,QB,5.191249847412109,-2.4825000762939453
00-0017860,,1999,WR,4.25,-2.5124998092651367
00-0017303,,1999,RB,0.962499976158142,-2.5187500715255737
00-0009869,,1999,WR,4.137500286102295,-2.624999523162842
00-0011022,,1999,QB,5.041249752044678,-2.632500171661377
00-0010436,,1999,RB,0.84375,-2.637500047683716
00-0000387,,1999,WR,4.112500190734863,-2.6499996185302734
00-0004060,,1999,RB,0.8187500238418579,-2.662500023841858
00-0002743,,1999,RB,0.8062500357627869,-2.675000011920929
00-0008391,,1999,RB,0.7562500238418579,-2.725000023841858
00-0006305,,1999,RB,0.75,-2.731250047683716
00-0003344,,1999,RB,0.7437499761581421,-2.7375000715255737
00-0014742,,1999,RB,0.7250000238418579,-2.756250023841858
00-0009738,,1999,RB,0.71875,-2.762500047683716
00-0000316,,1999,RB,0.7062499523162842,-2.7750000953674316
00-0013268,,1999,WR,3.96875,-2.7937498092651367
00-0005616,,1999,WR,3.962500095367432,-2.7999997138977046
00-0004871,,1999,RB,0.625,-2.856250047683716
00-0008196,,1999,RB,0.5687500238418579,-2.912500023841858
00-0005720,,1999,WR,3.837499856948853,-2.9249999523162837
00-0000541,,1999,RB,0.53125,-2.950000047683716
00-0010994,,1999,RB,0.53125,-2.950000047683716
00-0004824,,1999,RB,0.5249999761581421,-2.9562500715255737
00-0011328,,1999,WR,3.787499904632568,-2.974999904632569
00-0018501,,1999,RB,0.4937499761581421,-2.9875000715255737
00-0012515,,1999,RB,0.481249988079071,-3.0000000596046448
00-0014809,,1999,RB,0.481249988079071,-3.0000000596046448
00-0007795,,1999,RB,0.4562500119209289,-3.025000035762787
00-0001477,,1999,WR,3.731250047683716,-3.031249761581421
00-0015152,,1999,RB,0.4375,-3.043750047683716
00-0002544,,1999,WR,3.712500095367432,-3.0499997138977046
00-0012370,,1999,RB,0.40625,-3.075000047683716
00-0003761,,1999,QB,4.577499866485596,-3.096250057220459
00-0014918,,1999,WR,3.662499904632568,-3.099999904632569
00-0007120,,1999,WR,3.65625,-3.1062498092651367
00-0011333,,1999,RB,0.375,-3.106250047683716
00-0013958,,1999,RB,0.375,-3.106250047683716
00-0012946,,1999,RB,0.3687500059604645,-3.1125000417232513
00-0001525,,1999,RB,0.356249988079071,-3.1250000596046448
00-0002873,,1999,RB,0.356249988079071,-3.1250000596046448
00-0011341,,1999,RB,0.3125,-3.168750047683716
00-0000007,,1999,RB,0.2687500119209289,-3.212500035762787
00-0014319,,1999,WR,3.5249998569488525,-3.237499952316284
00-0010240,,1999,RB,0.2312500029802322,-3.2500000447034836
00-0006155,,1999,RB,0.21875,-3.262500047683716
00-0017829,,1999,RB,0.1875,-3.293750047683716
00-0009819,,1999,RB,0.1812500059604644,-3.3000000417232513
00-0017301,,1999,RB,0.1062500029802322,-3.3750000447034836
00-0008751,,1999,RB,0.09375,-3.387500047683716
00-0002380,,1999,RB,0.0874999985098838,-3.393750049173832
00-0006380,,1999,RB,0.0874999985098838,-3.393750049173832
00-0008660,,1999,RB,0.0874999985098838,-3.393750049173832
00-0010951,,1999,RB,0.0874999985098838,-3.393750049173832
00-0008962,,1999,WR,3.362499952316284,-3.3999998569488525
00-0000552,,1999,RB,0.0750000029802322,-3.4062500447034836
00-0005620,,1999,RB,0.025000000372529,-3.456250047311187
00-0008568,,1999,RB,0.0125000001862645,-3.4687500474974513
00-0010194,,1999,RB,0.0125000001862645,-3.4687500474974513
00-0014256,,1999,RB,0.0125000001862645,-3.4687500474974513
00-0013173,,1999,RB,0.0062500000931322,-3.4750000475905836
00-0005903,,1999,WR,3.243750095367432,-3.5187497138977046
00-0004888,,1999,WR,3.237499952316284,-3.5249998569488525
00-0011213,,1999,WR,3.206249952316284,-3.5562498569488525
00-0014790,,1999,WR,3.1812498569488525,-3.581249952316284
00-0002469,,1999,WR,3.1312499046325684,-3.6312499046325684
00-0007144,,1999,WR,3.125,-3.6374998092651367
00-0006322,,1999,WR,3.106250047683716,-3.656249761581421
00-0011276,,1999,QB,4.013750076293945,-3.6599998474121094
00-0011568,,1999,WR,2.981250047683716,-3.781249761581421
00-0007530,,1999,QB,3.831249952316284,-3.8424999713897705
00-0012764,,1999,WR,2.918750047683716,-3.843749761581421
00-0008044,,1999,WR,2.793750047683716,-3.968749761581421
00-0001783,,1999,WR,2.7874999046325684,-3.9749999046325684
00-0011187,,1999,WR,2.7562499046325684,-4.006249904632568
00-0002005,,1999,WR,2.674999952316284,-4.0874998569488525
00-0013770,,1999,WR,2.674999952316284,-4.0874998569488525
00-0002787,,1999,QB,3.5625,-4.111249923706055
00-0011378,,1999,QB,3.536250114440918,-4.137499809265137
00-0004079,,1999,WR,2.5999999046325684,-4.162499904632568
00-0006359,,1999,WR,2.587500095367432,-4.174999713897705
00-0000765,,1999,WR,2.512500047683716,-4.249999761581421
00-0008329,,1999,WR,2.5,-4.262499809265137
00-0007103,,1999,WR,2.4375,-4.324999809265137
00-0001317,,1999,WR,2.4124999046325684,-4.349999904632568
00-0012726,,1999,QB,3.211250066757202,-4.4624998569488525
00-0017847,,1999,WR,2.293750047683716,-4.468749761581421
00-0009266,,1999,QB,3.130000114440918,-4.543749809265137
00-0002701,,1999,WR,1.987499952316284,-4.7749998569488525
00-0015082,,1999,QB,2.8637499809265137,-4.809999942779541
00-0001842,,1999,WR,1.918750047683716,-4.843749761581421
00-0012637,,1999,WR,1.893749952316284,-4.8687498569488525
00-0015507,,1999,WR,1.84375,-4.918749809265137
00-0004230,,1999,QB,2.7325000762939453,-4.941249847412109
00-0012321,,1999,WR,1.649999976158142,-5.112499833106995
00-0011151,,1999,WR,1.6437499523162842,-5.1187498569488525
00-0004161,,1999,QB,2.502500057220459,-5.171249866485596
00-0010796,,1999,WR,1.5374999046325684,-5.224999904632568
00-0006994,,1999,WR,1.524999976158142,-5.237499833106995
00-0008704,,1999,WR,1.5125000476837158,-5.249999761581421
00-0001907,,1999,QB,2.416249990463257,-5.257499933242798
00-0012642,,1999,WR,1.4500000476837158,-5.312499761581421
00-0010500,,1999,WR,1.431249976158142,-5.331249833106995
00-0004463,,1999,WR,1.368749976158142,-5.393749833106995
00-0006431,,1999,WR,1.3125,-5.449999809265137
00-0015723,,1999,WR,1.3125,-5.449999809265137
00-0005180,,1999,QB,2.139999866485596,-5.533750057220459
00-0000627,,1999,WR,1.1749999523162842,-5.5874998569488525
00-0003441,,1999,WR,1.1749999523162842,-5.5874998569488525
00-0000969,,1999,WR,1.15625,-5.606249809265137
00-0003944,,1999,WR,1.131250023841858,-5.631249785423279
00-0003175,,1999,WR,1.125,-5.637499809265137
00-0016440,,1999,WR,1.068750023841858,-5.693749785423279
00-0001719,,1999,WR,1.024999976158142,-5.737499833106995
00-0009007,,1999,QB,1.934999942779541,-5.738749980926514
00-0011244,,1999,QB,1.9049999713897705,-5.768749952316284
00-0001582,,1999,WR,0.962499976158142,-5.799999833106995
00-0018382,,1999,WR,0.962499976158142,-5.799999833106995
00-0000872,,1999,WR,0.8999999761581421,-5.862499833106995
00-0004705,,1999,WR,0.893750011920929,-5.868749797344208
00-0010843,,1999,WR,0.875,-5.887499809265137
00-0006299,,1999,QB,1.7012499570846558,-5.972499966621399
00-0006977,,1999,WR,0.7875000238418579,-5.974999785423279
00-0010092,,1999,WR,0.7875000238418579,-5.974999785423279
00-0004541,,1999,WR,0.7562500238418579,-6.006249785423279
00-0007749,,1999,WR,0.75,-6.012499809265137
00-0016837,,1999,WR,0.75,-6.012499809265137
00-0008612,,1999,QB,1.6262500286102295,-6.047499895095825
00-0017110,,1999,WR,0.6500000357627869,-6.11249977350235
00-0018441,,1999,QB,1.5525000095367432,-6.1212499141693115
00-0005794,,1999,QB,1.4850000143051147,-6.18874990940094
00-0008907,,1999,WR,0.5625,-6.199999809265137
00-0000172,,1999,WR,0.481249988079071,-6.281249821186066
00-0010762,,1999,WR,0.46875,-6.293749809265137
00-0009165,,1999,WR,0.449999988079071,-6.312499821186066
00-0017611,,1999,WR,0.4312500059604645,-6.331249803304672
00-0011854,,1999,WR,0.4250000119209289,-6.337499797344208
00-0010892,,1999,WR,0.418749988079071,-6.343749821186066
00-0007798,,1999,WR,0.375,-6.387499809265137
00-0014753,,1999,WR,0.375,-6.387499809265137
00-0004071,,1999,WR,0.3625000119209289,-6.399999797344208
00-0004386,,1999,WR,0.324999988079071,-6.437499821186066
00-0015811,,1999,WR,0.28125,-6.481249809265137
00-0008575,,1999,WR,0.2687500119209289,-6.493749797344208
00-0015627,,1999,QB,1.1775000095367432,-6.4962499141693115
00-0005231,,1999,WR,0.2562499940395355,-6.506249815225601
00-0013176,,1999,WR,0.2562499940395355,-6.506249815225601
00-0000869,,1999,WR,0.2437499910593032,-6.518749818205833
00-0008229,,1999,WR,0.2000000029802322,-6.5624998062849045
00-0015759,,1999,WR,0.168749988079071,-6.593749821186066
00-0005379,,1999,QB,1.0762499570846558,-6.597499966621399
00-0015331,,1999,WR,0.1500000059604644,-6.612499803304672
00-0009451,,1999,QB,1.0537500381469729,-6.619999885559082
00-0008763,,1999,WR,0.1124999970197677,-6.649999812245369
00-0010942,,1999,WR,0.1124999970197677,-6.649999812245369
00-0016232,,1999,WR,0.1000000014901161,-6.662499807775021
00-0007924,,1999,WR,0.09375,-6.668749809265137
00-0016811,,1999,WR,0.09375,-6.668749809265137
00-0004634,,1999,WR,0.0874999985098838,-6.674999810755253
00-0004229,,1999,QB,0.9399999976158142,-6.7337499260902405
00-0006877,,1999,WR,0.0,-6.762499809265137
00-0008156,,1999,WR,0.0,-6.762499809265137
00-0011932,,1999,WR,0.0,-6.762499809265137
00-0015754,,1999,WR,0.0,-6.762499809265137
00-0016821,,1999,WR,0.0,-6.762499809265137
00-0017922,,1999,WR,0.0,-6.762499809265137
00-0013523,,1999,WR,-0.0562499985098838,-6.818749807775021
00-0018333,,1999,QB,0.6487500071525574,-7.024999916553497
00-0012732,,1999,QB,0.6362500190734863,-7.037499904632568
00-0018483,,1999,QB,0.4687499701976776,-7.204999953508377
00-0007091,,1999,QB,0.4462499916553497,-7.227499932050705
00-0016193,,1999,QB,0.3650000095367431,-7.3087499141693115
00-0008970,,1999,QB,0.2212499976158142,-7.4524999260902405
00-0005902,,1999,QB,0.2150000035762787,-7.458749920129776
00-0011640,,1999,QB,0.1949999928474426,-7.478749930858612
00-0011524,,1999,QB,0.050000000745058,-7.623749922960997
00-0003739,,1999,QB,0.0375000014901161,-7.636249922215939
00-0009868,,1999,QB,0.0337500013411045,-7.63999992236495
00-0003557,,1999,QB,0.0324999988079071,-7.641249924898148
00-0016838,,1999,QB,0.0162499994039535,-7.657499924302101
00-0006410,,1999,QB,0.0099999997764825,-7.663749923929572
00-0007832,,1999,QB,0.0062499996274709,-7.667499924078584
00-0006100,,1999,QB,0.0012499999720603,-7.672499923733994
00-0001471,,1999,QB,-0.0125000001862645,-7.686249923892319
00-0005600,,1999,QB,-0.0125000001862645,-7.686249923892319
00-0018518,,1999,QB,-0.0125000001862645,-7.686249923892319
00-0017415,,1999,QB,-0.025000000372529,-7.698749924078584
00-0001785,,1999,QB,-0.0512499958276748,-7.7249999195337296
00-0011434,,1999,QB,-0.1237500011920929,-7.797499924898148
00-0017121,,1999,QB,-0.1324999928474426,-7.806249916553497
00-0000251,,1999,,11.90625,
00-0000339,,1999,,5.349999904632568,
00-0001102,,1999,,7.662499904632568,
00-0002027,,1999,,3.956249952316284,
00-0002846,,1999,,9.15625,
00-0002970,,1999,,8.300000190734863,
00-0003610,,1999,,2.2562501430511475,
00-0004768,,1999,,3.8562498092651367,
00-0005348,,1999,,0.3000000119209289,
00-0005361,,1999,,3.918750047683716,
00-0005822,,1999,,2.9125001430511475,
00-0006482,,1999,,3.0374999046325684,
00-0007254,,1999,,4.324999809265137,
00-0007357,,1999,,0.0437499992549419,
00-0007579,,1999,,4.974999904632568,
00-0009417,,1999,,3.818749904632568,
00-0009960,,1999,,9.112500190734863,
00-0010292,,1999,,1.3562499284744265,
00-0011718,,1999,,0.0062500000931322,
00-0011958,,1999,,1.7374999523162842,
00-0013694,,1999,,4.775000095367432,
00-0013773,,1999,,5.8125,
00-0014733,,1999,,0.4624999761581421,
00-0014775,,1999,,1.306249976158142,
00-0015420,,1999,,0.03125,
00-0015830,,1999,,0.09375,
00-0016316,,1999,,1.1437499523162842,
00-0016723,,1999,,0.943750023841858,
00-0016842,,1999,,1.0750000476837158,
00-0017337,,1999,,2.6875,
00-0018141,,1999,,1.524999976158142,
